0
5
6
1
3
7
2
4
8
9
22019
22020
14
15
10
12
16
11
13
17
18
22023
22024
23
24
19
21
25
20
22
26
27
22027
22028
32
33
28
30
34
29
31
35
36
22031
22032
41
42
37
39
43
38
40
44
45
22035
22036
50
51
46
48
52
47
49
53
54
22039
22040
59
60
55
57
61
56
58
62
63
22043
22044
68
69
64
66
70
65
67
71
72
22047
22048
77
78
73
75
79
74
76
80
81
22051
22052
86
87
82
84
88
83
85
89
90
22055
22056
95
96
91
93
97
92
94
98
99
22059
22060
104
105
100
102
106
101
103
107
108
22063
22064
113
114
109
111
115
110
112
116
117
22067
22068
122
123
118
120
124
119
121
125
126
22071
22072
131
132
127
129
133
128
130
134
135
22075
22076
140
141
136
138
142
137
139
143
144
22079
22080
145
22016
146
149
150
151
147
148
152
153
22083
22084
156
157
158
154
155
159
160
22086
22087
163
164
165
161
162
166
167
22089
22090
170
171
172
168
169
173
174
22092
22093
177
178
179
175
176
180
181
22095
22096
184
185
186
182
183
187
188
22098
22099
191
192
193
189
190
194
195
22101
22102
198
199
200
196
197
201
202
22104
22105
205
206
207
203
204
208
209
22107
22108
212
213
214
210
211
215
216
22110
22111
219
220
221
217
218
222
223
22113
22114
226
227
228
224
225
229
230
22116
22117
233
234
235
231
232
236
237
22119
22120
240
241
242
238
239
243
244
22122
22123
247
248
249
245
246
250
251
22125
22126
254
255
256
252
253
257
258
22128
22129
259
22081
260
263
264
265
261
262
266
267
22132
22133
270
271
272
268
269
273
274
22135
22136
277
278
279
275
276
280
281
22138
22139
284
285
286
282
283
287
288
22141
22142
291
292
293
289
290
294
295
22144
22145
298
299
300
296
297
301
302
22147
22148
305
306
307
303
304
308
309
22150
22151
312
313
314
310
311
315
316
22153
22154
319
320
321
317
318
322
323
22156
22157
326
327
328
324
325
329
330
22159
22160
333
334
335
331
332
336
337
22162
22163
340
341
342
338
339
343
344
22165
22166
347
348
349
345
346
350
351
22168
22169
354
355
356
352
353
357
358
22171
22172
361
362
363
359
360
364
365
22174
22175
368
369
370
366
367
371
372
22177
22178
373
22130
374
377
378
379
375
376
380
381
22181
22182
384
385
386
382
383
387
388
22184
22185
391
392
393
389
390
394
395
22187
22188
398
399
400
396
397
401
402
22190
22191
405
406
407
403
404
408
409
22193
22194
412
413
414
410
411
415
416
22196
22197
419
420
421
417
418
422
423
22199
22200
426
427
428
424
425
429
430
22202
22203
433
434
435
431
432
436
437
22205
22206
440
441
442
438
439
443
444
22208
22209
447
448
449
445
446
450
451
22211
22212
454
455
456
452
453
457
458
22214
22215
461
462
463
459
460
464
465
22217
22218
468
469
470
466
467
471
472
22220
22221
475
476
477
473
474
478
479
22223
22224
482
483
484
480
481
485
486
22226
22227
487
22179
488
491
492
493
489
490
494
495
22230
22231
498
499
500
496
497
501
502
22233
22234
505
506
507
503
504
508
509
22236
22237
512
513
514
510
511
515
516
22239
22240
519
520
521
517
518
522
523
22242
22243
526
527
528
524
525
529
530
22245
22246
533
534
535
531
532
536
537
22248
22249
540
541
542
538
539
543
544
22251
22252
547
548
549
545
546
550
551
22254
22255
554
555
556
552
553
557
558
22257
22258
561
562
563
559
560
564
565
22260
22261
568
569
570
566
567
571
572
22263
22264
575
576
577
573
574
578
579
22266
22267
582
583
584
580
581
585
586
22269
22270
589
590
591
587
588
592
593
22272
22273
596
597
598
594
595
599
600
22275
22276
601
22228
602
605
606
607
603
604
608
609
22279
22280
612
613
614
610
611
615
616
22282
22283
619
620
621
617
618
622
623
22285
22286
626
627
628
624
625
629
630
22288
22289
633
634
635
631
632
636
637
22291
22292
640
641
642
638
639
643
644
22294
22295
647
648
649
645
646
650
651
22297
22298
654
655
656
652
653
657
658
22300
22301
661
662
663
659
660
664
665
22303
22304
668
669
670
666
667
671
672
22306
22307
675
676
677
673
674
678
679
22309
22310
682
683
684
680
681
685
686
22312
22313
689
690
691
687
688
692
693
22315
22316
696
697
698
694
695
699
700
22318
22319
703
704
705
701
702
706
707
22321
22322
710
711
712
708
709
713
714
22324
22325
715
22277
716
719
720
721
717
718
722
723
22328
22329
726
727
728
724
725
729
730
22331
22332
733
734
735
731
732
736
737
22334
22335
740
741
742
738
739
743
744
22337
22338
747
748
749
745
746
750
751
22340
22341
754
755
756
752
753
757
758
22343
22344
761
762
763
759
760
764
765
22346
22347
768
769
770
766
767
771
772
22349
22350
775
776
777
773
774
778
779
22352
22353
782
783
784
780
781
785
786
22355
22356
789
790
791
787
788
792
793
22358
22359
796
797
798
794
795
799
800
22361
22362
803
804
805
801
802
806
807
22364
22365
810
811
812
808
809
813
814
22367
22368
817
818
819
815
816
820
821
22370
22371
824
825
826
822
823
827
828
22373
22374
829
22326
830
833
834
835
831
832
836
837
22377
22378
840
841
842
838
839
843
844
22380
22381
847
848
849
845
846
850
851
22383
22384
854
855
856
852
853
857
858
22386
22387
861
862
863
859
860
864
865
22389
22390
868
869
870
866
867
871
872
22392
22393
875
876
877
873
874
878
879
22395
22396
882
883
884
880
881
885
886
22398
22399
889
890
891
887
888
892
893
22401
22402
896
897
898
894
895
899
900
22404
22405
903
904
905
901
902
906
907
22407
22408
910
911
912
908
909
913
914
22410
22411
917
918
919
915
916
920
921
22413
22414
924
925
926
922
923
927
928
22416
22417
931
932
933
929
930
934
935
22419
22420
938
939
940
936
937
941
942
22422
22423
943
22375
944
947
948
949
945
946
950
951
22426
22427
954
955
956
952
953
957
958
22429
22430
961
962
963
959
960
964
965
22432
22433
968
969
970
966
967
971
972
22435
22436
975
976
977
973
974
978
979
22438
22439
982
983
984
980
981
985
986
22441
22442
989
990
991
987
988
992
993
22444
22445
996
997
998
994
995
999
1000
22447
22448
1003
1004
1005
1001
1002
1006
1007
22450
22451
1010
1011
1012
1008
1009
1013
1014
22453
22454
1017
1018
1019
1015
1016
1020
1021
22456
22457
1024
1025
1026
1022
1023
1027
1028
22459
22460
1031
1032
1033
1029
1030
1034
1035
22462
22463
1038
1039
1040
1036
1037
1041
1042
22465
22466
1045
1046
1047
1043
1044
1048
1049
22468
22469
1052
1053
1054
1050
1051
1055
1056
22471
22472
1057
22424
1058
1061
1062
1063
1059
1060
1064
1065
22475
22476
1068
1069
1070
1066
1067
1071
1072
22478
22479
1075
1076
1077
1073
1074
1078
1079
22481
22482
1082
1083
1084
1080
1081
1085
1086
22484
22485
1089
1090
1091
1087
1088
1092
1093
22487
22488
1096
1097
1098
1094
1095
1099
1100
22490
22491
1103
1104
1105
1101
1102
1106
1107
22493
22494
1110
1111
1112
1108
1109
1113
1114
22496
22497
1117
1118
1119
1115
1116
1120
1121
22499
22500
1124
1125
1126
1122
1123
1127
1128
22502
22503
1131
1132
1133
1129
1130
1134
1135
22505
22506
1138
1139
1140
1136
1137
1141
1142
22508
22509
1145
1146
1147
1143
1144
1148
1149
22511
22512
1152
1153
1154
1150
1151
1155
1156
22514
22515
1159
1160
1161
1157
1158
1162
1163
22517
22518
1166
1167
1168
1164
1165
1169
1170
22520
22521
1171
22473
1172
1175
1176
1177
1173
1174
1178
1179
22524
22525
1182
1183
1184
1180
1181
1185
1186
22527
22528
1189
1190
1191
1187
1188
1192
1193
22530
22531
1196
1197
1198
1194
1195
1199
1200
22533
22534
1203
1204
1205
1201
1202
1206
1207
22536
22537
1210
1211
1212
1208
1209
1213
1214
22539
22540
1217
1218
1219
1215
1216
1220
1221
22542
22543
1224
1225
1226
1222
1223
1227
1228
22545
22546
1231
1232
1233
1229
1230
1234
1235
22548
22549
1238
1239
1240
1236
1237
1241
1242
22551
22552
1245
1246
1247
1243
1244
1248
1249
22554
22555
1252
1253
1254
1250
1251
1255
1256
22557
22558
1259
1260
1261
1257
1258
1262
1263
22560
22561
1266
1267
1268
1264
1265
1269
1270
22563
22564
1273
1274
1275
1271
1272
1276
1277
22566
22567
1280
1281
1282
1278
1279
1283
1284
22569
22570
1285
22522
1286
1289
1290
1291
1287
1288
1292
1293
22573
22574
1296
1297
1298
1294
1295
1299
1300
22576
22577
1303
1304
1305
1301
1302
1306
1307
22579
22580
1310
1311
1312
1308
1309
1313
1314
22582
22583
1317
1318
1319
1315
1316
1320
1321
22585
22586
1324
1325
1326
1322
1323
1327
1328
22588
22589
1331
1332
1333
1329
1330
1334
1335
22591
22592
1338
1339
1340
1336
1337
1341
1342
22594
22595
1345
1346
1347
1343
1344
1348
1349
22597
22598
1352
1353
1354
1350
1351
1355
1356
22600
22601
1359
1360
1361
1357
1358
1362
1363
22603
22604
1366
1367
1368
1364
1365
1369
1370
22606
22607
1373
1374
1375
1371
1372
1376
1377
22609
22610
1380
1381
1382
1378
1379
1383
1384
22612
22613
1387
1388
1389
1385
1386
1390
1391
22615
22616
1394
1395
1396
1392
1393
1397
1398
22618
22619
1399
22571
1400
1403
1404
1405
1401
1402
1406
1407
22622
22623
1410
1411
1412
1408
1409
1413
1414
22625
22626
1417
1418
1419
1415
1416
1420
1421
22628
22629
1424
1425
1426
1422
1423
1427
1428
22631
22632
1431
1432
1433
1429
1430
1434
1435
22634
22635
1438
1439
1440
1436
1437
1441
1442
22637
22638
1445
1446
1447
1443
1444
1448
1449
22640
22641
1452
1453
1454
1450
1451
1455
1456
22643
22644
1459
1460
1461
1457
1458
1462
1463
22646
22647
1466
1467
1468
1464
1465
1469
1470
22649
22650
1473
1474
1475
1471
1472
1476
1477
22652
22653
1480
1481
1482
1478
1479
1483
1484
22655
22656
1487
1488
1489
1485
1486
1490
1491
22658
22659
1494
1495
1496
1492
1493
1497
1498
22661
22662
1501
1502
1503
1499
1500
1504
1505
22664
22665
1508
1509
1510
1506
1507
1511
1512
22667
22668
1513
22620
1514
1517
1518
1519
1515
1516
1520
1521
22671
22672
1524
1525
1526
1522
1523
1527
1528
22674
22675
1531
1532
1533
1529
1530
1534
1535
22677
22678
1538
1539
1540
1536
1537
1541
1542
22680
22681
1545
1546
1547
1543
1544
1548
1549
22683
22684
1552
1553
1554
1550
1551
1555
1556
22686
22687
1559
1560
1561
1557
1558
1562
1563
22689
22690
1566
1567
1568
1564
1565
1569
1570
22692
22693
1573
1574
1575
1571
1572
1576
1577
22695
22696
1580
1581
1582
1578
1579
1583
1584
22698
22699
1587
1588
1589
1585
1586
1590
1591
22701
22702
1594
1595
1596
1592
1593
1597
1598
22704
22705
1601
1602
1603
1599
1600
1604
1605
22707
22708
1608
1609
1610
1606
1607
1611
1612
22710
22711
1615
1616
1617
1613
1614
1618
1619
22713
22714
1622
1623
1624
1620
1621
1625
1626
22716
22717
1627
22669
1628
1631
1632
1633
1629
1630
1634
1635
22720
22721
1638
1639
1640
1636
1637
1641
1642
22723
22724
1645
1646
1647
1643
1644
1648
1649
22726
22727
1652
1653
1654
1650
1651
1655
1656
22729
22730
1659
1660
1661
1657
1658
1662
1663
22732
22733
1666
1667
1668
1664
1665
1669
1670
22735
22736
1673
1674
1675
1671
1672
1676
1677
22738
22739
1680
1681
1682
1678
1679
1683
1684
22741
22742
1687
1688
1689
1685
1686
1690
1691
22744
22745
1694
1695
1696
1692
1693
1697
1698
22747
22748
1701
1702
1703
1699
1700
1704
1705
22750
22751
1708
1709
1710
1706
1707
1711
1712
22753
22754
1715
1716
1717
1713
1714
1718
1719
22756
22757
1722
1723
1724
1720
1721
1725
1726
22759
22760
1729
1730
1731
1727
1728
1732
1733
22762
22763
1736
1737
1738
1734
1735
1739
1740
22765
22766
1741
22718
1742
1745
1746
1747
22017
1743
1744
1748
1749
22769
22770
1752
1753
1754
22021
1750
1751
1755
1756
22772
22773
1759
1760
1761
22025
1757
1758
1762
1763
22775
22776
1766
1767
1768
22029
1764
1765
1769
1770
22778
22779
1773
1774
1775
22033
1771
1772
1776
1777
22781
22782
1780
1781
1782
22037
1778
1779
1783
1784
22784
22785
1787
1788
1789
22041
1785
1786
1790
1791
22787
22788
1794
1795
1796
22045
1792
1793
1797
1798
22790
22791
1801
1802
1803
22049
1799
1800
1804
1805
22793
22794
1808
1809
1810
22053
1806
1807
1811
1812
22796
22797
1815
1816
1817
22057
1813
1814
1818
1819
22799
22800
1822
1823
1824
22061
1820
1821
1825
1826
22802
22803
1829
1830
1831
22065
1827
1828
1832
1833
22805
22806
1836
1837
1838
22069
1834
1835
1839
1840
22808
22809
1843
1844
1845
22073
1841
1842
1846
1847
22811
22812
1850
1851
1852
22077
1848
1849
1853
1854
22814
22815
1855
22767
1856
1859
1860
1862
1857
1858
1861
1863
22818
22819
1866
1867
1869
1864
1865
1868
1870
22821
22822
1873
1874
1876
1871
1872
1875
1877
22824
22825
1880
1881
1883
1878
1879
1882
1884
22827
22828
1887
1888
1890
1885
1886
1889
1891
22830
22831
1894
1895
1897
1892
1893
1896
1898
22833
22834
1901
1902
1904
1899
1900
1903
1905
22836
22837
1908
1909
1911
1906
1907
1910
1912
22839
22840
1915
1916
1918
1913
1914
1917
1919
22842
22843
1922
1923
1925
1920
1921
1924
1926
22845
22846
1929
1930
1932
1927
1928
1931
1933
22848
22849
1936
1937
1939
1934
1935
1938
1940
22851
22852
1943
1944
1946
1941
1942
1945
1947
22854
22855
1950
1951
1953
1948
1949
1952
1954
22857
22858
1957
1958
1960
1955
1956
1959
1961
22860
22861
1964
1965
1967
1962
1963
1966
1968
22863
22864
1969
22816
1970
1971
1972
1973
1974
1975
22866
22867
1976
1977
1978
1979
1980
22868
22869
1981
1982
1983
1984
1985
22870
22871
1986
1987
1988
1989
1990
22872
22873
1991
1992
1993
1994
1995
22874
22875
1996
1997
1998
1999
2000
22876
22877
2001
2002
2003
2004
2005
22878
22879
2006
2007
2008
2009
2010
22880
22881
2011
2012
2013
2014
2015
22882
22883
2016
2017
2018
2019
2020
22884
22885
2021
2022
2023
2024
2025
22886
22887
2026
2027
2028
2029
2030
22888
22889
2031
2032
2033
2034
2035
22890
22891
2036
2037
2038
2039
2040
22892
22893
2041
2042
2043
2044
2045
22894
22895
2046
2047
2048
2049
2050
22896
22897
2051
22865
2052
2053
2054
2055
2056
2057
22899
22900
2058
2059
2060
2061
2062
22901
22902
2063
2064
2065
2066
2067
22903
22904
2068
2069
2070
2071
2072
22905
22906
2073
2074
2075
2076
2077
22907
22908
2078
2079
2080
2081
2082
22909
22910
2083
2084
2085
2086
2087
22911
22912
2088
2089
2090
2091
2092
22913
22914
2093
2094
2095
2096
2097
22915
22916
2098
2099
2100
2101
2102
22917
22918
2103
2104
2105
2106
2107
22919
22920
2108
2109
2110
2111
2112
22921
22922
2113
2114
2115
2116
2117
22923
22924
2118
2119
2120
2121
2122
22925
22926
2123
2124
2125
2126
2127
22927
22928
2128
2129
2130
2131
2132
22929
22930
2133
22898
2134
2135
2136
2137
2138
2139
22932
22933
2140
2141
2142
2143
2144
22934
22935
2145
2146
2147
2148
2149
22936
22937
2150
2151
2152
2153
2154
22938
22939
2155
2156
2157
2158
2159
22940
22941
2160
2161
2162
2163
2164
22942
22943
2165
2166
2167
2168
2169
22944
22945
2170
2171
2172
2173
2174
22946
22947
2175
2176
2177
2178
2179
22948
22949
2180
2181
2182
2183
2184
22950
22951
2185
2186
2187
2188
2189
22952
22953
2190
2191
2192
2193
2194
22954
22955
2195
2196
2197
2198
2199
22956
22957
2200
2201
2202
2203
2204
22958
22959
2205
2206
2207
2208
2209
22960
22961
2210
2211
2212
2213
2214
22962
22963
2215
22931
2216
2217
2218
2219
2220
2221
22965
22966
2222
2223
2224
2225
2226
22967
22968
2227
2228
2229
2230
2231
22969
22970
2232
2233
2234
2235
2236
22971
22972
2237
2238
2239
2240
2241
22973
22974
2242
2243
2244
2245
2246
22975
22976
2247
2248
2249
2250
2251
22977
22978
2252
2253
2254
2255
2256
22979
22980
2257
2258
2259
2260
2261
22981
22982
2262
2263
2264
2265
2266
22983
22984
2267
2268
2269
2270
2271
22985
22986
2272
2273
2274
2275
2276
22987
22988
2277
2278
2279
2280
2281
22989
22990
2282
2283
2284
2285
2286
22991
22992
2287
2288
2289
2290
2291
22993
22994
2292
2293
2294
2295
2296
22995
22996
2297
22964
2298
2299
2300
2301
2302
2303
22998
22999
2304
2305
2306
2307
2308
23000
23001
2309
2310
2311
2312
2313
23002
23003
2314
2315
2316
2317
2318
23004
23005
2319
2320
2321
2322
2323
23006
23007
2324
2325
2326
2327
2328
23008
23009
2329
2330
2331
2332
2333
23010
23011
2334
2335
2336
2337
2338
23012
23013
2339
2340
2341
2342
2343
23014
23015
2344
2345
2346
2347
2348
23016
23017
2349
2350
2351
2352
2353
23018
23019
2354
2355
2356
2357
2358
23020
23021
2359
2360
2361
2362
2363
23022
23023
2364
2365
2366
2367
2368
23024
23025
2369
2370
2371
2372
2373
23026
23027
2374
2375
2376
2377
2378
23028
23029
2379
22997
2380
2381
2382
2383
2384
2385
23031
23032
2386
2387
2388
2389
2390
23033
23034
2391
2392
2393
2394
2395
23035
23036
2396
2397
2398
2399
2400
23037
23038
2401
2402
2403
2404
2405
23039
23040
2406
2407
2408
2409
2410
23041
23042
2411
2412
2413
2414
2415
23043
23044
2416
2417
2418
2419
2420
23045
23046
2421
2422
2423
2424
2425
23047
23048
2426
2427
2428
2429
2430
23049
23050
2431
2432
2433
2434
2435
23051
23052
2436
2437
2438
2439
2440
23053
23054
2441
2442
2443
2444
2445
23055
23056
2446
2447
2448
2449
2450
23057
23058
2451
2452
2453
2454
2455
23059
23060
2456
2457
2458
2459
2460
23061
23062
2461
23030
2462
2463
2464
2465
2466
2467
23064
23065
2468
2469
2470
2471
2472
23066
23067
2473
2474
2475
2476
2477
23068
23069
2478
2479
2480
2481
2482
23070
23071
2483
2484
2485
2486
2487
23072
23073
2488
2489
2490
2491
2492
23074
23075
2493
2494
2495
2496
2497
23076
23077
2498
2499
2500
2501
2502
23078
23079
2503
2504
2505
2506
2507
23080
23081
2508
2509
2510
2511
2512
23082
23083
2513
2514
2515
2516
2517
23084
23085
2518
2519
2520
2521
2522
23086
23087
2523
2524
2525
2526
2527
23088
23089
2528
2529
2530
2531
2532
23090
23091
2533
2534
2535
2536
2537
23092
23093
2538
2539
2540
2541
2542
23094
23095
2543
23063
2544
2545
2546
2547
2548
2549
23097
23098
2550
2551
2552
2553
2554
23099
23100
2555
2556
2557
2558
2559
23101
23102
2560
2561
2562
2563
2564
23103
23104
2565
2566
2567
2568
2569
23105
23106
2570
2571
2572
2573
2574
23107
23108
2575
2576
2577
2578
2579
23109
23110
2580
2581
2582
2583
2584
23111
23112
2585
2586
2587
2588
2589
23113
23114
2590
2591
2592
2593
2594
23115
23116
2595
2596
2597
2598
2599
23117
23118
2600
2601
2602
2603
2604
23119
23120
2605
2606
2607
2608
2609
23121
23122
2610
2611
2612
2613
2614
23123
23124
2615
2616
2617
2618
2619
23125
23126
2620
2621
2622
2623
2624
23127
23128
2625
23096
2626
2627
2628
2629
2630
2631
23130
23131
2632
2633
2634
2635
2636
23132
23133
2637
2638
2639
2640
2641
23134
23135
2642
2643
2644
2645
2646
23136
23137
2647
2648
2649
2650
2651
23138
23139
2652
2653
2654
2655
2656
23140
23141
2657
2658
2659
2660
2661
23142
23143
2662
2663
2664
2665
2666
23144
23145
2667
2668
2669
2670
2671
23146
23147
2672
2673
2674
2675
2676
23148
23149
2677
2678
2679
2680
2681
23150
23151
2682
2683
2684
2685
2686
23152
23153
2687
2688
2689
2690
2691
23154
23155
2692
2693
2694
2695
2696
23156
23157
2697
2698
2699
2700
2701
23158
23159
2702
2703
2704
2705
2706
23160
23161
2707
23129
2708
2709
2710
2711
2712
2713
23163
23164
2714
2715
2716
2717
2718
23165
23166
2719
2720
2721
2722
2723
23167
23168
2724
2725
2726
2727
2728
23169
23170
2729
2730
2731
2732
2733
23171
23172
2734
2735
2736
2737
2738
23173
23174
2739
2740
2741
2742
2743
23175
23176
2744
2745
2746
2747
2748
23177
23178
2749
2750
2751
2752
2753
23179
23180
2754
2755
2756
2757
2758
23181
23182
2759
2760
2761
2762
2763
23183
23184
2764
2765
2766
2767
2768
23185
23186
2769
2770
2771
2772
2773
23187
23188
2774
2775
2776
2777
2778
23189
23190
2779
2780
2781
2782
2783
23191
23192
2784
2785
2786
2787
2788
23193
23194
2789
23162
2790
2791
2792
2793
2794
2795
23196
23197
2796
2797
2798
2799
2800
23198
23199
2801
2802
2803
2804
2805
23200
23201
2806
2807
2808
2809
2810
23202
23203
2811
2812
2813
2814
2815
23204
23205
2816
2817
2818
2819
2820
23206
23207
2821
2822
2823
2824
2825
23208
23209
2826
2827
2828
2829
2830
23210
23211
2831
2832
2833
2834
2835
23212
23213
2836
2837
2838
2839
2840
23214
23215
2841
2842
2843
2844
2845
23216
23217
2846
2847
2848
2849
2850
23218
23219
2851
2852
2853
2854
2855
23220
23221
2856
2857
2858
2859
2860
23222
23223
2861
2862
2863
2864
2865
23224
23225
2866
2867
2868
2869
2870
23226
23227
2871
23195
2872
2873
2874
2875
2876
2877
23229
23230
2878
2879
2880
2881
2882
23231
23232
2883
2884
2885
2886
2887
23233
23234
2888
2889
2890
2891
2892
23235
23236
2893
2894
2895
2896
2897
23237
23238
2898
2899
2900
2901
2902
23239
23240
2903
2904
2905
2906
2907
23241
23242
2908
2909
2910
2911
2912
23243
23244
2913
2914
2915
2916
2917
23245
23246
2918
2919
2920
2921
2922
23247
23248
2923
2924
2925
2926
2927
23249
23250
2928
2929
2930
2931
2932
23251
23252
2933
2934
2935
2936
2937
23253
23254
2938
2939
2940
2941
2942
23255
23256
2943
2944
2945
2946
2947
23257
23258
2948
2949
2950
2951
2952
23259
23260
2953
23228
2954
2955
2956
2957
2958
2959
23262
23263
2960
2961
2962
2963
2964
23264
23265
2965
2966
2967
2968
2969
23266
23267
2970
2971
2972
2973
2974
23268
23269
2975
2976
2977
2978
2979
23270
23271
2980
2981
2982
2983
2984
23272
23273
2985
2986
2987
2988
2989
23274
23275
2990
2991
2992
2993
2994
23276
23277
2995
2996
2997
2998
2999
23278
23279
3000
3001
3002
3003
3004
23280
23281
3005
3006
3007
3008
3009
23282
23283
3010
3011
3012
3013
3014
23284
23285
3015
3016
3017
3018
3019
23286
23287
3020
3021
3022
3023
3024
23288
23289
3025
3026
3027
3028
3029
23290
23291
3030
3031
3032
3033
3034
23292
23293
3035
23261
3036
3037
3038
3039
3040
3041
23295
23296
3042
3043
3044
3045
3046
23297
23298
3047
3048
3049
3050
3051
23299
23300
3052
3053
3054
3055
3056
23301
23302
3057
3058
3059
3060
3061
23303
23304
3062
3063
3064
3065
3066
23305
23306
3067
3068
3069
3070
3071
23307
23308
3072
3073
3074
3075
3076
23309
23310
3077
3078
3079
3080
3081
23311
23312
3082
3083
3084
3085
3086
23313
23314
3087
3088
3089
3090
3091
23315
23316
3092
3093
3094
3095
3096
23317
23318
3097
3098
3099
3100
3101
23319
23320
3102
3103
3104
3105
3106
23321
23322
3107
3108
3109
3110
3111
23323
23324
3112
3113
3114
3115
3116
23325
23326
3117
23294
3118
3119
3120
3121
22817
3122
3123
23328
23329
3124
3125
3126
22820
3127
3128
23330
23331
3129
3130
3131
22823
3132
3133
23332
23333
3134
3135
3136
22826
3137
3138
23334
23335
3139
3140
3141
22829
3142
3143
23336
23337
3144
3145
3146
22832
3147
3148
23338
23339
3149
3150
3151
22835
3152
3153
23340
23341
3154
3155
3156
22838
3157
3158
23342
23343
3159
3160
3161
22841
3162
3163
23344
23345
3164
3165
3166
22844
3167
3168
23346
23347
3169
3170
3171
22847
3172
3173
23348
23349
3174
3175
3176
22850
3177
3178
23350
23351
3179
3180
3181
22853
3182
3183
23352
23353
3184
3185
3186
22856
3187
3188
23354
23355
3189
3190
3191
22859
3192
3193
23356
23357
3194
3195
3196
22862
3197
3198
23358
23359
3199
23327
3200
3203
3204
3206
3201
3202
3205
3207
23362
23363
3210
3211
3213
3208
3209
3212
3214
23365
23366
3217
3218
3220
3215
3216
3219
3221
23368
23369
3224
3225
3227
3222
3223
3226
3228
23371
23372
3231
3232
3234
3229
3230
3233
3235
23374
23375
3238
3239
3241
3236
3237
3240
3242
23377
23378
3245
3246
3248
3243
3244
3247
3249
23380
23381
3252
3253
3255
3250
3251
3254
3256
23383
23384
3259
3260
3262
3257
3258
3261
3263
23386
23387
3266
3267
3269
3264
3265
3268
3270
23389
23390
3273
3274
3276
3271
3272
3275
3277
23392
23393
3280
3281
3283
3278
3279
3282
3284
23395
23396
3287
3288
3290
3285
3286
3289
3291
23398
23399
3294
3295
3297
3292
3293
3296
3298
23401
23402
3301
3302
3304
3299
3300
3303
3305
23404
23405
3308
3309
3311
3306
3307
3310
3312
23407
23408
3313
23360
3314
3315
3316
3317
3318
3319
23410
23411
3320
3321
3322
3323
3324
23412
23413
3325
3326
3327
3328
3329
23414
23415
3330
3331
3332
3333
3334
23416
23417
3335
3336
3337
3338
3339
23418
23419
3340
3341
3342
3343
3344
23420
23421
3345
3346
3347
3348
3349
23422
23423
3350
3351
3352
3353
3354
23424
23425
3355
3356
3357
3358
3359
23426
23427
3360
3361
3362
3363
3364
23428
23429
3365
3366
3367
3368
3369
23430
23431
3370
3371
3372
3373
3374
23432
23433
3375
3376
3377
3378
3379
23434
23435
3380
3381
3382
3383
3384
23436
23437
3385
3386
3387
3388
3389
23438
23439
3390
3391
3392
3393
3394
23440
23441
3395
23409
3396
3397
3398
3399
3400
3401
23443
23444
3402
3403
3404
3405
3406
23445
23446
3407
3408
3409
3410
3411
23447
23448
3412
3413
3414
3415
3416
23449
23450
3417
3418
3419
3420
3421
23451
23452
3422
3423
3424
3425
3426
23453
23454
3427
3428
3429
3430
3431
23455
23456
3432
3433
3434
3435
3436
23457
23458
3437
3438
3439
3440
3441
23459
23460
3442
3443
3444
3445
3446
23461
23462
3447
3448
3449
3450
3451
23463
23464
3452
3453
3454
3455
3456
23465
23466
3457
3458
3459
3460
3461
23467
23468
3462
3463
3464
3465
3466
23469
23470
3467
3468
3469
3470
3471
23471
23472
3472
3473
3474
3475
3476
23473
23474
3477
23442
3478
3479
3480
3481
3482
3483
23476
23477
3484
3485
3486
3487
3488
23478
23479
3489
3490
3491
3492
3493
23480
23481
3494
3495
3496
3497
3498
23482
23483
3499
3500
3501
3502
3503
23484
23485
3504
3505
3506
3507
3508
23486
23487
3509
3510
3511
3512
3513
23488
23489
3514
3515
3516
3517
3518
23490
23491
3519
3520
3521
3522
3523
23492
23493
3524
3525
3526
3527
3528
23494
23495
3529
3530
3531
3532
3533
23496
23497
3534
3535
3536
3537
3538
23498
23499
3539
3540
3541
3542
3543
23500
23501
3544
3545
3546
3547
3548
23502
23503
3549
3550
3551
3552
3553
23504
23505
3554
3555
3556
3557
3558
23506
23507
3559
23475
3560
3561
3562
3563
3564
3565
23509
23510
3566
3567
3568
3569
3570
23511
23512
3571
3572
3573
3574
3575
23513
23514
3576
3577
3578
3579
3580
23515
23516
3581
3582
3583
3584
3585
23517
23518
3586
3587
3588
3589
3590
23519
23520
3591
3592
3593
3594
3595
23521
23522
3596
3597
3598
3599
3600
23523
23524
3601
3602
3603
3604
3605
23525
23526
3606
3607
3608
3609
3610
23527
23528
3611
3612
3613
3614
3615
23529
23530
3616
3617
3618
3619
3620
23531
23532
3621
3622
3623
3624
3625
23533
23534
3626
3627
3628
3629
3630
23535
23536
3631
3632
3633
3634
3635
23537
23538
3636
3637
3638
3639
3640
23539
23540
3641
23508
3642
3643
3644
3645
3646
3647
23542
23543
3648
3649
3650
3651
3652
23544
23545
3653
3654
3655
3656
3657
23546
23547
3658
3659
3660
3661
3662
23548
23549
3663
3664
3665
3666
3667
23550
23551
3668
3669
3670
3671
3672
23552
23553
3673
3674
3675
3676
3677
23554
23555
3678
3679
3680
3681
3682
23556
23557
3683
3684
3685
3686
3687
23558
23559
3688
3689
3690
3691
3692
23560
23561
3693
3694
3695
3696
3697
23562
23563
3698
3699
3700
3701
3702
23564
23565
3703
3704
3705
3706
3707
23566
23567
3708
3709
3710
3711
3712
23568
23569
3713
3714
3715
3716
3717
23570
23571
3718
3719
3720
3721
3722
23572
23573
3723
23541
3724
3725
3726
3727
3728
3729
23575
23576
3730
3731
3732
3733
3734
23577
23578
3735
3736
3737
3738
3739
23579
23580
3740
3741
3742
3743
3744
23581
23582
3745
3746
3747
3748
3749
23583
23584
3750
3751
3752
3753
3754
23585
23586
3755
3756
3757
3758
3759
23587
23588
3760
3761
3762
3763
3764
23589
23590
3765
3766
3767
3768
3769
23591
23592
3770
3771
3772
3773
3774
23593
23594
3775
3776
3777
3778
3779
23595
23596
3780
3781
3782
3783
3784
23597
23598
3785
3786
3787
3788
3789
23599
23600
3790
3791
3792
3793
3794
23601
23602
3795
3796
3797
3798
3799
23603
23604
3800
3801
3802
3803
3804
23605
23606
3805
23574
3806
3807
3808
3809
3810
3811
23608
23609
3812
3813
3814
3815
3816
23610
23611
3817
3818
3819
3820
3821
23612
23613
3822
3823
3824
3825
3826
23614
23615
3827
3828
3829
3830
3831
23616
23617
3832
3833
3834
3835
3836
23618
23619
3837
3838
3839
3840
3841
23620
23621
3842
3843
3844
3845
3846
23622
23623
3847
3848
3849
3850
3851
23624
23625
3852
3853
3854
3855
3856
23626
23627
3857
3858
3859
3860
3861
23628
23629
3862
3863
3864
3865
3866
23630
23631
3867
3868
3869
3870
3871
23632
23633
3872
3873
3874
3875
3876
23634
23635
3877
3878
3879
3880
3881
23636
23637
3882
3883
3884
3885
3886
23638
23639
3887
23607
3888
3889
3890
3891
3892
3893
23641
23642
3894
3895
3896
3897
3898
23643
23644
3899
3900
3901
3902
3903
23645
23646
3904
3905
3906
3907
3908
23647
23648
3909
3910
3911
3912
3913
23649
23650
3914
3915
3916
3917
3918
23651
23652
3919
3920
3921
3922
3923
23653
23654
3924
3925
3926
3927
3928
23655
23656
3929
3930
3931
3932
3933
23657
23658
3934
3935
3936
3937
3938
23659
23660
3939
3940
3941
3942
3943
23661
23662
3944
3945
3946
3947
3948
23663
23664
3949
3950
3951
3952
3953
23665
23666
3954
3955
3956
3957
3958
23667
23668
3959
3960
3961
3962
3963
23669
23670
3964
3965
3966
3967
3968
23671
23672
3969
23640
3970
3971
3972
3973
3974
3975
23674
23675
3976
3977
3978
3979
3980
23676
23677
3981
3982
3983
3984
3985
23678
23679
3986
3987
3988
3989
3990
23680
23681
3991
3992
3993
3994
3995
23682
23683
3996
3997
3998
3999
4000
23684
23685
4001
4002
4003
4004
4005
23686
23687
4006
4007
4008
4009
4010
23688
23689
4011
4012
4013
4014
4015
23690
23691
4016
4017
4018
4019
4020
23692
23693
4021
4022
4023
4024
4025
23694
23695
4026
4027
4028
4029
4030
23696
23697
4031
4032
4033
4034
4035
23698
23699
4036
4037
4038
4039
4040
23700
23701
4041
4042
4043
4044
4045
23702
23703
4046
4047
4048
4049
4050
23704
23705
4051
23673
4052
4053
4054
4055
4056
4057
23707
23708
4058
4059
4060
4061
4062
23709
23710
4063
4064
4065
4066
4067
23711
23712
4068
4069
4070
4071
4072
23713
23714
4073
4074
4075
4076
4077
23715
23716
4078
4079
4080
4081
4082
23717
23718
4083
4084
4085
4086
4087
23719
23720
4088
4089
4090
4091
4092
23721
23722
4093
4094
4095
4096
4097
23723
23724
4098
4099
4100
4101
4102
23725
23726
4103
4104
4105
4106
4107
23727
23728
4108
4109
4110
4111
4112
23729
23730
4113
4114
4115
4116
4117
23731
23732
4118
4119
4120
4121
4122
23733
23734
4123
4124
4125
4126
4127
23735
23736
4128
4129
4130
4131
4132
23737
23738
4133
23706
4134
4135
4136
4137
4138
4139
23740
23741
4140
4141
4142
4143
4144
23742
23743
4145
4146
4147
4148
4149
23744
23745
4150
4151
4152
4153
4154
23746
23747
4155
4156
4157
4158
4159
23748
23749
4160
4161
4162
4163
4164
23750
23751
4165
4166
4167
4168
4169
23752
23753
4170
4171
4172
4173
4174
23754
23755
4175
4176
4177
4178
4179
23756
23757
4180
4181
4182
4183
4184
23758
23759
4185
4186
4187
4188
4189
23760
23761
4190
4191
4192
4193
4194
23762
23763
4195
4196
4197
4198
4199
23764
23765
4200
4201
4202
4203
4204
23766
23767
4205
4206
4207
4208
4209
23768
23769
4210
4211
4212
4213
4214
23770
23771
4215
23739
4216
4217
4218
4219
4220
4221
23773
23774
4222
4223
4224
4225
4226
23775
23776
4227
4228
4229
4230
4231
23777
23778
4232
4233
4234
4235
4236
23779
23780
4237
4238
4239
4240
4241
23781
23782
4242
4243
4244
4245
4246
23783
23784
4247
4248
4249
4250
4251
23785
23786
4252
4253
4254
4255
4256
23787
23788
4257
4258
4259
4260
4261
23789
23790
4262
4263
4264
4265
4266
23791
23792
4267
4268
4269
4270
4271
23793
23794
4272
4273
4274
4275
4276
23795
23796
4277
4278
4279
4280
4281
23797
23798
4282
4283
4284
4285
4286
23799
23800
4287
4288
4289
4290
4291
23801
23802
4292
4293
4294
4295
4296
23803
23804
4297
23772
4298
4299
4300
4301
4302
4303
23806
23807
4304
4305
4306
4307
4308
23808
23809
4309
4310
4311
4312
4313
23810
23811
4314
4315
4316
4317
4318
23812
23813
4319
4320
4321
4322
4323
23814
23815
4324
4325
4326
4327
4328
23816
23817
4329
4330
4331
4332
4333
23818
23819
4334
4335
4336
4337
4338
23820
23821
4339
4340
4341
4342
4343
23822
23823
4344
4345
4346
4347
4348
23824
23825
4349
4350
4351
4352
4353
23826
23827
4354
4355
4356
4357
4358
23828
23829
4359
4360
4361
4362
4363
23830
23831
4364
4365
4366
4367
4368
23832
23833
4369
4370
4371
4372
4373
23834
23835
4374
4375
4376
4377
4378
23836
23837
4379
23805
4380
4381
4382
4383
4384
4385
23839
23840
4386
4387
4388
4389
4390
23841
23842
4391
4392
4393
4394
4395
23843
23844
4396
4397
4398
4399
4400
23845
23846
4401
4402
4403
4404
4405
23847
23848
4406
4407
4408
4409
4410
23849
23850
4411
4412
4413
4414
4415
23851
23852
4416
4417
4418
4419
4420
23853
23854
4421
4422
4423
4424
4425
23855
23856
4426
4427
4428
4429
4430
23857
23858
4431
4432
4433
4434
4435
23859
23860
4436
4437
4438
4439
4440
23861
23862
4441
4442
4443
4444
4445
23863
23864
4446
4447
4448
4449
4450
23865
23866
4451
4452
4453
4454
4455
23867
23868
4456
4457
4458
4459
4460
23869
23870
4461
23838
4462
4463
4464
4465
23361
4466
4467
23872
23873
4468
4469
4470
23364
4471
4472
23874
23875
4473
4474
4475
23367
4476
4477
23876
23877
4478
4479
4480
23370
4481
4482
23878
23879
4483
4484
4485
23373
4486
4487
23880
23881
4488
4489
4490
23376
4491
4492
23882
23883
4493
4494
4495
23379
4496
4497
23884
23885
4498
4499
4500
23382
4501
4502
23886
23887
4503
4504
4505
23385
4506
4507
23888
23889
4508
4509
4510
23388
4511
4512
23890
23891
4513
4514
4515
23391
4516
4517
23892
23893
4518
4519
4520
23394
4521
4522
23894
23895
4523
4524
4525
23397
4526
4527
23896
23897
4528
4529
4530
23400
4531
4532
23898
23899
4533
4534
4535
23403
4536
4537
23900
23901
4538
4539
4540
23406
4541
4542
23902
23903
4543
23871
4544
4547
4548
4550
4545
4546
4549
4551
23906
23907
4554
4555
4557
4552
4553
4556
4558
23909
23910
4561
4562
4564
4559
4560
4563
4565
23912
23913
4568
4569
4571
4566
4567
4570
4572
23915
23916
4575
4576
4578
4573
4574
4577
4579
23918
23919
4582
4583
4585
4580
4581
4584
4586
23921
23922
4589
4590
4592
4587
4588
4591
4593
23924
23925
4596
4597
4599
4594
4595
4598
4600
23927
23928
4603
4604
4606
4601
4602
4605
4607
23930
23931
4610
4611
4613
4608
4609
4612
4614
23933
23934
4617
4618
4620
4615
4616
4619
4621
23936
23937
4624
4625
4627
4622
4623
4626
4628
23939
23940
4631
4632
4634
4629
4630
4633
4635
23942
23943
4638
4639
4641
4636
4637
4640
4642
23945
23946
4645
4646
4648
4643
4644
4647
4649
23948
23949
4652
4653
4655
4650
4651
4654
4656
23951
23952
4657
23904
4658
4659
4660
4661
4662
4663
23954
23955
4664
4665
4666
4667
4668
23956
23957
4669
4670
4671
4672
4673
23958
23959
4674
4675
4676
4677
4678
23960
23961
4679
4680
4681
4682
4683
23962
23963
4684
4685
4686
4687
4688
23964
23965
4689
4690
4691
4692
4693
23966
23967
4694
4695
4696
4697
4698
23968
23969
4699
4700
4701
4702
4703
23970
23971
4704
4705
4706
4707
4708
23972
23973
4709
4710
4711
4712
4713
23974
23975
4714
4715
4716
4717
4718
23976
23977
4719
4720
4721
4722
4723
23978
23979
4724
4725
4726
4727
4728
23980
23981
4729
4730
4731
4732
4733
23982
23983
4734
4735
4736
4737
4738
23984
23985
4739
23953
4740
4741
4742
4743
4744
4745
23987
23988
4746
4747
4748
4749
4750
23989
23990
4751
4752
4753
4754
4755
23991
23992
4756
4757
4758
4759
4760
23993
23994
4761
4762
4763
4764
4765
23995
23996
4766
4767
4768
4769
4770
23997
23998
4771
4772
4773
4774
4775
23999
24000
4776
4777
4778
4779
4780
24001
24002
4781
4782
4783
4784
4785
24003
24004
4786
4787
4788
4789
4790
24005
24006
4791
4792
4793
4794
4795
24007
24008
4796
4797
4798
4799
4800
24009
24010
4801
4802
4803
4804
4805
24011
24012
4806
4807
4808
4809
4810
24013
24014
4811
4812
4813
4814
4815
24015
24016
4816
4817
4818
4819
4820
24017
24018
4821
23986
4822
4823
4824
4825
4826
4827
24020
24021
4828
4829
4830
4831
4832
24022
24023
4833
4834
4835
4836
4837
24024
24025
4838
4839
4840
4841
4842
24026
24027
4843
4844
4845
4846
4847
24028
24029
4848
4849
4850
4851
4852
24030
24031
4853
4854
4855
4856
4857
24032
24033
4858
4859
4860
4861
4862
24034
24035
4863
4864
4865
4866
4867
24036
24037
4868
4869
4870
4871
4872
24038
24039
4873
4874
4875
4876
4877
24040
24041
4878
4879
4880
4881
4882
24042
24043
4883
4884
4885
4886
4887
24044
24045
4888
4889
4890
4891
4892
24046
24047
4893
4894
4895
4896
4897
24048
24049
4898
4899
4900
4901
4902
24050
24051
4903
24019
4904
4905
4906
4907
4908
4909
24053
24054
4910
4911
4912
4913
4914
24055
24056
4915
4916
4917
4918
4919
24057
24058
4920
4921
4922
4923
4924
24059
24060
4925
4926
4927
4928
4929
24061
24062
4930
4931
4932
4933
4934
24063
24064
4935
4936
4937
4938
4939
24065
24066
4940
4941
4942
4943
4944
24067
24068
4945
4946
4947
4948
4949
24069
24070
4950
4951
4952
4953
4954
24071
24072
4955
4956
4957
4958
4959
24073
24074
4960
4961
4962
4963
4964
24075
24076
4965
4966
4967
4968
4969
24077
24078
4970
4971
4972
4973
4974
24079
24080
4975
4976
4977
4978
4979
24081
24082
4980
4981
4982
4983
4984
24083
24084
4985
24052
4986
4987
4988
4989
4990
4991
24086
24087
4992
4993
4994
4995
4996
24088
24089
4997
4998
4999
5000
5001
24090
24091
5002
5003
5004
5005
5006
24092
24093
5007
5008
5009
5010
5011
24094
24095
5012
5013
5014
5015
5016
24096
24097
5017
5018
5019
5020
5021
24098
24099
5022
5023
5024
5025
5026
24100
24101
5027
5028
5029
5030
5031
24102
24103
5032
5033
5034
5035
5036
24104
24105
5037
5038
5039
5040
5041
24106
24107
5042
5043
5044
5045
5046
24108
24109
5047
5048
5049
5050
5051
24110
24111
5052
5053
5054
5055
5056
24112
24113
5057
5058
5059
5060
5061
24114
24115
5062
5063
5064
5065
5066
24116
24117
5067
24085
5068
5069
5070
5071
5072
5073
24119
24120
5074
5075
5076
5077
5078
24121
24122
5079
5080
5081
5082
5083
24123
24124
5084
5085
5086
5087
5088
24125
24126
5089
5090
5091
5092
5093
24127
24128
5094
5095
5096
5097
5098
24129
24130
5099
5100
5101
5102
5103
24131
24132
5104
5105
5106
5107
5108
24133
24134
5109
5110
5111
5112
5113
24135
24136
5114
5115
5116
5117
5118
24137
24138
5119
5120
5121
5122
5123
24139
24140
5124
5125
5126
5127
5128
24141
24142
5129
5130
5131
5132
5133
24143
24144
5134
5135
5136
5137
5138
24145
24146
5139
5140
5141
5142
5143
24147
24148
5144
5145
5146
5147
5148
24149
24150
5149
24118
5150
5151
5152
5153
5154
5155
24152
24153
5156
5157
5158
5159
5160
24154
24155
5161
5162
5163
5164
5165
24156
24157
5166
5167
5168
5169
5170
24158
24159
5171
5172
5173
5174
5175
24160
24161
5176
5177
5178
5179
5180
24162
24163
5181
5182
5183
5184
5185
24164
24165
5186
5187
5188
5189
5190
24166
24167
5191
5192
5193
5194
5195
24168
24169
5196
5197
5198
5199
5200
24170
24171
5201
5202
5203
5204
5205
24172
24173
5206
5207
5208
5209
5210
24174
24175
5211
5212
5213
5214
5215
24176
24177
5216
5217
5218
5219
5220
24178
24179
5221
5222
5223
5224
5225
24180
24181
5226
5227
5228
5229
5230
24182
24183
5231
24151
5232
5233
5234
5235
5236
5237
24185
24186
5238
5239
5240
5241
5242
24187
24188
5243
5244
5245
5246
5247
24189
24190
5248
5249
5250
5251
5252
24191
24192
5253
5254
5255
5256
5257
24193
24194
5258
5259
5260
5261
5262
24195
24196
5263
5264
5265
5266
5267
24197
24198
5268
5269
5270
5271
5272
24199
24200
5273
5274
5275
5276
5277
24201
24202
5278
5279
5280
5281
5282
24203
24204
5283
5284
5285
5286
5287
24205
24206
5288
5289
5290
5291
5292
24207
24208
5293
5294
5295
5296
5297
24209
24210
5298
5299
5300
5301
5302
24211
24212
5303
5304
5305
5306
5307
24213
24214
5308
5309
5310
5311
5312
24215
24216
5313
24184
5314
5315
5316
5317
5318
5319
24218
24219
5320
5321
5322
5323
5324
24220
24221
5325
5326
5327
5328
5329
24222
24223
5330
5331
5332
5333
5334
24224
24225
5335
5336
5337
5338
5339
24226
24227
5340
5341
5342
5343
5344
24228
24229
5345
5346
5347
5348
5349
24230
24231
5350
5351
5352
5353
5354
24232
24233
5355
5356
5357
5358
5359
24234
24235
5360
5361
5362
5363
5364
24236
24237
5365
5366
5367
5368
5369
24238
24239
5370
5371
5372
5373
5374
24240
24241
5375
5376
5377
5378
5379
24242
24243
5380
5381
5382
5383
5384
24244
24245
5385
5386
5387
5388
5389
24246
24247
5390
5391
5392
5393
5394
24248
24249
5395
24217
5396
5397
5398
5399
5400
5401
24251
24252
5402
5403
5404
5405
5406
24253
24254
5407
5408
5409
5410
5411
24255
24256
5412
5413
5414
5415
5416
24257
24258
5417
5418
5419
5420
5421
24259
24260
5422
5423
5424
5425
5426
24261
24262
5427
5428
5429
5430
5431
24263
24264
5432
5433
5434
5435
5436
24265
24266
5437
5438
5439
5440
5441
24267
24268
5442
5443
5444
5445
5446
24269
24270
5447
5448
5449
5450
5451
24271
24272
5452
5453
5454
5455
5456
24273
24274
5457
5458
5459
5460
5461
24275
24276
5462
5463
5464
5465
5466
24277
24278
5467
5468
5469
5470
5471
24279
24280
5472
5473
5474
5475
5476
24281
24282
5477
24250
5478
5479
5480
5481
5482
5483
24284
24285
5484
5485
5486
5487
5488
24286
24287
5489
5490
5491
5492
5493
24288
24289
5494
5495
5496
5497
5498
24290
24291
5499
5500
5501
5502
5503
24292
24293
5504
5505
5506
5507
5508
24294
24295
5509
5510
5511
5512
5513
24296
24297
5514
5515
5516
5517
5518
24298
24299
5519
5520
5521
5522
5523
24300
24301
5524
5525
5526
5527
5528
24302
24303
5529
5530
5531
5532
5533
24304
24305
5534
5535
5536
5537
5538
24306
24307
5539
5540
5541
5542
5543
24308
24309
5544
5545
5546
5547
5548
24310
24311
5549
5550
5551
5552
5553
24312
24313
5554
5555
5556
5557
5558
24314
24315
5559
24283
5560
5561
5562
5563
5564
5565
24317
24318
5566
5567
5568
5569
5570
24319
24320
5571
5572
5573
5574
5575
24321
24322
5576
5577
5578
5579
5580
24323
24324
5581
5582
5583
5584
5585
24325
24326
5586
5587
5588
5589
5590
24327
24328
5591
5592
5593
5594
5595
24329
24330
5596
5597
5598
5599
5600
24331
24332
5601
5602
5603
5604
5605
24333
24334
5606
5607
5608
5609
5610
24335
24336
5611
5612
5613
5614
5615
24337
24338
5616
5617
5618
5619
5620
24339
24340
5621
5622
5623
5624
5625
24341
24342
5626
5627
5628
5629
5630
24343
24344
5631
5632
5633
5634
5635
24345
24346
5636
5637
5638
5639
5640
24347
24348
5641
24316
5642
5643
5644
5645
5646
5647
24350
24351
5648
5649
5650
5651
5652
24352
24353
5653
5654
5655
5656
5657
24354
24355
5658
5659
5660
5661
5662
24356
24357
5663
5664
5665
5666
5667
24358
24359
5668
5669
5670
5671
5672
24360
24361
5673
5674
5675
5676
5677
24362
24363
5678
5679
5680
5681
5682
24364
24365
5683
5684
5685
5686
5687
24366
24367
5688
5689
5690
5691
5692
24368
24369
5693
5694
5695
5696
5697
24370
24371
5698
5699
5700
5701
5702
24372
24373
5703
5704
5705
5706
5707
24374
24375
5708
5709
5710
5711
5712
24376
24377
5713
5714
5715
5716
5717
24378
24379
5718
5719
5720
5721
5722
24380
24381
5723
24349
5724
5725
5726
5727
5728
5729
24383
24384
5730
5731
5732
5733
5734
24385
24386
5735
5736
5737
5738
5739
24387
24388
5740
5741
5742
5743
5744
24389
24390
5745
5746
5747
5748
5749
24391
24392
5750
5751
5752
5753
5754
24393
24394
5755
5756
5757
5758
5759
24395
24396
5760
5761
5762
5763
5764
24397
24398
5765
5766
5767
5768
5769
24399
24400
5770
5771
5772
5773
5774
24401
24402
5775
5776
5777
5778
5779
24403
24404
5780
5781
5782
5783
5784
24405
24406
5785
5786
5787
5788
5789
24407
24408
5790
5791
5792
5793
5794
24409
24410
5795
5796
5797
5798
5799
24411
24412
5800
5801
5802
5803
5804
24413
24414
5805
24382
5806
5807
5808
5809
23905
5810
5811
24416
24417
5812
5813
5814
23908
5815
5816
24418
24419
5817
5818
5819
23911
5820
5821
24420
24421
5822
5823
5824
23914
5825
5826
24422
24423
5827
5828
5829
23917
5830
5831
24424
24425
5832
5833
5834
23920
5835
5836
24426
24427
5837
5838
5839
23923
5840
5841
24428
24429
5842
5843
5844
23926
5845
5846
24430
24431
5847
5848
5849
23929
5850
5851
24432
24433
5852
5853
5854
23932
5855
5856
24434
24435
5857
5858
5859
23935
5860
5861
24436
24437
5862
5863
5864
23938
5865
5866
24438
24439
5867
5868
5869
23941
5870
5871
24440
24441
5872
5873
5874
23944
5875
5876
24442
24443
5877
5878
5879
23947
5880
5881
24444
24445
5882
5883
5884
23950
5885
5886
24446
24447
5887
24415
5888
5891
5892
5894
5889
5890
5893
5895
24450
24451
5898
5899
5901
5896
5897
5900
5902
24453
24454
5905
5906
5908
5903
5904
5907
5909
24456
24457
5912
5913
5915
5910
5911
5914
5916
24459
24460
5919
5920
5922
5917
5918
5921
5923
24462
24463
5926
5927
5929
5924
5925
5928
5930
24465
24466
5933
5934
5936
5931
5932
5935
5937
24468
24469
5940
5941
5943
5938
5939
5942
5944
24471
24472
5947
5948
5950
5945
5946
5949
5951
24474
24475
5954
5955
5957
5952
5953
5956
5958
24477
24478
5961
5962
5964
5959
5960
5963
5965
24480
24481
5968
5969
5971
5966
5967
5970
5972
24483
24484
5975
5976
5978
5973
5974
5977
5979
24486
24487
5982
5983
5985
5980
5981
5984
5986
24489
24490
5989
5990
5992
5987
5988
5991
5993
24492
24493
5996
5997
5999
5994
5995
5998
6000
24495
24496
6001
24448
6002
6003
6004
6005
6006
6007
24498
24499
6008
6009
6010
6011
6012
24500
24501
6013
6014
6015
6016
6017
24502
24503
6018
6019
6020
6021
6022
24504
24505
6023
6024
6025
6026
6027
24506
24507
6028
6029
6030
6031
6032
24508
24509
6033
6034
6035
6036
6037
24510
24511
6038
6039
6040
6041
6042
24512
24513
6043
6044
6045
6046
6047
24514
24515
6048
6049
6050
6051
6052
24516
24517
6053
6054
6055
6056
6057
24518
24519
6058
6059
6060
6061
6062
24520
24521
6063
6064
6065
6066
6067
24522
24523
6068
6069
6070
6071
6072
24524
24525
6073
6074
6075
6076
6077
24526
24527
6078
6079
6080
6081
6082
24528
24529
6083
24497
6084
6085
6086
6087
6088
6089
24531
24532
6090
6091
6092
6093
6094
24533
24534
6095
6096
6097
6098
6099
24535
24536
6100
6101
6102
6103
6104
24537
24538
6105
6106
6107
6108
6109
24539
24540
6110
6111
6112
6113
6114
24541
24542
6115
6116
6117
6118
6119
24543
24544
6120
6121
6122
6123
6124
24545
24546
6125
6126
6127
6128
6129
24547
24548
6130
6131
6132
6133
6134
24549
24550
6135
6136
6137
6138
6139
24551
24552
6140
6141
6142
6143
6144
24553
24554
6145
6146
6147
6148
6149
24555
24556
6150
6151
6152
6153
6154
24557
24558
6155
6156
6157
6158
6159
24559
24560
6160
6161
6162
6163
6164
24561
24562
6165
24530
6166
6167
6168
6169
6170
6171
24564
24565
6172
6173
6174
6175
6176
24566
24567
6177
6178
6179
6180
6181
24568
24569
6182
6183
6184
6185
6186
24570
24571
6187
6188
6189
6190
6191
24572
24573
6192
6193
6194
6195
6196
24574
24575
6197
6198
6199
6200
6201
24576
24577
6202
6203
6204
6205
6206
24578
24579
6207
6208
6209
6210
6211
24580
24581
6212
6213
6214
6215
6216
24582
24583
6217
6218
6219
6220
6221
24584
24585
6222
6223
6224
6225
6226
24586
24587
6227
6228
6229
6230
6231
24588
24589
6232
6233
6234
6235
6236
24590
24591
6237
6238
6239
6240
6241
24592
24593
6242
6243
6244
6245
6246
24594
24595
6247
24563
6248
6249
6250
6251
6252
6253
24597
24598
6254
6255
6256
6257
6258
24599
24600
6259
6260
6261
6262
6263
24601
24602
6264
6265
6266
6267
6268
24603
24604
6269
6270
6271
6272
6273
24605
24606
6274
6275
6276
6277
6278
24607
24608
6279
6280
6281
6282
6283
24609
24610
6284
6285
6286
6287
6288
24611
24612
6289
6290
6291
6292
6293
24613
24614
6294
6295
6296
6297
6298
24615
24616
6299
6300
6301
6302
6303
24617
24618
6304
6305
6306
6307
6308
24619
24620
6309
6310
6311
6312
6313
24621
24622
6314
6315
6316
6317
6318
24623
24624
6319
6320
6321
6322
6323
24625
24626
6324
6325
6326
6327
6328
24627
24628
6329
24596
6330
6331
6332
6333
6334
6335
24630
24631
6336
6337
6338
6339
6340
24632
24633
6341
6342
6343
6344
6345
24634
24635
6346
6347
6348
6349
6350
24636
24637
6351
6352
6353
6354
6355
24638
24639
6356
6357
6358
6359
6360
24640
24641
6361
6362
6363
6364
6365
24642
24643
6366
6367
6368
6369
6370
24644
24645
6371
6372
6373
6374
6375
24646
24647
6376
6377
6378
6379
6380
24648
24649
6381
6382
6383
6384
6385
24650
24651
6386
6387
6388
6389
6390
24652
24653
6391
6392
6393
6394
6395
24654
24655
6396
6397
6398
6399
6400
24656
24657
6401
6402
6403
6404
6405
24658
24659
6406
6407
6408
6409
6410
24660
24661
6411
24629
6412
6413
6414
6415
6416
6417
24663
24664
6418
6419
6420
6421
6422
24665
24666
6423
6424
6425
6426
6427
24667
24668
6428
6429
6430
6431
6432
24669
24670
6433
6434
6435
6436
6437
24671
24672
6438
6439
6440
6441
6442
24673
24674
6443
6444
6445
6446
6447
24675
24676
6448
6449
6450
6451
6452
24677
24678
6453
6454
6455
6456
6457
24679
24680
6458
6459
6460
6461
6462
24681
24682
6463
6464
6465
6466
6467
24683
24684
6468
6469
6470
6471
6472
24685
24686
6473
6474
6475
6476
6477
24687
24688
6478
6479
6480
6481
6482
24689
24690
6483
6484
6485
6486
6487
24691
24692
6488
6489
6490
6491
6492
24693
24694
6493
24662
6494
6495
6496
6497
6498
6499
24696
24697
6500
6501
6502
6503
6504
24698
24699
6505
6506
6507
6508
6509
24700
24701
6510
6511
6512
6513
6514
24702
24703
6515
6516
6517
6518
6519
24704
24705
6520
6521
6522
6523
6524
24706
24707
6525
6526
6527
6528
6529
24708
24709
6530
6531
6532
6533
6534
24710
24711
6535
6536
6537
6538
6539
24712
24713
6540
6541
6542
6543
6544
24714
24715
6545
6546
6547
6548
6549
24716
24717
6550
6551
6552
6553
6554
24718
24719
6555
6556
6557
6558
6559
24720
24721
6560
6561
6562
6563
6564
24722
24723
6565
6566
6567
6568
6569
24724
24725
6570
6571
6572
6573
6574
24726
24727
6575
24695
6576
6577
6578
6579
6580
6581
24729
24730
6582
6583
6584
6585
6586
24731
24732
6587
6588
6589
6590
6591
24733
24734
6592
6593
6594
6595
6596
24735
24736
6597
6598
6599
6600
6601
24737
24738
6602
6603
6604
6605
6606
24739
24740
6607
6608
6609
6610
6611
24741
24742
6612
6613
6614
6615
6616
24743
24744
6617
6618
6619
6620
6621
24745
24746
6622
6623
6624
6625
6626
24747
24748
6627
6628
6629
6630
6631
24749
24750
6632
6633
6634
6635
6636
24751
24752
6637
6638
6639
6640
6641
24753
24754
6642
6643
6644
6645
6646
24755
24756
6647
6648
6649
6650
6651
24757
24758
6652
6653
6654
6655
6656
24759
24760
6657
24728
6658
6659
6660
6661
6662
6663
24762
24763
6664
6665
6666
6667
6668
24764
24765
6669
6670
6671
6672
6673
24766
24767
6674
6675
6676
6677
6678
24768
24769
6679
6680
6681
6682
6683
24770
24771
6684
6685
6686
6687
6688
24772
24773
6689
6690
6691
6692
6693
24774
24775
6694
6695
6696
6697
6698
24776
24777
6699
6700
6701
6702
6703
24778
24779
6704
6705
6706
6707
6708
24780
24781
6709
6710
6711
6712
6713
24782
24783
6714
6715
6716
6717
6718
24784
24785
6719
6720
6721
6722
6723
24786
24787
6724
6725
6726
6727
6728
24788
24789
6729
6730
6731
6732
6733
24790
24791
6734
6735
6736
6737
6738
24792
24793
6739
24761
6740
6741
6742
6743
6744
6745
24795
24796
6746
6747
6748
6749
6750
24797
24798
6751
6752
6753
6754
6755
24799
24800
6756
6757
6758
6759
6760
24801
24802
6761
6762
6763
6764
6765
24803
24804
6766
6767
6768
6769
6770
24805
24806
6771
6772
6773
6774
6775
24807
24808
6776
6777
6778
6779
6780
24809
24810
6781
6782
6783
6784
6785
24811
24812
6786
6787
6788
6789
6790
24813
24814
6791
6792
6793
6794
6795
24815
24816
6796
6797
6798
6799
6800
24817
24818
6801
6802
6803
6804
6805
24819
24820
6806
6807
6808
6809
6810
24821
24822
6811
6812
6813
6814
6815
24823
24824
6816
6817
6818
6819
6820
24825
24826
6821
24794
6822
6823
6824
6825
6826
6827
24828
24829
6828
6829
6830
6831
6832
24830
24831
6833
6834
6835
6836
6837
24832
24833
6838
6839
6840
6841
6842
24834
24835
6843
6844
6845
6846
6847
24836
24837
6848
6849
6850
6851
6852
24838
24839
6853
6854
6855
6856
6857
24840
24841
6858
6859
6860
6861
6862
24842
24843
6863
6864
6865
6866
6867
24844
24845
6868
6869
6870
6871
6872
24846
24847
6873
6874
6875
6876
6877
24848
24849
6878
6879
6880
6881
6882
24850
24851
6883
6884
6885
6886
6887
24852
24853
6888
6889
6890
6891
6892
24854
24855
6893
6894
6895
6896
6897
24856
24857
6898
6899
6900
6901
6902
24858
24859
6903
24827
6904
6905
6906
6907
6908
6909
24861
24862
6910
6911
6912
6913
6914
24863
24864
6915
6916
6917
6918
6919
24865
24866
6920
6921
6922
6923
6924
24867
24868
6925
6926
6927
6928
6929
24869
24870
6930
6931
6932
6933
6934
24871
24872
6935
6936
6937
6938
6939
24873
24874
6940
6941
6942
6943
6944
24875
24876
6945
6946
6947
6948
6949
24877
24878
6950
6951
6952
6953
6954
24879
24880
6955
6956
6957
6958
6959
24881
24882
6960
6961
6962
6963
6964
24883
24884
6965
6966
6967
6968
6969
24885
24886
6970
6971
6972
6973
6974
24887
24888
6975
6976
6977
6978
6979
24889
24890
6980
6981
6982
6983
6984
24891
24892
6985
24860
6986
6987
6988
6989
6990
6991
24894
24895
6992
6993
6994
6995
6996
24896
24897
6997
6998
6999
7000
7001
24898
24899
7002
7003
7004
7005
7006
24900
24901
7007
7008
7009
7010
7011
24902
24903
7012
7013
7014
7015
7016
24904
24905
7017
7018
7019
7020
7021
24906
24907
7022
7023
7024
7025
7026
24908
24909
7027
7028
7029
7030
7031
24910
24911
7032
7033
7034
7035
7036
24912
24913
7037
7038
7039
7040
7041
24914
24915
7042
7043
7044
7045
7046
24916
24917
7047
7048
7049
7050
7051
24918
24919
7052
7053
7054
7055
7056
24920
24921
7057
7058
7059
7060
7061
24922
24923
7062
7063
7064
7065
7066
24924
24925
7067
24893
7068
7069
7070
7071
7072
7073
24927
24928
7074
7075
7076
7077
7078
24929
24930
7079
7080
7081
7082
7083
24931
24932
7084
7085
7086
7087
7088
24933
24934
7089
7090
7091
7092
7093
24935
24936
7094
7095
7096
7097
7098
24937
24938
7099
7100
7101
7102
7103
24939
24940
7104
7105
7106
7107
7108
24941
24942
7109
7110
7111
7112
7113
24943
24944
7114
7115
7116
7117
7118
24945
24946
7119
7120
7121
7122
7123
24947
24948
7124
7125
7126
7127
7128
24949
24950
7129
7130
7131
7132
7133
24951
24952
7134
7135
7136
7137
7138
24953
24954
7139
7140
7141
7142
7143
24955
24956
7144
7145
7146
7147
7148
24957
24958
7149
24926
7150
7151
7152
7153
24449
7154
7155
24960
24961
7156
7157
7158
24452
7159
7160
24962
24963
7161
7162
7163
24455
7164
7165
24964
24965
7166
7167
7168
24458
7169
7170
24966
24967
7171
7172
7173
24461
7174
7175
24968
24969
7176
7177
7178
24464
7179
7180
24970
24971
7181
7182
7183
24467
7184
7185
24972
24973
7186
7187
7188
24470
7189
7190
24974
24975
7191
7192
7193
24473
7194
7195
24976
24977
7196
7197
7198
24476
7199
7200
24978
24979
7201
7202
7203
24479
7204
7205
24980
24981
7206
7207
7208
24482
7209
7210
24982
24983
7211
7212
7213
24485
7214
7215
24984
24985
7216
7217
7218
24488
7219
7220
24986
24987
7221
7222
7223
24491
7224
7225
24988
24989
7226
7227
7228
24494
7229
7230
24990
24991
7231
24959
7232
7235
7236
7238
7233
7234
7237
7239
24994
24995
7242
7243
7245
7240
7241
7244
7246
24997
24998
7249
7250
7252
7247
7248
7251
7253
25000
25001
7256
7257
7259
7254
7255
7258
7260
25003
25004
7263
7264
7266
7261
7262
7265
7267
25006
25007
7270
7271
7273
7268
7269
7272
7274
25009
25010
7277
7278
7280
7275
7276
7279
7281
25012
25013
7284
7285
7287
7282
7283
7286
7288
25015
25016
7291
7292
7294
7289
7290
7293
7295
25018
25019
7298
7299
7301
7296
7297
7300
7302
25021
25022
7305
7306
7308
7303
7304
7307
7309
25024
25025
7312
7313
7315
7310
7311
7314
7316
25027
25028
7319
7320
7322
7317
7318
7321
7323
25030
25031
7326
7327
7329
7324
7325
7328
7330
25033
25034
7333
7334
7336
7331
7332
7335
7337
25036
25037
7340
7341
7343
7338
7339
7342
7344
25039
25040
7345
24992
7346
7347
7348
7349
7350
7351
25042
25043
7352
7353
7354
7355
7356
25044
25045
7357
7358
7359
7360
7361
25046
25047
7362
7363
7364
7365
7366
25048
25049
7367
7368
7369
7370
7371
25050
25051
7372
7373
7374
7375
7376
25052
25053
7377
7378
7379
7380
7381
25054
25055
7382
7383
7384
7385
7386
25056
25057
7387
7388
7389
7390
7391
25058
25059
7392
7393
7394
7395
7396
25060
25061
7397
7398
7399
7400
7401
25062
25063
7402
7403
7404
7405
7406
25064
25065
7407
7408
7409
7410
7411
25066
25067
7412
7413
7414
7415
7416
25068
25069
7417
7418
7419
7420
7421
25070
25071
7422
7423
7424
7425
7426
25072
25073
7427
25041
7428
7429
7430
7431
7432
7433
25075
25076
7434
7435
7436
7437
7438
25077
25078
7439
7440
7441
7442
7443
25079
25080
7444
7445
7446
7447
7448
25081
25082
7449
7450
7451
7452
7453
25083
25084
7454
7455
7456
7457
7458
25085
25086
7459
7460
7461
7462
7463
25087
25088
7464
7465
7466
7467
7468
25089
25090
7469
7470
7471
7472
7473
25091
25092
7474
7475
7476
7477
7478
25093
25094
7479
7480
7481
7482
7483
25095
25096
7484
7485
7486
7487
7488
25097
25098
7489
7490
7491
7492
7493
25099
25100
7494
7495
7496
7497
7498
25101
25102
7499
7500
7501
7502
7503
25103
25104
7504
7505
7506
7507
7508
25105
25106
7509
25074
7510
7511
7512
7513
7514
7515
25108
25109
7516
7517
7518
7519
7520
25110
25111
7521
7522
7523
7524
7525
25112
25113
7526
7527
7528
7529
7530
25114
25115
7531
7532
7533
7534
7535
25116
25117
7536
7537
7538
7539
7540
25118
25119
7541
7542
7543
7544
7545
25120
25121
7546
7547
7548
7549
7550
25122
25123
7551
7552
7553
7554
7555
25124
25125
7556
7557
7558
7559
7560
25126
25127
7561
7562
7563
7564
7565
25128
25129
7566
7567
7568
7569
7570
25130
25131
7571
7572
7573
7574
7575
25132
25133
7576
7577
7578
7579
7580
25134
25135
7581
7582
7583
7584
7585
25136
25137
7586
7587
7588
7589
7590
25138
25139
7591
25107
7592
7593
7594
7595
7596
7597
25141
25142
7598
7599
7600
7601
7602
25143
25144
7603
7604
7605
7606
7607
25145
25146
7608
7609
7610
7611
7612
25147
25148
7613
7614
7615
7616
7617
25149
25150
7618
7619
7620
7621
7622
25151
25152
7623
7624
7625
7626
7627
25153
25154
7628
7629
7630
7631
7632
25155
25156
7633
7634
7635
7636
7637
25157
25158
7638
7639
7640
7641
7642
25159
25160
7643
7644
7645
7646
7647
25161
25162
7648
7649
7650
7651
7652
25163
25164
7653
7654
7655
7656
7657
25165
25166
7658
7659
7660
7661
7662
25167
25168
7663
7664
7665
7666
7667
25169
25170
7668
7669
7670
7671
7672
25171
25172
7673
25140
7674
7675
7676
7677
7678
7679
25174
25175
7680
7681
7682
7683
7684
25176
25177
7685
7686
7687
7688
7689
25178
25179
7690
7691
7692
7693
7694
25180
25181
7695
7696
7697
7698
7699
25182
25183
7700
7701
7702
7703
7704
25184
25185
7705
7706
7707
7708
7709
25186
25187
7710
7711
7712
7713
7714
25188
25189
7715
7716
7717
7718
7719
25190
25191
7720
7721
7722
7723
7724
25192
25193
7725
7726
7727
7728
7729
25194
25195
7730
7731
7732
7733
7734
25196
25197
7735
7736
7737
7738
7739
25198
25199
7740
7741
7742
7743
7744
25200
25201
7745
7746
7747
7748
7749
25202
25203
7750
7751
7752
7753
7754
25204
25205
7755
25173
7756
7757
7758
7759
7760
7761
25207
25208
7762
7763
7764
7765
7766
25209
25210
7767
7768
7769
7770
7771
25211
25212
7772
7773
7774
7775
7776
25213
25214
7777
7778
7779
7780
7781
25215
25216
7782
7783
7784
7785
7786
25217
25218
7787
7788
7789
7790
7791
25219
25220
7792
7793
7794
7795
7796
25221
25222
7797
7798
7799
7800
7801
25223
25224
7802
7803
7804
7805
7806
25225
25226
7807
7808
7809
7810
7811
25227
25228
7812
7813
7814
7815
7816
25229
25230
7817
7818
7819
7820
7821
25231
25232
7822
7823
7824
7825
7826
25233
25234
7827
7828
7829
7830
7831
25235
25236
7832
7833
7834
7835
7836
25237
25238
7837
25206
7838
7839
7840
7841
7842
7843
25240
25241
7844
7845
7846
7847
7848
25242
25243
7849
7850
7851
7852
7853
25244
25245
7854
7855
7856
7857
7858
25246
25247
7859
7860
7861
7862
7863
25248
25249
7864
7865
7866
7867
7868
25250
25251
7869
7870
7871
7872
7873
25252
25253
7874
7875
7876
7877
7878
25254
25255
7879
7880
7881
7882
7883
25256
25257
7884
7885
7886
7887
7888
25258
25259
7889
7890
7891
7892
7893
25260
25261
7894
7895
7896
7897
7898
25262
25263
7899
7900
7901
7902
7903
25264
25265
7904
7905
7906
7907
7908
25266
25267
7909
7910
7911
7912
7913
25268
25269
7914
7915
7916
7917
7918
25270
25271
7919
25239
7920
7921
7922
7923
7924
7925
25273
25274
7926
7927
7928
7929
7930
25275
25276
7931
7932
7933
7934
7935
25277
25278
7936
7937
7938
7939
7940
25279
25280
7941
7942
7943
7944
7945
25281
25282
7946
7947
7948
7949
7950
25283
25284
7951
7952
7953
7954
7955
25285
25286
7956
7957
7958
7959
7960
25287
25288
7961
7962
7963
7964
7965
25289
25290
7966
7967
7968
7969
7970
25291
25292
7971
7972
7973
7974
7975
25293
25294
7976
7977
7978
7979
7980
25295
25296
7981
7982
7983
7984
7985
25297
25298
7986
7987
7988
7989
7990
25299
25300
7991
7992
7993
7994
7995
25301
25302
7996
7997
7998
7999
8000
25303
25304
8001
25272
8002
8003
8004
8005
8006
8007
25306
25307
8008
8009
8010
8011
8012
25308
25309
8013
8014
8015
8016
8017
25310
25311
8018
8019
8020
8021
8022
25312
25313
8023
8024
8025
8026
8027
25314
25315
8028
8029
8030
8031
8032
25316
25317
8033
8034
8035
8036
8037
25318
25319
8038
8039
8040
8041
8042
25320
25321
8043
8044
8045
8046
8047
25322
25323
8048
8049
8050
8051
8052
25324
25325
8053
8054
8055
8056
8057
25326
25327
8058
8059
8060
8061
8062
25328
25329
8063
8064
8065
8066
8067
25330
25331
8068
8069
8070
8071
8072
25332
25333
8073
8074
8075
8076
8077
25334
25335
8078
8079
8080
8081
8082
25336
25337
8083
25305
8084
8085
8086
8087
8088
8089
25339
25340
8090
8091
8092
8093
8094
25341
25342
8095
8096
8097
8098
8099
25343
25344
8100
8101
8102
8103
8104
25345
25346
8105
8106
8107
8108
8109
25347
25348
8110
8111
8112
8113
8114
25349
25350
8115
8116
8117
8118
8119
25351
25352
8120
8121
8122
8123
8124
25353
25354
8125
8126
8127
8128
8129
25355
25356
8130
8131
8132
8133
8134
25357
25358
8135
8136
8137
8138
8139
25359
25360
8140
8141
8142
8143
8144
25361
25362
8145
8146
8147
8148
8149
25363
25364
8150
8151
8152
8153
8154
25365
25366
8155
8156
8157
8158
8159
25367
25368
8160
8161
8162
8163
8164
25369
25370
8165
25338
8166
8167
8168
8169
8170
8171
25372
25373
8172
8173
8174
8175
8176
25374
25375
8177
8178
8179
8180
8181
25376
25377
8182
8183
8184
8185
8186
25378
25379
8187
8188
8189
8190
8191
25380
25381
8192
8193
8194
8195
8196
25382
25383
8197
8198
8199
8200
8201
25384
25385
8202
8203
8204
8205
8206
25386
25387
8207
8208
8209
8210
8211
25388
25389
8212
8213
8214
8215
8216
25390
25391
8217
8218
8219
8220
8221
25392
25393
8222
8223
8224
8225
8226
25394
25395
8227
8228
8229
8230
8231
25396
25397
8232
8233
8234
8235
8236
25398
25399
8237
8238
8239
8240
8241
25400
25401
8242
8243
8244
8245
8246
25402
25403
8247
25371
8248
8249
8250
8251
8252
8253
25405
25406
8254
8255
8256
8257
8258
25407
25408
8259
8260
8261
8262
8263
25409
25410
8264
8265
8266
8267
8268
25411
25412
8269
8270
8271
8272
8273
25413
25414
8274
8275
8276
8277
8278
25415
25416
8279
8280
8281
8282
8283
25417
25418
8284
8285
8286
8287
8288
25419
25420
8289
8290
8291
8292
8293
25421
25422
8294
8295
8296
8297
8298
25423
25424
8299
8300
8301
8302
8303
25425
25426
8304
8305
8306
8307
8308
25427
25428
8309
8310
8311
8312
8313
25429
25430
8314
8315
8316
8317
8318
25431
25432
8319
8320
8321
8322
8323
25433
25434
8324
8325
8326
8327
8328
25435
25436
8329
25404
8330
8331
8332
8333
8334
8335
25438
25439
8336
8337
8338
8339
8340
25440
25441
8341
8342
8343
8344
8345
25442
25443
8346
8347
8348
8349
8350
25444
25445
8351
8352
8353
8354
8355
25446
25447
8356
8357
8358
8359
8360
25448
25449
8361
8362
8363
8364
8365
25450
25451
8366
8367
8368
8369
8370
25452
25453
8371
8372
8373
8374
8375
25454
25455
8376
8377
8378
8379
8380
25456
25457
8381
8382
8383
8384
8385
25458
25459
8386
8387
8388
8389
8390
25460
25461
8391
8392
8393
8394
8395
25462
25463
8396
8397
8398
8399
8400
25464
25465
8401
8402
8403
8404
8405
25466
25467
8406
8407
8408
8409
8410
25468
25469
8411
25437
8412
8413
8414
8415
8416
8417
25471
25472
8418
8419
8420
8421
8422
25473
25474
8423
8424
8425
8426
8427
25475
25476
8428
8429
8430
8431
8432
25477
25478
8433
8434
8435
8436
8437
25479
25480
8438
8439
8440
8441
8442
25481
25482
8443
8444
8445
8446
8447
25483
25484
8448
8449
8450
8451
8452
25485
25486
8453
8454
8455
8456
8457
25487
25488
8458
8459
8460
8461
8462
25489
25490
8463
8464
8465
8466
8467
25491
25492
8468
8469
8470
8471
8472
25493
25494
8473
8474
8475
8476
8477
25495
25496
8478
8479
8480
8481
8482
25497
25498
8483
8484
8485
8486
8487
25499
25500
8488
8489
8490
8491
8492
25501
25502
8493
25470
8494
8495
8496
8497
24993
8498
8499
25504
25505
8500
8501
8502
24996
8503
8504
25506
25507
8505
8506
8507
24999
8508
8509
25508
25509
8510
8511
8512
25002
8513
8514
25510
25511
8515
8516
8517
25005
8518
8519
25512
25513
8520
8521
8522
25008
8523
8524
25514
25515
8525
8526
8527
25011
8528
8529
25516
25517
8530
8531
8532
25014
8533
8534
25518
25519
8535
8536
8537
25017
8538
8539
25520
25521
8540
8541
8542
25020
8543
8544
25522
25523
8545
8546
8547
25023
8548
8549
25524
25525
8550
8551
8552
25026
8553
8554
25526
25527
8555
8556
8557
25029
8558
8559
25528
25529
8560
8561
8562
25032
8563
8564
25530
25531
8565
8566
8567
25035
8568
8569
25532
25533
8570
8571
8572
25038
8573
8574
25534
25535
8575
25503
8576
8579
8580
8582
8577
8578
8581
8583
25538
25539
8586
8587
8589
8584
8585
8588
8590
25541
25542
8593
8594
8596
8591
8592
8595
8597
25544
25545
8600
8601
8603
8598
8599
8602
8604
25547
25548
8607
8608
8610
8605
8606
8609
8611
25550
25551
8614
8615
8617
8612
8613
8616
8618
25553
25554
8621
8622
8624
8619
8620
8623
8625
25556
25557
8628
8629
8631
8626
8627
8630
8632
25559
25560
8635
8636
8638
8633
8634
8637
8639
25562
25563
8642
8643
8645
8640
8641
8644
8646
25565
25566
8649
8650
8652
8647
8648
8651
8653
25568
25569
8656
8657
8659
8654
8655
8658
8660
25571
25572
8663
8664
8666
8661
8662
8665
8667
25574
25575
8670
8671
8673
8668
8669
8672
8674
25577
25578
8677
8678
8680
8675
8676
8679
8681
25580
25581
8684
8685
8687
8682
8683
8686
8688
25583
25584
8689
25536
8690
8691
8692
8693
8694
8695
25586
25587
8696
8697
8698
8699
8700
25588
25589
8701
8702
8703
8704
8705
25590
25591
8706
8707
8708
8709
8710
25592
25593
8711
8712
8713
8714
8715
25594
25595
8716
8717
8718
8719
8720
25596
25597
8721
8722
8723
8724
8725
25598
25599
8726
8727
8728
8729
8730
25600
25601
8731
8732
8733
8734
8735
25602
25603
8736
8737
8738
8739
8740
25604
25605
8741
8742
8743
8744
8745
25606
25607
8746
8747
8748
8749
8750
25608
25609
8751
8752
8753
8754
8755
25610
25611
8756
8757
8758
8759
8760
25612
25613
8761
8762
8763
8764
8765
25614
25615
8766
8767
8768
8769
8770
25616
25617
8771
25585
8772
8773
8774
8775
8776
8777
25619
25620
8778
8779
8780
8781
8782
25621
25622
8783
8784
8785
8786
8787
25623
25624
8788
8789
8790
8791
8792
25625
25626
8793
8794
8795
8796
8797
25627
25628
8798
8799
8800
8801
8802
25629
25630
8803
8804
8805
8806
8807
25631
25632
8808
8809
8810
8811
8812
25633
25634
8813
8814
8815
8816
8817
25635
25636
8818
8819
8820
8821
8822
25637
25638
8823
8824
8825
8826
8827
25639
25640
8828
8829
8830
8831
8832
25641
25642
8833
8834
8835
8836
8837
25643
25644
8838
8839
8840
8841
8842
25645
25646
8843
8844
8845
8846
8847
25647
25648
8848
8849
8850
8851
8852
25649
25650
8853
25618
8854
8855
8856
8857
8858
8859
25652
25653
8860
8861
8862
8863
8864
25654
25655
8865
8866
8867
8868
8869
25656
25657
8870
8871
8872
8873
8874
25658
25659
8875
8876
8877
8878
8879
25660
25661
8880
8881
8882
8883
8884
25662
25663
8885
8886
8887
8888
8889
25664
25665
8890
8891
8892
8893
8894
25666
25667
8895
8896
8897
8898
8899
25668
25669
8900
8901
8902
8903
8904
25670
25671
8905
8906
8907
8908
8909
25672
25673
8910
8911
8912
8913
8914
25674
25675
8915
8916
8917
8918
8919
25676
25677
8920
8921
8922
8923
8924
25678
25679
8925
8926
8927
8928
8929
25680
25681
8930
8931
8932
8933
8934
25682
25683
8935
25651
8936
8937
8938
8939
8940
8941
25685
25686
8942
8943
8944
8945
8946
25687
25688
8947
8948
8949
8950
8951
25689
25690
8952
8953
8954
8955
8956
25691
25692
8957
8958
8959
8960
8961
25693
25694
8962
8963
8964
8965
8966
25695
25696
8967
8968
8969
8970
8971
25697
25698
8972
8973
8974
8975
8976
25699
25700
8977
8978
8979
8980
8981
25701
25702
8982
8983
8984
8985
8986
25703
25704
8987
8988
8989
8990
8991
25705
25706
8992
8993
8994
8995
8996
25707
25708
8997
8998
8999
9000
9001
25709
25710
9002
9003
9004
9005
9006
25711
25712
9007
9008
9009
9010
9011
25713
25714
9012
9013
9014
9015
9016
25715
25716
9017
25684
9018
9019
9020
9021
9022
9023
25718
25719
9024
9025
9026
9027
9028
25720
25721
9029
9030
9031
9032
9033
25722
25723
9034
9035
9036
9037
9038
25724
25725
9039
9040
9041
9042
9043
25726
25727
9044
9045
9046
9047
9048
25728
25729
9049
9050
9051
9052
9053
25730
25731
9054
9055
9056
9057
9058
25732
25733
9059
9060
9061
9062
9063
25734
25735
9064
9065
9066
9067
9068
25736
25737
9069
9070
9071
9072
9073
25738
25739
9074
9075
9076
9077
9078
25740
25741
9079
9080
9081
9082
9083
25742
25743
9084
9085
9086
9087
9088
25744
25745
9089
9090
9091
9092
9093
25746
25747
9094
9095
9096
9097
9098
25748
25749
9099
25717
9100
9101
9102
9103
9104
9105
25751
25752
9106
9107
9108
9109
9110
25753
25754
9111
9112
9113
9114
9115
25755
25756
9116
9117
9118
9119
9120
25757
25758
9121
9122
9123
9124
9125
25759
25760
9126
9127
9128
9129
9130
25761
25762
9131
9132
9133
9134
9135
25763
25764
9136
9137
9138
9139
9140
25765
25766
9141
9142
9143
9144
9145
25767
25768
9146
9147
9148
9149
9150
25769
25770
9151
9152
9153
9154
9155
25771
25772
9156
9157
9158
9159
9160
25773
25774
9161
9162
9163
9164
9165
25775
25776
9166
9167
9168
9169
9170
25777
25778
9171
9172
9173
9174
9175
25779
25780
9176
9177
9178
9179
9180
25781
25782
9181
25750
9182
9183
9184
9185
9186
9187
25784
25785
9188
9189
9190
9191
9192
25786
25787
9193
9194
9195
9196
9197
25788
25789
9198
9199
9200
9201
9202
25790
25791
9203
9204
9205
9206
9207
25792
25793
9208
9209
9210
9211
9212
25794
25795
9213
9214
9215
9216
9217
25796
25797
9218
9219
9220
9221
9222
25798
25799
9223
9224
9225
9226
9227
25800
25801
9228
9229
9230
9231
9232
25802
25803
9233
9234
9235
9236
9237
25804
25805
9238
9239
9240
9241
9242
25806
25807
9243
9244
9245
9246
9247
25808
25809
9248
9249
9250
9251
9252
25810
25811
9253
9254
9255
9256
9257
25812
25813
9258
9259
9260
9261
9262
25814
25815
9263
25783
9264
9265
9266
9267
9268
9269
25817
25818
9270
9271
9272
9273
9274
25819
25820
9275
9276
9277
9278
9279
25821
25822
9280
9281
9282
9283
9284
25823
25824
9285
9286
9287
9288
9289
25825
25826
9290
9291
9292
9293
9294
25827
25828
9295
9296
9297
9298
9299
25829
25830
9300
9301
9302
9303
9304
25831
25832
9305
9306
9307
9308
9309
25833
25834
9310
9311
9312
9313
9314
25835
25836
9315
9316
9317
9318
9319
25837
25838
9320
9321
9322
9323
9324
25839
25840
9325
9326
9327
9328
9329
25841
25842
9330
9331
9332
9333
9334
25843
25844
9335
9336
9337
9338
9339
25845
25846
9340
9341
9342
9343
9344
25847
25848
9345
25816
9346
9347
9348
9349
9350
9351
25850
25851
9352
9353
9354
9355
9356
25852
25853
9357
9358
9359
9360
9361
25854
25855
9362
9363
9364
9365
9366
25856
25857
9367
9368
9369
9370
9371
25858
25859
9372
9373
9374
9375
9376
25860
25861
9377
9378
9379
9380
9381
25862
25863
9382
9383
9384
9385
9386
25864
25865
9387
9388
9389
9390
9391
25866
25867
9392
9393
9394
9395
9396
25868
25869
9397
9398
9399
9400
9401
25870
25871
9402
9403
9404
9405
9406
25872
25873
9407
9408
9409
9410
9411
25874
25875
9412
9413
9414
9415
9416
25876
25877
9417
9418
9419
9420
9421
25878
25879
9422
9423
9424
9425
9426
25880
25881
9427
25849
9428
9429
9430
9431
9432
9433
25883
25884
9434
9435
9436
9437
9438
25885
25886
9439
9440
9441
9442
9443
25887
25888
9444
9445
9446
9447
9448
25889
25890
9449
9450
9451
9452
9453
25891
25892
9454
9455
9456
9457
9458
25893
25894
9459
9460
9461
9462
9463
25895
25896
9464
9465
9466
9467
9468
25897
25898
9469
9470
9471
9472
9473
25899
25900
9474
9475
9476
9477
9478
25901
25902
9479
9480
9481
9482
9483
25903
25904
9484
9485
9486
9487
9488
25905
25906
9489
9490
9491
9492
9493
25907
25908
9494
9495
9496
9497
9498
25909
25910
9499
9500
9501
9502
9503
25911
25912
9504
9505
9506
9507
9508
25913
25914
9509
25882
9510
9511
9512
9513
9514
9515
25916
25917
9516
9517
9518
9519
9520
25918
25919
9521
9522
9523
9524
9525
25920
25921
9526
9527
9528
9529
9530
25922
25923
9531
9532
9533
9534
9535
25924
25925
9536
9537
9538
9539
9540
25926
25927
9541
9542
9543
9544
9545
25928
25929
9546
9547
9548
9549
9550
25930
25931
9551
9552
9553
9554
9555
25932
25933
9556
9557
9558
9559
9560
25934
25935
9561
9562
9563
9564
9565
25936
25937
9566
9567
9568
9569
9570
25938
25939
9571
9572
9573
9574
9575
25940
25941
9576
9577
9578
9579
9580
25942
25943
9581
9582
9583
9584
9585
25944
25945
9586
9587
9588
9589
9590
25946
25947
9591
25915
9592
9593
9594
9595
9596
9597
25949
25950
9598
9599
9600
9601
9602
25951
25952
9603
9604
9605
9606
9607
25953
25954
9608
9609
9610
9611
9612
25955
25956
9613
9614
9615
9616
9617
25957
25958
9618
9619
9620
9621
9622
25959
25960
9623
9624
9625
9626
9627
25961
25962
9628
9629
9630
9631
9632
25963
25964
9633
9634
9635
9636
9637
25965
25966
9638
9639
9640
9641
9642
25967
25968
9643
9644
9645
9646
9647
25969
25970
9648
9649
9650
9651
9652
25971
25972
9653
9654
9655
9656
9657
25973
25974
9658
9659
9660
9661
9662
25975
25976
9663
9664
9665
9666
9667
25977
25978
9668
9669
9670
9671
9672
25979
25980
9673
25948
9674
9675
9676
9677
9678
9679
25982
25983
9680
9681
9682
9683
9684
25984
25985
9685
9686
9687
9688
9689
25986
25987
9690
9691
9692
9693
9694
25988
25989
9695
9696
9697
9698
9699
25990
25991
9700
9701
9702
9703
9704
25992
25993
9705
9706
9707
9708
9709
25994
25995
9710
9711
9712
9713
9714
25996
25997
9715
9716
9717
9718
9719
25998
25999
9720
9721
9722
9723
9724
26000
26001
9725
9726
9727
9728
9729
26002
26003
9730
9731
9732
9733
9734
26004
26005
9735
9736
9737
9738
9739
26006
26007
9740
9741
9742
9743
9744
26008
26009
9745
9746
9747
9748
9749
26010
26011
9750
9751
9752
9753
9754
26012
26013
9755
25981
9756
9757
9758
9759
9760
9761
26015
26016
9762
9763
9764
9765
9766
26017
26018
9767
9768
9769
9770
9771
26019
26020
9772
9773
9774
9775
9776
26021
26022
9777
9778
9779
9780
9781
26023
26024
9782
9783
9784
9785
9786
26025
26026
9787
9788
9789
9790
9791
26027
26028
9792
9793
9794
9795
9796
26029
26030
9797
9798
9799
9800
9801
26031
26032
9802
9803
9804
9805
9806
26033
26034
9807
9808
9809
9810
9811
26035
26036
9812
9813
9814
9815
9816
26037
26038
9817
9818
9819
9820
9821
26039
26040
9822
9823
9824
9825
9826
26041
26042
9827
9828
9829
9830
9831
26043
26044
9832
9833
9834
9835
9836
26045
26046
9837
26014
9838
9839
9840
9841
25537
9842
9843
26048
26049
9844
9845
9846
25540
9847
9848
26050
26051
9849
9850
9851
25543
9852
9853
26052
26053
9854
9855
9856
25546
9857
9858
26054
26055
9859
9860
9861
25549
9862
9863
26056
26057
9864
9865
9866
25552
9867
9868
26058
26059
9869
9870
9871
25555
9872
9873
26060
26061
9874
9875
9876
25558
9877
9878
26062
26063
9879
9880
9881
25561
9882
9883
26064
26065
9884
9885
9886
25564
9887
9888
26066
26067
9889
9890
9891
25567
9892
9893
26068
26069
9894
9895
9896
25570
9897
9898
26070
26071
9899
9900
9901
25573
9902
9903
26072
26073
9904
9905
9906
25576
9907
9908
26074
26075
9909
9910
9911
25579
9912
9913
26076
26077
9914
9915
9916
25582
9917
9918
26078
26079
9919
26047
9920
9923
9924
9926
9921
9922
9925
9927
26082
26083
9930
9931
9933
9928
9929
9932
9934
26085
26086
9937
9938
9940
9935
9936
9939
9941
26088
26089
9944
9945
9947
9942
9943
9946
9948
26091
26092
9951
9952
9954
9949
9950
9953
9955
26094
26095
9958
9959
9961
9956
9957
9960
9962
26097
26098
9965
9966
9968
9963
9964
9967
9969
26100
26101
9972
9973
9975
9970
9971
9974
9976
26103
26104
9979
9980
9982
9977
9978
9981
9983
26106
26107
9986
9987
9989
9984
9985
9988
9990
26109
26110
9993
9994
9996
9991
9992
9995
9997
26112
26113
10000
10001
10003
9998
9999
10002
10004
26115
26116
10007
10008
10010
10005
10006
10009
10011
26118
26119
10014
10015
10017
10012
10013
10016
10018
26121
26122
10021
10022
10024
10019
10020
10023
10025
26124
26125
10028
10029
10031
10026
10027
10030
10032
26127
26128
10033
26080
10034
10035
10036
10037
10038
10039
26130
26131
10040
10041
10042
10043
10044
26132
26133
10045
10046
10047
10048
10049
26134
26135
10050
10051
10052
10053
10054
26136
26137
10055
10056
10057
10058
10059
26138
26139
10060
10061
10062
10063
10064
26140
26141
10065
10066
10067
10068
10069
26142
26143
10070
10071
10072
10073
10074
26144
26145
10075
10076
10077
10078
10079
26146
26147
10080
10081
10082
10083
10084
26148
26149
10085
10086
10087
10088
10089
26150
26151
10090
10091
10092
10093
10094
26152
26153
10095
10096
10097
10098
10099
26154
26155
10100
10101
10102
10103
10104
26156
26157
10105
10106
10107
10108
10109
26158
26159
10110
10111
10112
10113
10114
26160
26161
10115
26129
10116
10117
10118
10119
10120
10121
26163
26164
10122
10123
10124
10125
10126
26165
26166
10127
10128
10129
10130
10131
26167
26168
10132
10133
10134
10135
10136
26169
26170
10137
10138
10139
10140
10141
26171
26172
10142
10143
10144
10145
10146
26173
26174
10147
10148
10149
10150
10151
26175
26176
10152
10153
10154
10155
10156
26177
26178
10157
10158
10159
10160
10161
26179
26180
10162
10163
10164
10165
10166
26181
26182
10167
10168
10169
10170
10171
26183
26184
10172
10173
10174
10175
10176
26185
26186
10177
10178
10179
10180
10181
26187
26188
10182
10183
10184
10185
10186
26189
26190
10187
10188
10189
10190
10191
26191
26192
10192
10193
10194
10195
10196
26193
26194
10197
26162
10198
10199
10200
10201
10202
10203
26196
26197
10204
10205
10206
10207
10208
26198
26199
10209
10210
10211
10212
10213
26200
26201
10214
10215
10216
10217
10218
26202
26203
10219
10220
10221
10222
10223
26204
26205
10224
10225
10226
10227
10228
26206
26207
10229
10230
10231
10232
10233
26208
26209
10234
10235
10236
10237
10238
26210
26211
10239
10240
10241
10242
10243
26212
26213
10244
10245
10246
10247
10248
26214
26215
10249
10250
10251
10252
10253
26216
26217
10254
10255
10256
10257
10258
26218
26219
10259
10260
10261
10262
10263
26220
26221
10264
10265
10266
10267
10268
26222
26223
10269
10270
10271
10272
10273
26224
26225
10274
10275
10276
10277
10278
26226
26227
10279
26195
10280
10281
10282
10283
10284
10285
26229
26230
10286
10287
10288
10289
10290
26231
26232
10291
10292
10293
10294
10295
26233
26234
10296
10297
10298
10299
10300
26235
26236
10301
10302
10303
10304
10305
26237
26238
10306
10307
10308
10309
10310
26239
26240
10311
10312
10313
10314
10315
26241
26242
10316
10317
10318
10319
10320
26243
26244
10321
10322
10323
10324
10325
26245
26246
10326
10327
10328
10329
10330
26247
26248
10331
10332
10333
10334
10335
26249
26250
10336
10337
10338
10339
10340
26251
26252
10341
10342
10343
10344
10345
26253
26254
10346
10347
10348
10349
10350
26255
26256
10351
10352
10353
10354
10355
26257
26258
10356
10357
10358
10359
10360
26259
26260
10361
26228
10362
10363
10364
10365
10366
10367
26262
26263
10368
10369
10370
10371
10372
26264
26265
10373
10374
10375
10376
10377
26266
26267
10378
10379
10380
10381
10382
26268
26269
10383
10384
10385
10386
10387
26270
26271
10388
10389
10390
10391
10392
26272
26273
10393
10394
10395
10396
10397
26274
26275
10398
10399
10400
10401
10402
26276
26277
10403
10404
10405
10406
10407
26278
26279
10408
10409
10410
10411
10412
26280
26281
10413
10414
10415
10416
10417
26282
26283
10418
10419
10420
10421
10422
26284
26285
10423
10424
10425
10426
10427
26286
26287
10428
10429
10430
10431
10432
26288
26289
10433
10434
10435
10436
10437
26290
26291
10438
10439
10440
10441
10442
26292
26293
10443
26261
10444
10445
10446
10447
10448
10449
26295
26296
10450
10451
10452
10453
10454
26297
26298
10455
10456
10457
10458
10459
26299
26300
10460
10461
10462
10463
10464
26301
26302
10465
10466
10467
10468
10469
26303
26304
10470
10471
10472
10473
10474
26305
26306
10475
10476
10477
10478
10479
26307
26308
10480
10481
10482
10483
10484
26309
26310
10485
10486
10487
10488
10489
26311
26312
10490
10491
10492
10493
10494
26313
26314
10495
10496
10497
10498
10499
26315
26316
10500
10501
10502
10503
10504
26317
26318
10505
10506
10507
10508
10509
26319
26320
10510
10511
10512
10513
10514
26321
26322
10515
10516
10517
10518
10519
26323
26324
10520
10521
10522
10523
10524
26325
26326
10525
26294
10526
10527
10528
10529
10530
10531
26328
26329
10532
10533
10534
10535
10536
26330
26331
10537
10538
10539
10540
10541
26332
26333
10542
10543
10544
10545
10546
26334
26335
10547
10548
10549
10550
10551
26336
26337
10552
10553
10554
10555
10556
26338
26339
10557
10558
10559
10560
10561
26340
26341
10562
10563
10564
10565
10566
26342
26343
10567
10568
10569
10570
10571
26344
26345
10572
10573
10574
10575
10576
26346
26347
10577
10578
10579
10580
10581
26348
26349
10582
10583
10584
10585
10586
26350
26351
10587
10588
10589
10590
10591
26352
26353
10592
10593
10594
10595
10596
26354
26355
10597
10598
10599
10600
10601
26356
26357
10602
10603
10604
10605
10606
26358
26359
10607
26327
10608
10609
10610
10611
10612
10613
26361
26362
10614
10615
10616
10617
10618
26363
26364
10619
10620
10621
10622
10623
26365
26366
10624
10625
10626
10627
10628
26367
26368
10629
10630
10631
10632
10633
26369
26370
10634
10635
10636
10637
10638
26371
26372
10639
10640
10641
10642
10643
26373
26374
10644
10645
10646
10647
10648
26375
26376
10649
10650
10651
10652
10653
26377
26378
10654
10655
10656
10657
10658
26379
26380
10659
10660
10661
10662
10663
26381
26382
10664
10665
10666
10667
10668
26383
26384
10669
10670
10671
10672
10673
26385
26386
10674
10675
10676
10677
10678
26387
26388
10679
10680
10681
10682
10683
26389
26390
10684
10685
10686
10687
10688
26391
26392
10689
26360
10690
10691
10692
10693
10694
10695
26394
26395
10696
10697
10698
10699
10700
26396
26397
10701
10702
10703
10704
10705
26398
26399
10706
10707
10708
10709
10710
26400
26401
10711
10712
10713
10714
10715
26402
26403
10716
10717
10718
10719
10720
26404
26405
10721
10722
10723
10724
10725
26406
26407
10726
10727
10728
10729
10730
26408
26409
10731
10732
10733
10734
10735
26410
26411
10736
10737
10738
10739
10740
26412
26413
10741
10742
10743
10744
10745
26414
26415
10746
10747
10748
10749
10750
26416
26417
10751
10752
10753
10754
10755
26418
26419
10756
10757
10758
10759
10760
26420
26421
10761
10762
10763
10764
10765
26422
26423
10766
10767
10768
10769
10770
26424
26425
10771
26393
10772
10773
10774
10775
10776
10777
26427
26428
10778
10779
10780
10781
10782
26429
26430
10783
10784
10785
10786
10787
26431
26432
10788
10789
10790
10791
10792
26433
26434
10793
10794
10795
10796
10797
26435
26436
10798
10799
10800
10801
10802
26437
26438
10803
10804
10805
10806
10807
26439
26440
10808
10809
10810
10811
10812
26441
26442
10813
10814
10815
10816
10817
26443
26444
10818
10819
10820
10821
10822
26445
26446
10823
10824
10825
10826
10827
26447
26448
10828
10829
10830
10831
10832
26449
26450
10833
10834
10835
10836
10837
26451
26452
10838
10839
10840
10841
10842
26453
26454
10843
10844
10845
10846
10847
26455
26456
10848
10849
10850
10851
10852
26457
26458
10853
26426
10854
10855
10856
10857
10858
10859
26460
26461
10860
10861
10862
10863
10864
26462
26463
10865
10866
10867
10868
10869
26464
26465
10870
10871
10872
10873
10874
26466
26467
10875
10876
10877
10878
10879
26468
26469
10880
10881
10882
10883
10884
26470
26471
10885
10886
10887
10888
10889
26472
26473
10890
10891
10892
10893
10894
26474
26475
10895
10896
10897
10898
10899
26476
26477
10900
10901
10902
10903
10904
26478
26479
10905
10906
10907
10908
10909
26480
26481
10910
10911
10912
10913
10914
26482
26483
10915
10916
10917
10918
10919
26484
26485
10920
10921
10922
10923
10924
26486
26487
10925
10926
10927
10928
10929
26488
26489
10930
10931
10932
10933
10934
26490
26491
10935
26459
10936
10937
10938
10939
10940
10941
26493
26494
10942
10943
10944
10945
10946
26495
26496
10947
10948
10949
10950
10951
26497
26498
10952
10953
10954
10955
10956
26499
26500
10957
10958
10959
10960
10961
26501
26502
10962
10963
10964
10965
10966
26503
26504
10967
10968
10969
10970
10971
26505
26506
10972
10973
10974
10975
10976
26507
26508
10977
10978
10979
10980
10981
26509
26510
10982
10983
10984
10985
10986
26511
26512
10987
10988
10989
10990
10991
26513
26514
10992
10993
10994
10995
10996
26515
26516
10997
10998
10999
11000
11001
26517
26518
11002
11003
11004
11005
11006
26519
26520
11007
11008
11009
11010
11011
26521
26522
11012
11013
11014
11015
11016
26523
26524
11017
26492
11018
11019
11020
11021
11022
11023
26526
26527
11024
11025
11026
11027
11028
26528
26529
11029
11030
11031
11032
11033
26530
26531
11034
11035
11036
11037
11038
26532
26533
11039
11040
11041
11042
11043
26534
26535
11044
11045
11046
11047
11048
26536
26537
11049
11050
11051
11052
11053
26538
26539
11054
11055
11056
11057
11058
26540
26541
11059
11060
11061
11062
11063
26542
26543
11064
11065
11066
11067
11068
26544
26545
11069
11070
11071
11072
11073
26546
26547
11074
11075
11076
11077
11078
26548
26549
11079
11080
11081
11082
11083
26550
26551
11084
11085
11086
11087
11088
26552
26553
11089
11090
11091
11092
11093
26554
26555
11094
11095
11096
11097
11098
26556
26557
11099
26525
11100
11101
11102
11103
11104
11105
26559
26560
11106
11107
11108
11109
11110
26561
26562
11111
11112
11113
11114
11115
26563
26564
11116
11117
11118
11119
11120
26565
26566
11121
11122
11123
11124
11125
26567
26568
11126
11127
11128
11129
11130
26569
26570
11131
11132
11133
11134
11135
26571
26572
11136
11137
11138
11139
11140
26573
26574
11141
11142
11143
11144
11145
26575
26576
11146
11147
11148
11149
11150
26577
26578
11151
11152
11153
11154
11155
26579
26580
11156
11157
11158
11159
11160
26581
26582
11161
11162
11163
11164
11165
26583
26584
11166
11167
11168
11169
11170
26585
26586
11171
11172
11173
11174
11175
26587
26588
11176
11177
11178
11179
11180
26589
26590
11181
26558
11182
11183
11184
11185
26081
11186
11187
26592
26593
11188
11189
11190
26084
11191
11192
26594
26595
11193
11194
11195
26087
11196
11197
26596
26597
11198
11199
11200
26090
11201
11202
26598
26599
11203
11204
11205
26093
11206
11207
26600
26601
11208
11209
11210
26096
11211
11212
26602
26603
11213
11214
11215
26099
11216
11217
26604
26605
11218
11219
11220
26102
11221
11222
26606
26607
11223
11224
11225
26105
11226
11227
26608
26609
11228
11229
11230
26108
11231
11232
26610
26611
11233
11234
11235
26111
11236
11237
26612
26613
11238
11239
11240
26114
11241
11242
26614
26615
11243
11244
11245
26117
11246
11247
26616
26617
11248
11249
11250
26120
11251
11252
26618
26619
11253
11254
11255
26123
11256
11257
26620
26621
11258
11259
11260
26126
11261
11262
26622
26623
11263
26591
11264
11267
11268
11270
11265
11266
11269
11271
26626
26627
11274
11275
11277
11272
11273
11276
11278
26629
26630
11281
11282
11284
11279
11280
11283
11285
26632
26633
11288
11289
11291
11286
11287
11290
11292
26635
26636
11295
11296
11298
11293
11294
11297
11299
26638
26639
11302
11303
11305
11300
11301
11304
11306
26641
26642
11309
11310
11312
11307
11308
11311
11313
26644
26645
11316
11317
11319
11314
11315
11318
11320
26647
26648
11323
11324
11326
11321
11322
11325
11327
26650
26651
11330
11331
11333
11328
11329
11332
11334
26653
26654
11337
11338
11340
11335
11336
11339
11341
26656
26657
11344
11345
11347
11342
11343
11346
11348
26659
26660
11351
11352
11354
11349
11350
11353
11355
26662
26663
11358
11359
11361
11356
11357
11360
11362
26665
26666
11365
11366
11368
11363
11364
11367
11369
26668
26669
11372
11373
11375
11370
11371
11374
11376
26671
26672
11377
26624
11378
11379
11380
11381
11382
11383
26674
26675
11384
11385
11386
11387
11388
26676
26677
11389
11390
11391
11392
11393
26678
26679
11394
11395
11396
11397
11398
26680
26681
11399
11400
11401
11402
11403
26682
26683
11404
11405
11406
11407
11408
26684
26685
11409
11410
11411
11412
11413
26686
26687
11414
11415
11416
11417
11418
26688
26689
11419
11420
11421
11422
11423
26690
26691
11424
11425
11426
11427
11428
26692
26693
11429
11430
11431
11432
11433
26694
26695
11434
11435
11436
11437
11438
26696
26697
11439
11440
11441
11442
11443
26698
26699
11444
11445
11446
11447
11448
26700
26701
11449
11450
11451
11452
11453
26702
26703
11454
11455
11456
11457
11458
26704
26705
11459
26673
11460
11461
11462
11463
11464
11465
26707
26708
11466
11467
11468
11469
11470
26709
26710
11471
11472
11473
11474
11475
26711
26712
11476
11477
11478
11479
11480
26713
26714
11481
11482
11483
11484
11485
26715
26716
11486
11487
11488
11489
11490
26717
26718
11491
11492
11493
11494
11495
26719
26720
11496
11497
11498
11499
11500
26721
26722
11501
11502
11503
11504
11505
26723
26724
11506
11507
11508
11509
11510
26725
26726
11511
11512
11513
11514
11515
26727
26728
11516
11517
11518
11519
11520
26729
26730
11521
11522
11523
11524
11525
26731
26732
11526
11527
11528
11529
11530
26733
26734
11531
11532
11533
11534
11535
26735
26736
11536
11537
11538
11539
11540
26737
26738
11541
26706
11542
11543
11544
11545
11546
11547
26740
26741
11548
11549
11550
11551
11552
26742
26743
11553
11554
11555
11556
11557
26744
26745
11558
11559
11560
11561
11562
26746
26747
11563
11564
11565
11566
11567
26748
26749
11568
11569
11570
11571
11572
26750
26751
11573
11574
11575
11576
11577
26752
26753
11578
11579
11580
11581
11582
26754
26755
11583
11584
11585
11586
11587
26756
26757
11588
11589
11590
11591
11592
26758
26759
11593
11594
11595
11596
11597
26760
26761
11598
11599
11600
11601
11602
26762
26763
11603
11604
11605
11606
11607
26764
26765
11608
11609
11610
11611
11612
26766
26767
11613
11614
11615
11616
11617
26768
26769
11618
11619
11620
11621
11622
26770
26771
11623
26739
11624
11625
11626
11627
11628
11629
26773
26774
11630
11631
11632
11633
11634
26775
26776
11635
11636
11637
11638
11639
26777
26778
11640
11641
11642
11643
11644
26779
26780
11645
11646
11647
11648
11649
26781
26782
11650
11651
11652
11653
11654
26783
26784
11655
11656
11657
11658
11659
26785
26786
11660
11661
11662
11663
11664
26787
26788
11665
11666
11667
11668
11669
26789
26790
11670
11671
11672
11673
11674
26791
26792
11675
11676
11677
11678
11679
26793
26794
11680
11681
11682
11683
11684
26795
26796
11685
11686
11687
11688
11689
26797
26798
11690
11691
11692
11693
11694
26799
26800
11695
11696
11697
11698
11699
26801
26802
11700
11701
11702
11703
11704
26803
26804
11705
26772
11706
11707
11708
11709
11710
11711
26806
26807
11712
11713
11714
11715
11716
26808
26809
11717
11718
11719
11720
11721
26810
26811
11722
11723
11724
11725
11726
26812
26813
11727
11728
11729
11730
11731
26814
26815
11732
11733
11734
11735
11736
26816
26817
11737
11738
11739
11740
11741
26818
26819
11742
11743
11744
11745
11746
26820
26821
11747
11748
11749
11750
11751
26822
26823
11752
11753
11754
11755
11756
26824
26825
11757
11758
11759
11760
11761
26826
26827
11762
11763
11764
11765
11766
26828
26829
11767
11768
11769
11770
11771
26830
26831
11772
11773
11774
11775
11776
26832
26833
11777
11778
11779
11780
11781
26834
26835
11782
11783
11784
11785
11786
26836
26837
11787
26805
11788
11789
11790
11791
11792
11793
26839
26840
11794
11795
11796
11797
11798
26841
26842
11799
11800
11801
11802
11803
26843
26844
11804
11805
11806
11807
11808
26845
26846
11809
11810
11811
11812
11813
26847
26848
11814
11815
11816
11817
11818
26849
26850
11819
11820
11821
11822
11823
26851
26852
11824
11825
11826
11827
11828
26853
26854
11829
11830
11831
11832
11833
26855
26856
11834
11835
11836
11837
11838
26857
26858
11839
11840
11841
11842
11843
26859
26860
11844
11845
11846
11847
11848
26861
26862
11849
11850
11851
11852
11853
26863
26864
11854
11855
11856
11857
11858
26865
26866
11859
11860
11861
11862
11863
26867
26868
11864
11865
11866
11867
11868
26869
26870
11869
26838
11870
11871
11872
11873
11874
11875
26872
26873
11876
11877
11878
11879
11880
26874
26875
11881
11882
11883
11884
11885
26876
26877
11886
11887
11888
11889
11890
26878
26879
11891
11892
11893
11894
11895
26880
26881
11896
11897
11898
11899
11900
26882
26883
11901
11902
11903
11904
11905
26884
26885
11906
11907
11908
11909
11910
26886
26887
11911
11912
11913
11914
11915
26888
26889
11916
11917
11918
11919
11920
26890
26891
11921
11922
11923
11924
11925
26892
26893
11926
11927
11928
11929
11930
26894
26895
11931
11932
11933
11934
11935
26896
26897
11936
11937
11938
11939
11940
26898
26899
11941
11942
11943
11944
11945
26900
26901
11946
11947
11948
11949
11950
26902
26903
11951
26871
11952
11953
11954
11955
11956
11957
26905
26906
11958
11959
11960
11961
11962
26907
26908
11963
11964
11965
11966
11967
26909
26910
11968
11969
11970
11971
11972
26911
26912
11973
11974
11975
11976
11977
26913
26914
11978
11979
11980
11981
11982
26915
26916
11983
11984
11985
11986
11987
26917
26918
11988
11989
11990
11991
11992
26919
26920
11993
11994
11995
11996
11997
26921
26922
11998
11999
12000
12001
12002
26923
26924
12003
12004
12005
12006
12007
26925
26926
12008
12009
12010
12011
12012
26927
26928
12013
12014
12015
12016
12017
26929
26930
12018
12019
12020
12021
12022
26931
26932
12023
12024
12025
12026
12027
26933
26934
12028
12029
12030
12031
12032
26935
26936
12033
26904
12034
12035
12036
12037
12038
12039
26938
26939
12040
12041
12042
12043
12044
26940
26941
12045
12046
12047
12048
12049
26942
26943
12050
12051
12052
12053
12054
26944
26945
12055
12056
12057
12058
12059
26946
26947
12060
12061
12062
12063
12064
26948
26949
12065
12066
12067
12068
12069
26950
26951
12070
12071
12072
12073
12074
26952
26953
12075
12076
12077
12078
12079
26954
26955
12080
12081
12082
12083
12084
26956
26957
12085
12086
12087
12088
12089
26958
26959
12090
12091
12092
12093
12094
26960
26961
12095
12096
12097
12098
12099
26962
26963
12100
12101
12102
12103
12104
26964
26965
12105
12106
12107
12108
12109
26966
26967
12110
12111
12112
12113
12114
26968
26969
12115
26937
12116
12117
12118
12119
12120
12121
26971
26972
12122
12123
12124
12125
12126
26973
26974
12127
12128
12129
12130
12131
26975
26976
12132
12133
12134
12135
12136
26977
26978
12137
12138
12139
12140
12141
26979
26980
12142
12143
12144
12145
12146
26981
26982
12147
12148
12149
12150
12151
26983
26984
12152
12153
12154
12155
12156
26985
26986
12157
12158
12159
12160
12161
26987
26988
12162
12163
12164
12165
12166
26989
26990
12167
12168
12169
12170
12171
26991
26992
12172
12173
12174
12175
12176
26993
26994
12177
12178
12179
12180
12181
26995
26996
12182
12183
12184
12185
12186
26997
26998
12187
12188
12189
12190
12191
26999
27000
12192
12193
12194
12195
12196
27001
27002
12197
26970
12198
12199
12200
12201
12202
12203
27004
27005
12204
12205
12206
12207
12208
27006
27007
12209
12210
12211
12212
12213
27008
27009
12214
12215
12216
12217
12218
27010
27011
12219
12220
12221
12222
12223
27012
27013
12224
12225
12226
12227
12228
27014
27015
12229
12230
12231
12232
12233
27016
27017
12234
12235
12236
12237
12238
27018
27019
12239
12240
12241
12242
12243
27020
27021
12244
12245
12246
12247
12248
27022
27023
12249
12250
12251
12252
12253
27024
27025
12254
12255
12256
12257
12258
27026
27027
12259
12260
12261
12262
12263
27028
27029
12264
12265
12266
12267
12268
27030
27031
12269
12270
12271
12272
12273
27032
27033
12274
12275
12276
12277
12278
27034
27035
12279
27003
12280
12281
12282
12283
12284
12285
27037
27038
12286
12287
12288
12289
12290
27039
27040
12291
12292
12293
12294
12295
27041
27042
12296
12297
12298
12299
12300
27043
27044
12301
12302
12303
12304
12305
27045
27046
12306
12307
12308
12309
12310
27047
27048
12311
12312
12313
12314
12315
27049
27050
12316
12317
12318
12319
12320
27051
27052
12321
12322
12323
12324
12325
27053
27054
12326
12327
12328
12329
12330
27055
27056
12331
12332
12333
12334
12335
27057
27058
12336
12337
12338
12339
12340
27059
27060
12341
12342
12343
12344
12345
27061
27062
12346
12347
12348
12349
12350
27063
27064
12351
12352
12353
12354
12355
27065
27066
12356
12357
12358
12359
12360
27067
27068
12361
27036
12362
12363
12364
12365
12366
12367
27070
27071
12368
12369
12370
12371
12372
27072
27073
12373
12374
12375
12376
12377
27074
27075
12378
12379
12380
12381
12382
27076
27077
12383
12384
12385
12386
12387
27078
27079
12388
12389
12390
12391
12392
27080
27081
12393
12394
12395
12396
12397
27082
27083
12398
12399
12400
12401
12402
27084
27085
12403
12404
12405
12406
12407
27086
27087
12408
12409
12410
12411
12412
27088
27089
12413
12414
12415
12416
12417
27090
27091
12418
12419
12420
12421
12422
27092
27093
12423
12424
12425
12426
12427
27094
27095
12428
12429
12430
12431
12432
27096
27097
12433
12434
12435
12436
12437
27098
27099
12438
12439
12440
12441
12442
27100
27101
12443
27069
12444
12445
12446
12447
12448
12449
27103
27104
12450
12451
12452
12453
12454
27105
27106
12455
12456
12457
12458
12459
27107
27108
12460
12461
12462
12463
12464
27109
27110
12465
12466
12467
12468
12469
27111
27112
12470
12471
12472
12473
12474
27113
27114
12475
12476
12477
12478
12479
27115
27116
12480
12481
12482
12483
12484
27117
27118
12485
12486
12487
12488
12489
27119
27120
12490
12491
12492
12493
12494
27121
27122
12495
12496
12497
12498
12499
27123
27124
12500
12501
12502
12503
12504
27125
27126
12505
12506
12507
12508
12509
27127
27128
12510
12511
12512
12513
12514
27129
27130
12515
12516
12517
12518
12519
27131
27132
12520
12521
12522
12523
12524
27133
27134
12525
27102
12526
12527
12528
12529
26625
12530
12531
27136
27137
12532
12533
12534
26628
12535
12536
27138
27139
12537
12538
12539
26631
12540
12541
27140
27141
12542
12543
12544
26634
12545
12546
27142
27143
12547
12548
12549
26637
12550
12551
27144
27145
12552
12553
12554
26640
12555
12556
27146
27147
12557
12558
12559
26643
12560
12561
27148
27149
12562
12563
12564
26646
12565
12566
27150
27151
12567
12568
12569
26649
12570
12571
27152
27153
12572
12573
12574
26652
12575
12576
27154
27155
12577
12578
12579
26655
12580
12581
27156
27157
12582
12583
12584
26658
12585
12586
27158
27159
12587
12588
12589
26661
12590
12591
27160
27161
12592
12593
12594
26664
12595
12596
27162
27163
12597
12598
12599
26667
12600
12601
27164
27165
12602
12603
12604
26670
12605
12606
27166
27167
12607
27135
12608
12611
12612
12614
12609
12610
12613
12615
27170
27171
12618
12619
12621
12616
12617
12620
12622
27173
27174
12625
12626
12628
12623
12624
12627
12629
27176
27177
12632
12633
12635
12630
12631
12634
12636
27179
27180
12639
12640
12642
12637
12638
12641
12643
27182
27183
12646
12647
12649
12644
12645
12648
12650
27185
27186
12653
12654
12656
12651
12652
12655
12657
27188
27189
12660
12661
12663
12658
12659
12662
12664
27191
27192
12667
12668
12670
12665
12666
12669
12671
27194
27195
12674
12675
12677
12672
12673
12676
12678
27197
27198
12681
12682
12684
12679
12680
12683
12685
27200
27201
12688
12689
12691
12686
12687
12690
12692
27203
27204
12695
12696
12698
12693
12694
12697
12699
27206
27207
12702
12703
12705
12700
12701
12704
12706
27209
27210
12709
12710
12712
12707
12708
12711
12713
27212
27213
12716
12717
12719
12714
12715
12718
12720
27215
27216
12721
27168
12722
12723
12724
12725
12726
12727
27218
27219
12728
12729
12730
12731
12732
27220
27221
12733
12734
12735
12736
12737
27222
27223
12738
12739
12740
12741
12742
27224
27225
12743
12744
12745
12746
12747
27226
27227
12748
12749
12750
12751
12752
27228
27229
12753
12754
12755
12756
12757
27230
27231
12758
12759
12760
12761
12762
27232
27233
12763
12764
12765
12766
12767
27234
27235
12768
12769
12770
12771
12772
27236
27237
12773
12774
12775
12776
12777
27238
27239
12778
12779
12780
12781
12782
27240
27241
12783
12784
12785
12786
12787
27242
27243
12788
12789
12790
12791
12792
27244
27245
12793
12794
12795
12796
12797
27246
27247
12798
12799
12800
12801
12802
27248
27249
12803
27217
12804
12805
12806
12807
12808
12809
27251
27252
12810
12811
12812
12813
12814
27253
27254
12815
12816
12817
12818
12819
27255
27256
12820
12821
12822
12823
12824
27257
27258
12825
12826
12827
12828
12829
27259
27260
12830
12831
12832
12833
12834
27261
27262
12835
12836
12837
12838
12839
27263
27264
12840
12841
12842
12843
12844
27265
27266
12845
12846
12847
12848
12849
27267
27268
12850
12851
12852
12853
12854
27269
27270
12855
12856
12857
12858
12859
27271
27272
12860
12861
12862
12863
12864
27273
27274
12865
12866
12867
12868
12869
27275
27276
12870
12871
12872
12873
12874
27277
27278
12875
12876
12877
12878
12879
27279
27280
12880
12881
12882
12883
12884
27281
27282
12885
27250
12886
12887
12888
12889
12890
12891
27284
27285
12892
12893
12894
12895
12896
27286
27287
12897
12898
12899
12900
12901
27288
27289
12902
12903
12904
12905
12906
27290
27291
12907
12908
12909
12910
12911
27292
27293
12912
12913
12914
12915
12916
27294
27295
12917
12918
12919
12920
12921
27296
27297
12922
12923
12924
12925
12926
27298
27299
12927
12928
12929
12930
12931
27300
27301
12932
12933
12934
12935
12936
27302
27303
12937
12938
12939
12940
12941
27304
27305
12942
12943
12944
12945
12946
27306
27307
12947
12948
12949
12950
12951
27308
27309
12952
12953
12954
12955
12956
27310
27311
12957
12958
12959
12960
12961
27312
27313
12962
12963
12964
12965
12966
27314
27315
12967
27283
12968
12969
12970
12971
12972
12973
27317
27318
12974
12975
12976
12977
12978
27319
27320
12979
12980
12981
12982
12983
27321
27322
12984
12985
12986
12987
12988
27323
27324
12989
12990
12991
12992
12993
27325
27326
12994
12995
12996
12997
12998
27327
27328
12999
13000
13001
13002
13003
27329
27330
13004
13005
13006
13007
13008
27331
27332
13009
13010
13011
13012
13013
27333
27334
13014
13015
13016
13017
13018
27335
27336
13019
13020
13021
13022
13023
27337
27338
13024
13025
13026
13027
13028
27339
27340
13029
13030
13031
13032
13033
27341
27342
13034
13035
13036
13037
13038
27343
27344
13039
13040
13041
13042
13043
27345
27346
13044
13045
13046
13047
13048
27347
27348
13049
27316
13050
13051
13052
13053
13054
13055
27350
27351
13056
13057
13058
13059
13060
27352
27353
13061
13062
13063
13064
13065
27354
27355
13066
13067
13068
13069
13070
27356
27357
13071
13072
13073
13074
13075
27358
27359
13076
13077
13078
13079
13080
27360
27361
13081
13082
13083
13084
13085
27362
27363
13086
13087
13088
13089
13090
27364
27365
13091
13092
13093
13094
13095
27366
27367
13096
13097
13098
13099
13100
27368
27369
13101
13102
13103
13104
13105
27370
27371
13106
13107
13108
13109
13110
27372
27373
13111
13112
13113
13114
13115
27374
27375
13116
13117
13118
13119
13120
27376
27377
13121
13122
13123
13124
13125
27378
27379
13126
13127
13128
13129
13130
27380
27381
13131
27349
13132
13133
13134
13135
13136
13137
27383
27384
13138
13139
13140
13141
13142
27385
27386
13143
13144
13145
13146
13147
27387
27388
13148
13149
13150
13151
13152
27389
27390
13153
13154
13155
13156
13157
27391
27392
13158
13159
13160
13161
13162
27393
27394
13163
13164
13165
13166
13167
27395
27396
13168
13169
13170
13171
13172
27397
27398
13173
13174
13175
13176
13177
27399
27400
13178
13179
13180
13181
13182
27401
27402
13183
13184
13185
13186
13187
27403
27404
13188
13189
13190
13191
13192
27405
27406
13193
13194
13195
13196
13197
27407
27408
13198
13199
13200
13201
13202
27409
27410
13203
13204
13205
13206
13207
27411
27412
13208
13209
13210
13211
13212
27413
27414
13213
27382
13214
13215
13216
13217
13218
13219
27416
27417
13220
13221
13222
13223
13224
27418
27419
13225
13226
13227
13228
13229
27420
27421
13230
13231
13232
13233
13234
27422
27423
13235
13236
13237
13238
13239
27424
27425
13240
13241
13242
13243
13244
27426
27427
13245
13246
13247
13248
13249
27428
27429
13250
13251
13252
13253
13254
27430
27431
13255
13256
13257
13258
13259
27432
27433
13260
13261
13262
13263
13264
27434
27435
13265
13266
13267
13268
13269
27436
27437
13270
13271
13272
13273
13274
27438
27439
13275
13276
13277
13278
13279
27440
27441
13280
13281
13282
13283
13284
27442
27443
13285
13286
13287
13288
13289
27444
27445
13290
13291
13292
13293
13294
27446
27447
13295
27415
13296
13297
13298
13299
13300
13301
27449
27450
13302
13303
13304
13305
13306
27451
27452
13307
13308
13309
13310
13311
27453
27454
13312
13313
13314
13315
13316
27455
27456
13317
13318
13319
13320
13321
27457
27458
13322
13323
13324
13325
13326
27459
27460
13327
13328
13329
13330
13331
27461
27462
13332
13333
13334
13335
13336
27463
27464
13337
13338
13339
13340
13341
27465
27466
13342
13343
13344
13345
13346
27467
27468
13347
13348
13349
13350
13351
27469
27470
13352
13353
13354
13355
13356
27471
27472
13357
13358
13359
13360
13361
27473
27474
13362
13363
13364
13365
13366
27475
27476
13367
13368
13369
13370
13371
27477
27478
13372
13373
13374
13375
13376
27479
27480
13377
27448
13378
13379
13380
13381
13382
13383
27482
27483
13384
13385
13386
13387
13388
27484
27485
13389
13390
13391
13392
13393
27486
27487
13394
13395
13396
13397
13398
27488
27489
13399
13400
13401
13402
13403
27490
27491
13404
13405
13406
13407
13408
27492
27493
13409
13410
13411
13412
13413
27494
27495
13414
13415
13416
13417
13418
27496
27497
13419
13420
13421
13422
13423
27498
27499
13424
13425
13426
13427
13428
27500
27501
13429
13430
13431
13432
13433
27502
27503
13434
13435
13436
13437
13438
27504
27505
13439
13440
13441
13442
13443
27506
27507
13444
13445
13446
13447
13448
27508
27509
13449
13450
13451
13452
13453
27510
27511
13454
13455
13456
13457
13458
27512
27513
13459
27481
13460
13461
13462
13463
13464
13465
27515
27516
13466
13467
13468
13469
13470
27517
27518
13471
13472
13473
13474
13475
27519
27520
13476
13477
13478
13479
13480
27521
27522
13481
13482
13483
13484
13485
27523
27524
13486
13487
13488
13489
13490
27525
27526
13491
13492
13493
13494
13495
27527
27528
13496
13497
13498
13499
13500
27529
27530
13501
13502
13503
13504
13505
27531
27532
13506
13507
13508
13509
13510
27533
27534
13511
13512
13513
13514
13515
27535
27536
13516
13517
13518
13519
13520
27537
27538
13521
13522
13523
13524
13525
27539
27540
13526
13527
13528
13529
13530
27541
27542
13531
13532
13533
13534
13535
27543
27544
13536
13537
13538
13539
13540
27545
27546
13541
27514
13542
13543
13544
13545
13546
13547
27548
27549
13548
13549
13550
13551
13552
27550
27551
13553
13554
13555
13556
13557
27552
27553
13558
13559
13560
13561
13562
27554
27555
13563
13564
13565
13566
13567
27556
27557
13568
13569
13570
13571
13572
27558
27559
13573
13574
13575
13576
13577
27560
27561
13578
13579
13580
13581
13582
27562
27563
13583
13584
13585
13586
13587
27564
27565
13588
13589
13590
13591
13592
27566
27567
13593
13594
13595
13596
13597
27568
27569
13598
13599
13600
13601
13602
27570
27571
13603
13604
13605
13606
13607
27572
27573
13608
13609
13610
13611
13612
27574
27575
13613
13614
13615
13616
13617
27576
27577
13618
13619
13620
13621
13622
27578
27579
13623
27547
13624
13625
13626
13627
13628
13629
27581
27582
13630
13631
13632
13633
13634
27583
27584
13635
13636
13637
13638
13639
27585
27586
13640
13641
13642
13643
13644
27587
27588
13645
13646
13647
13648
13649
27589
27590
13650
13651
13652
13653
13654
27591
27592
13655
13656
13657
13658
13659
27593
27594
13660
13661
13662
13663
13664
27595
27596
13665
13666
13667
13668
13669
27597
27598
13670
13671
13672
13673
13674
27599
27600
13675
13676
13677
13678
13679
27601
27602
13680
13681
13682
13683
13684
27603
27604
13685
13686
13687
13688
13689
27605
27606
13690
13691
13692
13693
13694
27607
27608
13695
13696
13697
13698
13699
27609
27610
13700
13701
13702
13703
13704
27611
27612
13705
27580
13706
13707
13708
13709
13710
13711
27614
27615
13712
13713
13714
13715
13716
27616
27617
13717
13718
13719
13720
13721
27618
27619
13722
13723
13724
13725
13726
27620
27621
13727
13728
13729
13730
13731
27622
27623
13732
13733
13734
13735
13736
27624
27625
13737
13738
13739
13740
13741
27626
27627
13742
13743
13744
13745
13746
27628
27629
13747
13748
13749
13750
13751
27630
27631
13752
13753
13754
13755
13756
27632
27633
13757
13758
13759
13760
13761
27634
27635
13762
13763
13764
13765
13766
27636
27637
13767
13768
13769
13770
13771
27638
27639
13772
13773
13774
13775
13776
27640
27641
13777
13778
13779
13780
13781
27642
27643
13782
13783
13784
13785
13786
27644
27645
13787
27613
13788
13789
13790
13791
13792
13793
27647
27648
13794
13795
13796
13797
13798
27649
27650
13799
13800
13801
13802
13803
27651
27652
13804
13805
13806
13807
13808
27653
27654
13809
13810
13811
13812
13813
27655
27656
13814
13815
13816
13817
13818
27657
27658
13819
13820
13821
13822
13823
27659
27660
13824
13825
13826
13827
13828
27661
27662
13829
13830
13831
13832
13833
27663
27664
13834
13835
13836
13837
13838
27665
27666
13839
13840
13841
13842
13843
27667
27668
13844
13845
13846
13847
13848
27669
27670
13849
13850
13851
13852
13853
27671
27672
13854
13855
13856
13857
13858
27673
27674
13859
13860
13861
13862
13863
27675
27676
13864
13865
13866
13867
13868
27677
27678
13869
27646
13870
13871
13872
13873
27169
13874
13875
27680
27681
13876
13877
13878
27172
13879
13880
27682
27683
13881
13882
13883
27175
13884
13885
27684
27685
13886
13887
13888
27178
13889
13890
27686
27687
13891
13892
13893
27181
13894
13895
27688
27689
13896
13897
13898
27184
13899
13900
27690
27691
13901
13902
13903
27187
13904
13905
27692
27693
13906
13907
13908
27190
13909
13910
27694
27695
13911
13912
13913
27193
13914
13915
27696
27697
13916
13917
13918
27196
13919
13920
27698
27699
13921
13922
13923
27199
13924
13925
27700
27701
13926
13927
13928
27202
13929
13930
27702
27703
13931
13932
13933
27205
13934
13935
27704
27705
13936
13937
13938
27208
13939
13940
27706
27707
13941
13942
13943
27211
13944
13945
27708
27709
13946
13947
13948
27214
13949
13950
27710
27711
13951
27679
13952
13955
13956
13958
13953
13954
13957
13959
27714
27715
13962
13963
13965
13960
13961
13964
13966
27717
27718
13969
13970
13972
13967
13968
13971
13973
27720
27721
13976
13977
13979
13974
13975
13978
13980
27723
27724
13983
13984
13986
13981
13982
13985
13987
27726
27727
13990
13991
13993
13988
13989
13992
13994
27729
27730
13997
13998
14000
13995
13996
13999
14001
27732
27733
14004
14005
14007
14002
14003
14006
14008
27735
27736
14011
14012
14014
14009
14010
14013
14015
27738
27739
14018
14019
14021
14016
14017
14020
14022
27741
27742
14025
14026
14028
14023
14024
14027
14029
27744
27745
14032
14033
14035
14030
14031
14034
14036
27747
27748
14039
14040
14042
14037
14038
14041
14043
27750
27751
14046
14047
14049
14044
14045
14048
14050
27753
27754
14053
14054
14056
14051
14052
14055
14057
27756
27757
14060
14061
14063
14058
14059
14062
14064
27759
27760
14065
27712
14066
14067
14068
14069
14070
14071
27762
27763
14072
14073
14074
14075
14076
27764
27765
14077
14078
14079
14080
14081
27766
27767
14082
14083
14084
14085
14086
27768
27769
14087
14088
14089
14090
14091
27770
27771
14092
14093
14094
14095
14096
27772
27773
14097
14098
14099
14100
14101
27774
27775
14102
14103
14104
14105
14106
27776
27777
14107
14108
14109
14110
14111
27778
27779
14112
14113
14114
14115
14116
27780
27781
14117
14118
14119
14120
14121
27782
27783
14122
14123
14124
14125
14126
27784
27785
14127
14128
14129
14130
14131
27786
27787
14132
14133
14134
14135
14136
27788
27789
14137
14138
14139
14140
14141
27790
27791
14142
14143
14144
14145
14146
27792
27793
14147
27761
14148
14149
14150
14151
14152
14153
27795
27796
14154
14155
14156
14157
14158
27797
27798
14159
14160
14161
14162
14163
27799
27800
14164
14165
14166
14167
14168
27801
27802
14169
14170
14171
14172
14173
27803
27804
14174
14175
14176
14177
14178
27805
27806
14179
14180
14181
14182
14183
27807
27808
14184
14185
14186
14187
14188
27809
27810
14189
14190
14191
14192
14193
27811
27812
14194
14195
14196
14197
14198
27813
27814
14199
14200
14201
14202
14203
27815
27816
14204
14205
14206
14207
14208
27817
27818
14209
14210
14211
14212
14213
27819
27820
14214
14215
14216
14217
14218
27821
27822
14219
14220
14221
14222
14223
27823
27824
14224
14225
14226
14227
14228
27825
27826
14229
27794
14230
14231
14232
14233
14234
14235
27828
27829
14236
14237
14238
14239
14240
27830
27831
14241
14242
14243
14244
14245
27832
27833
14246
14247
14248
14249
14250
27834
27835
14251
14252
14253
14254
14255
27836
27837
14256
14257
14258
14259
14260
27838
27839
14261
14262
14263
14264
14265
27840
27841
14266
14267
14268
14269
14270
27842
27843
14271
14272
14273
14274
14275
27844
27845
14276
14277
14278
14279
14280
27846
27847
14281
14282
14283
14284
14285
27848
27849
14286
14287
14288
14289
14290
27850
27851
14291
14292
14293
14294
14295
27852
27853
14296
14297
14298
14299
14300
27854
27855
14301
14302
14303
14304
14305
27856
27857
14306
14307
14308
14309
14310
27858
27859
14311
27827
14312
14313
14314
14315
14316
14317
27861
27862
14318
14319
14320
14321
14322
27863
27864
14323
14324
14325
14326
14327
27865
27866
14328
14329
14330
14331
14332
27867
27868
14333
14334
14335
14336
14337
27869
27870
14338
14339
14340
14341
14342
27871
27872
14343
14344
14345
14346
14347
27873
27874
14348
14349
14350
14351
14352
27875
27876
14353
14354
14355
14356
14357
27877
27878
14358
14359
14360
14361
14362
27879
27880
14363
14364
14365
14366
14367
27881
27882
14368
14369
14370
14371
14372
27883
27884
14373
14374
14375
14376
14377
27885
27886
14378
14379
14380
14381
14382
27887
27888
14383
14384
14385
14386
14387
27889
27890
14388
14389
14390
14391
14392
27891
27892
14393
27860
14394
14395
14396
14397
14398
14399
27894
27895
14400
14401
14402
14403
14404
27896
27897
14405
14406
14407
14408
14409
27898
27899
14410
14411
14412
14413
14414
27900
27901
14415
14416
14417
14418
14419
27902
27903
14420
14421
14422
14423
14424
27904
27905
14425
14426
14427
14428
14429
27906
27907
14430
14431
14432
14433
14434
27908
27909
14435
14436
14437
14438
14439
27910
27911
14440
14441
14442
14443
14444
27912
27913
14445
14446
14447
14448
14449
27914
27915
14450
14451
14452
14453
14454
27916
27917
14455
14456
14457
14458
14459
27918
27919
14460
14461
14462
14463
14464
27920
27921
14465
14466
14467
14468
14469
27922
27923
14470
14471
14472
14473
14474
27924
27925
14475
27893
14476
14477
14478
14479
14480
14481
27927
27928
14482
14483
14484
14485
14486
27929
27930
14487
14488
14489
14490
14491
27931
27932
14492
14493
14494
14495
14496
27933
27934
14497
14498
14499
14500
14501
27935
27936
14502
14503
14504
14505
14506
27937
27938
14507
14508
14509
14510
14511
27939
27940
14512
14513
14514
14515
14516
27941
27942
14517
14518
14519
14520
14521
27943
27944
14522
14523
14524
14525
14526
27945
27946
14527
14528
14529
14530
14531
27947
27948
14532
14533
14534
14535
14536
27949
27950
14537
14538
14539
14540
14541
27951
27952
14542
14543
14544
14545
14546
27953
27954
14547
14548
14549
14550
14551
27955
27956
14552
14553
14554
14555
14556
27957
27958
14557
27926
14558
14559
14560
14561
14562
14563
27960
27961
14564
14565
14566
14567
14568
27962
27963
14569
14570
14571
14572
14573
27964
27965
14574
14575
14576
14577
14578
27966
27967
14579
14580
14581
14582
14583
27968
27969
14584
14585
14586
14587
14588
27970
27971
14589
14590
14591
14592
14593
27972
27973
14594
14595
14596
14597
14598
27974
27975
14599
14600
14601
14602
14603
27976
27977
14604
14605
14606
14607
14608
27978
27979
14609
14610
14611
14612
14613
27980
27981
14614
14615
14616
14617
14618
27982
27983
14619
14620
14621
14622
14623
27984
27985
14624
14625
14626
14627
14628
27986
27987
14629
14630
14631
14632
14633
27988
27989
14634
14635
14636
14637
14638
27990
27991
14639
27959
14640
14641
14642
14643
14644
14645
27993
27994
14646
14647
14648
14649
14650
27995
27996
14651
14652
14653
14654
14655
27997
27998
14656
14657
14658
14659
14660
27999
28000
14661
14662
14663
14664
14665
28001
28002
14666
14667
14668
14669
14670
28003
28004
14671
14672
14673
14674
14675
28005
28006
14676
14677
14678
14679
14680
28007
28008
14681
14682
14683
14684
14685
28009
28010
14686
14687
14688
14689
14690
28011
28012
14691
14692
14693
14694
14695
28013
28014
14696
14697
14698
14699
14700
28015
28016
14701
14702
14703
14704
14705
28017
28018
14706
14707
14708
14709
14710
28019
28020
14711
14712
14713
14714
14715
28021
28022
14716
14717
14718
14719
14720
28023
28024
14721
27992
14722
14723
14724
14725
14726
14727
28026
28027
14728
14729
14730
14731
14732
28028
28029
14733
14734
14735
14736
14737
28030
28031
14738
14739
14740
14741
14742
28032
28033
14743
14744
14745
14746
14747
28034
28035
14748
14749
14750
14751
14752
28036
28037
14753
14754
14755
14756
14757
28038
28039
14758
14759
14760
14761
14762
28040
28041
14763
14764
14765
14766
14767
28042
28043
14768
14769
14770
14771
14772
28044
28045
14773
14774
14775
14776
14777
28046
28047
14778
14779
14780
14781
14782
28048
28049
14783
14784
14785
14786
14787
28050
28051
14788
14789
14790
14791
14792
28052
28053
14793
14794
14795
14796
14797
28054
28055
14798
14799
14800
14801
14802
28056
28057
14803
28025
14804
14805
14806
14807
14808
14809
28059
28060
14810
14811
14812
14813
14814
28061
28062
14815
14816
14817
14818
14819
28063
28064
14820
14821
14822
14823
14824
28065
28066
14825
14826
14827
14828
14829
28067
28068
14830
14831
14832
14833
14834
28069
28070
14835
14836
14837
14838
14839
28071
28072
14840
14841
14842
14843
14844
28073
28074
14845
14846
14847
14848
14849
28075
28076
14850
14851
14852
14853
14854
28077
28078
14855
14856
14857
14858
14859
28079
28080
14860
14861
14862
14863
14864
28081
28082
14865
14866
14867
14868
14869
28083
28084
14870
14871
14872
14873
14874
28085
28086
14875
14876
14877
14878
14879
28087
28088
14880
14881
14882
14883
14884
28089
28090
14885
28058
14886
14887
14888
14889
14890
14891
28092
28093
14892
14893
14894
14895
14896
28094
28095
14897
14898
14899
14900
14901
28096
28097
14902
14903
14904
14905
14906
28098
28099
14907
14908
14909
14910
14911
28100
28101
14912
14913
14914
14915
14916
28102
28103
14917
14918
14919
14920
14921
28104
28105
14922
14923
14924
14925
14926
28106
28107
14927
14928
14929
14930
14931
28108
28109
14932
14933
14934
14935
14936
28110
28111
14937
14938
14939
14940
14941
28112
28113
14942
14943
14944
14945
14946
28114
28115
14947
14948
14949
14950
14951
28116
28117
14952
14953
14954
14955
14956
28118
28119
14957
14958
14959
14960
14961
28120
28121
14962
14963
14964
14965
14966
28122
28123
14967
28091
14968
14969
14970
14971
14972
14973
28125
28126
14974
14975
14976
14977
14978
28127
28128
14979
14980
14981
14982
14983
28129
28130
14984
14985
14986
14987
14988
28131
28132
14989
14990
14991
14992
14993
28133
28134
14994
14995
14996
14997
14998
28135
28136
14999
15000
15001
15002
15003
28137
28138
15004
15005
15006
15007
15008
28139
28140
15009
15010
15011
15012
15013
28141
28142
15014
15015
15016
15017
15018
28143
28144
15019
15020
15021
15022
15023
28145
28146
15024
15025
15026
15027
15028
28147
28148
15029
15030
15031
15032
15033
28149
28150
15034
15035
15036
15037
15038
28151
28152
15039
15040
15041
15042
15043
28153
28154
15044
15045
15046
15047
15048
28155
28156
15049
28124
15050
15051
15052
15053
15054
15055
28158
28159
15056
15057
15058
15059
15060
28160
28161
15061
15062
15063
15064
15065
28162
28163
15066
15067
15068
15069
15070
28164
28165
15071
15072
15073
15074
15075
28166
28167
15076
15077
15078
15079
15080
28168
28169
15081
15082
15083
15084
15085
28170
28171
15086
15087
15088
15089
15090
28172
28173
15091
15092
15093
15094
15095
28174
28175
15096
15097
15098
15099
15100
28176
28177
15101
15102
15103
15104
15105
28178
28179
15106
15107
15108
15109
15110
28180
28181
15111
15112
15113
15114
15115
28182
28183
15116
15117
15118
15119
15120
28184
28185
15121
15122
15123
15124
15125
28186
28187
15126
15127
15128
15129
15130
28188
28189
15131
28157
15132
15133
15134
15135
15136
15137
28191
28192
15138
15139
15140
15141
15142
28193
28194
15143
15144
15145
15146
15147
28195
28196
15148
15149
15150
15151
15152
28197
28198
15153
15154
15155
15156
15157
28199
28200
15158
15159
15160
15161
15162
28201
28202
15163
15164
15165
15166
15167
28203
28204
15168
15169
15170
15171
15172
28205
28206
15173
15174
15175
15176
15177
28207
28208
15178
15179
15180
15181
15182
28209
28210
15183
15184
15185
15186
15187
28211
28212
15188
15189
15190
15191
15192
28213
28214
15193
15194
15195
15196
15197
28215
28216
15198
15199
15200
15201
15202
28217
28218
15203
15204
15205
15206
15207
28219
28220
15208
15209
15210
15211
15212
28221
28222
15213
28190
15214
15215
15216
15217
27713
15218
15219
28224
28225
15220
15221
15222
27716
15223
15224
28226
28227
15225
15226
15227
27719
15228
15229
28228
28229
15230
15231
15232
27722
15233
15234
28230
28231
15235
15236
15237
27725
15238
15239
28232
28233
15240
15241
15242
27728
15243
15244
28234
28235
15245
15246
15247
27731
15248
15249
28236
28237
15250
15251
15252
27734
15253
15254
28238
28239
15255
15256
15257
27737
15258
15259
28240
28241
15260
15261
15262
27740
15263
15264
28242
28243
15265
15266
15267
27743
15268
15269
28244
28245
15270
15271
15272
27746
15273
15274
28246
28247
15275
15276
15277
27749
15278
15279
28248
28249
15280
15281
15282
27752
15283
15284
28250
28251
15285
15286
15287
27755
15288
15289
28252
28253
15290
15291
15292
27758
15293
15294
28254
28255
15295
28223
15296
15299
15300
15302
15297
15298
15301
15303
28258
28259
15306
15307
15309
15304
15305
15308
15310
28261
28262
15313
15314
15316
15311
15312
15315
15317
28264
28265
15320
15321
15323
15318
15319
15322
15324
28267
28268
15327
15328
15330
15325
15326
15329
15331
28270
28271
15334
15335
15337
15332
15333
15336
15338
28273
28274
15341
15342
15344
15339
15340
15343
15345
28276
28277
15348
15349
15351
15346
15347
15350
15352
28279
28280
15355
15356
15358
15353
15354
15357
15359
28282
28283
15362
15363
15365
15360
15361
15364
15366
28285
28286
15369
15370
15372
15367
15368
15371
15373
28288
28289
15376
15377
15379
15374
15375
15378
15380
28291
28292
15383
15384
15386
15381
15382
15385
15387
28294
28295
15390
15391
15393
15388
15389
15392
15394
28297
28298
15397
15398
15400
15395
15396
15399
15401
28300
28301
15404
15405
15407
15402
15403
15406
15408
28303
28304
15409
28256
15410
15411
15412
15413
15414
15415
28306
28307
15416
15417
15418
15419
15420
28308
28309
15421
15422
15423
15424
15425
28310
28311
15426
15427
15428
15429
15430
28312
28313
15431
15432
15433
15434
15435
28314
28315
15436
15437
15438
15439
15440
28316
28317
15441
15442
15443
15444
15445
28318
28319
15446
15447
15448
15449
15450
28320
28321
15451
15452
15453
15454
15455
28322
28323
15456
15457
15458
15459
15460
28324
28325
15461
15462
15463
15464
15465
28326
28327
15466
15467
15468
15469
15470
28328
28329
15471
15472
15473
15474
15475
28330
28331
15476
15477
15478
15479
15480
28332
28333
15481
15482
15483
15484
15485
28334
28335
15486
15487
15488
15489
15490
28336
28337
15491
28305
15492
15493
15494
15495
15496
15497
28339
28340
15498
15499
15500
15501
15502
28341
28342
15503
15504
15505
15506
15507
28343
28344
15508
15509
15510
15511
15512
28345
28346
15513
15514
15515
15516
15517
28347
28348
15518
15519
15520
15521
15522
28349
28350
15523
15524
15525
15526
15527
28351
28352
15528
15529
15530
15531
15532
28353
28354
15533
15534
15535
15536
15537
28355
28356
15538
15539
15540
15541
15542
28357
28358
15543
15544
15545
15546
15547
28359
28360
15548
15549
15550
15551
15552
28361
28362
15553
15554
15555
15556
15557
28363
28364
15558
15559
15560
15561
15562
28365
28366
15563
15564
15565
15566
15567
28367
28368
15568
15569
15570
15571
15572
28369
28370
15573
28338
15574
15575
15576
15577
15578
15579
28372
28373
15580
15581
15582
15583
15584
28374
28375
15585
15586
15587
15588
15589
28376
28377
15590
15591
15592
15593
15594
28378
28379
15595
15596
15597
15598
15599
28380
28381
15600
15601
15602
15603
15604
28382
28383
15605
15606
15607
15608
15609
28384
28385
15610
15611
15612
15613
15614
28386
28387
15615
15616
15617
15618
15619
28388
28389
15620
15621
15622
15623
15624
28390
28391
15625
15626
15627
15628
15629
28392
28393
15630
15631
15632
15633
15634
28394
28395
15635
15636
15637
15638
15639
28396
28397
15640
15641
15642
15643
15644
28398
28399
15645
15646
15647
15648
15649
28400
28401
15650
15651
15652
15653
15654
28402
28403
15655
28371
15656
15657
15658
15659
15660
15661
28405
28406
15662
15663
15664
15665
15666
28407
28408
15667
15668
15669
15670
15671
28409
28410
15672
15673
15674
15675
15676
28411
28412
15677
15678
15679
15680
15681
28413
28414
15682
15683
15684
15685
15686
28415
28416
15687
15688
15689
15690
15691
28417
28418
15692
15693
15694
15695
15696
28419
28420
15697
15698
15699
15700
15701
28421
28422
15702
15703
15704
15705
15706
28423
28424
15707
15708
15709
15710
15711
28425
28426
15712
15713
15714
15715
15716
28427
28428
15717
15718
15719
15720
15721
28429
28430
15722
15723
15724
15725
15726
28431
28432
15727
15728
15729
15730
15731
28433
28434
15732
15733
15734
15735
15736
28435
28436
15737
28404
15738
15739
15740
15741
15742
15743
28438
28439
15744
15745
15746
15747
15748
28440
28441
15749
15750
15751
15752
15753
28442
28443
15754
15755
15756
15757
15758
28444
28445
15759
15760
15761
15762
15763
28446
28447
15764
15765
15766
15767
15768
28448
28449
15769
15770
15771
15772
15773
28450
28451
15774
15775
15776
15777
15778
28452
28453
15779
15780
15781
15782
15783
28454
28455
15784
15785
15786
15787
15788
28456
28457
15789
15790
15791
15792
15793
28458
28459
15794
15795
15796
15797
15798
28460
28461
15799
15800
15801
15802
15803
28462
28463
15804
15805
15806
15807
15808
28464
28465
15809
15810
15811
15812
15813
28466
28467
15814
15815
15816
15817
15818
28468
28469
15819
28437
15820
15821
15822
15823
15824
15825
28471
28472
15826
15827
15828
15829
15830
28473
28474
15831
15832
15833
15834
15835
28475
28476
15836
15837
15838
15839
15840
28477
28478
15841
15842
15843
15844
15845
28479
28480
15846
15847
15848
15849
15850
28481
28482
15851
15852
15853
15854
15855
28483
28484
15856
15857
15858
15859
15860
28485
28486
15861
15862
15863
15864
15865
28487
28488
15866
15867
15868
15869
15870
28489
28490
15871
15872
15873
15874
15875
28491
28492
15876
15877
15878
15879
15880
28493
28494
15881
15882
15883
15884
15885
28495
28496
15886
15887
15888
15889
15890
28497
28498
15891
15892
15893
15894
15895
28499
28500
15896
15897
15898
15899
15900
28501
28502
15901
28470
15902
15903
15904
15905
15906
15907
28504
28505
15908
15909
15910
15911
15912
28506
28507
15913
15914
15915
15916
15917
28508
28509
15918
15919
15920
15921
15922
28510
28511
15923
15924
15925
15926
15927
28512
28513
15928
15929
15930
15931
15932
28514
28515
15933
15934
15935
15936
15937
28516
28517
15938
15939
15940
15941
15942
28518
28519
15943
15944
15945
15946
15947
28520
28521
15948
15949
15950
15951
15952
28522
28523
15953
15954
15955
15956
15957
28524
28525
15958
15959
15960
15961
15962
28526
28527
15963
15964
15965
15966
15967
28528
28529
15968
15969
15970
15971
15972
28530
28531
15973
15974
15975
15976
15977
28532
28533
15978
15979
15980
15981
15982
28534
28535
15983
28503
15984
15985
15986
15987
15988
15989
28537
28538
15990
15991
15992
15993
15994
28539
28540
15995
15996
15997
15998
15999
28541
28542
16000
16001
16002
16003
16004
28543
28544
16005
16006
16007
16008
16009
28545
28546
16010
16011
16012
16013
16014
28547
28548
16015
16016
16017
16018
16019
28549
28550
16020
16021
16022
16023
16024
28551
28552
16025
16026
16027
16028
16029
28553
28554
16030
16031
16032
16033
16034
28555
28556
16035
16036
16037
16038
16039
28557
28558
16040
16041
16042
16043
16044
28559
28560
16045
16046
16047
16048
16049
28561
28562
16050
16051
16052
16053
16054
28563
28564
16055
16056
16057
16058
16059
28565
28566
16060
16061
16062
16063
16064
28567
28568
16065
28536
16066
16067
16068
16069
16070
16071
28570
28571
16072
16073
16074
16075
16076
28572
28573
16077
16078
16079
16080
16081
28574
28575
16082
16083
16084
16085
16086
28576
28577
16087
16088
16089
16090
16091
28578
28579
16092
16093
16094
16095
16096
28580
28581
16097
16098
16099
16100
16101
28582
28583
16102
16103
16104
16105
16106
28584
28585
16107
16108
16109
16110
16111
28586
28587
16112
16113
16114
16115
16116
28588
28589
16117
16118
16119
16120
16121
28590
28591
16122
16123
16124
16125
16126
28592
28593
16127
16128
16129
16130
16131
28594
28595
16132
16133
16134
16135
16136
28596
28597
16137
16138
16139
16140
16141
28598
28599
16142
16143
16144
16145
16146
28600
28601
16147
28569
16148
16149
16150
16151
16152
16153
28603
28604
16154
16155
16156
16157
16158
28605
28606
16159
16160
16161
16162
16163
28607
28608
16164
16165
16166
16167
16168
28609
28610
16169
16170
16171
16172
16173
28611
28612
16174
16175
16176
16177
16178
28613
28614
16179
16180
16181
16182
16183
28615
28616
16184
16185
16186
16187
16188
28617
28618
16189
16190
16191
16192
16193
28619
28620
16194
16195
16196
16197
16198
28621
28622
16199
16200
16201
16202
16203
28623
28624
16204
16205
16206
16207
16208
28625
28626
16209
16210
16211
16212
16213
28627
28628
16214
16215
16216
16217
16218
28629
28630
16219
16220
16221
16222
16223
28631
28632
16224
16225
16226
16227
16228
28633
28634
16229
28602
16230
16231
16232
16233
16234
16235
28636
28637
16236
16237
16238
16239
16240
28638
28639
16241
16242
16243
16244
16245
28640
28641
16246
16247
16248
16249
16250
28642
28643
16251
16252
16253
16254
16255
28644
28645
16256
16257
16258
16259
16260
28646
28647
16261
16262
16263
16264
16265
28648
28649
16266
16267
16268
16269
16270
28650
28651
16271
16272
16273
16274
16275
28652
28653
16276
16277
16278
16279
16280
28654
28655
16281
16282
16283
16284
16285
28656
28657
16286
16287
16288
16289
16290
28658
28659
16291
16292
16293
16294
16295
28660
28661
16296
16297
16298
16299
16300
28662
28663
16301
16302
16303
16304
16305
28664
28665
16306
16307
16308
16309
16310
28666
28667
16311
28635
16312
16313
16314
16315
16316
16317
28669
28670
16318
16319
16320
16321
16322
28671
28672
16323
16324
16325
16326
16327
28673
28674
16328
16329
16330
16331
16332
28675
28676
16333
16334
16335
16336
16337
28677
28678
16338
16339
16340
16341
16342
28679
28680
16343
16344
16345
16346
16347
28681
28682
16348
16349
16350
16351
16352
28683
28684
16353
16354
16355
16356
16357
28685
28686
16358
16359
16360
16361
16362
28687
28688
16363
16364
16365
16366
16367
28689
28690
16368
16369
16370
16371
16372
28691
28692
16373
16374
16375
16376
16377
28693
28694
16378
16379
16380
16381
16382
28695
28696
16383
16384
16385
16386
16387
28697
28698
16388
16389
16390
16391
16392
28699
28700
16393
28668
16394
16395
16396
16397
16398
16399
28702
28703
16400
16401
16402
16403
16404
28704
28705
16405
16406
16407
16408
16409
28706
28707
16410
16411
16412
16413
16414
28708
28709
16415
16416
16417
16418
16419
28710
28711
16420
16421
16422
16423
16424
28712
28713
16425
16426
16427
16428
16429
28714
28715
16430
16431
16432
16433
16434
28716
28717
16435
16436
16437
16438
16439
28718
28719
16440
16441
16442
16443
16444
28720
28721
16445
16446
16447
16448
16449
28722
28723
16450
16451
16452
16453
16454
28724
28725
16455
16456
16457
16458
16459
28726
28727
16460
16461
16462
16463
16464
28728
28729
16465
16466
16467
16468
16469
28730
28731
16470
16471
16472
16473
16474
28732
28733
16475
28701
16476
16477
16478
16479
16480
16481
28735
28736
16482
16483
16484
16485
16486
28737
28738
16487
16488
16489
16490
16491
28739
28740
16492
16493
16494
16495
16496
28741
28742
16497
16498
16499
16500
16501
28743
28744
16502
16503
16504
16505
16506
28745
28746
16507
16508
16509
16510
16511
28747
28748
16512
16513
16514
16515
16516
28749
28750
16517
16518
16519
16520
16521
28751
28752
16522
16523
16524
16525
16526
28753
28754
16527
16528
16529
16530
16531
28755
28756
16532
16533
16534
16535
16536
28757
28758
16537
16538
16539
16540
16541
28759
28760
16542
16543
16544
16545
16546
28761
28762
16547
16548
16549
16550
16551
28763
28764
16552
16553
16554
16555
16556
28765
28766
16557
28734
16558
16559
16560
16561
28257
16562
16563
28768
28769
16564
16565
16566
28260
16567
16568
28770
28771
16569
16570
16571
28263
16572
16573
28772
28773
16574
16575
16576
28266
16577
16578
28774
28775
16579
16580
16581
28269
16582
16583
28776
28777
16584
16585
16586
28272
16587
16588
28778
28779
16589
16590
16591
28275
16592
16593
28780
28781
16594
16595
16596
28278
16597
16598
28782
28783
16599
16600
16601
28281
16602
16603
28784
28785
16604
16605
16606
28284
16607
16608
28786
28787
16609
16610
16611
28287
16612
16613
28788
28789
16614
16615
16616
28290
16617
16618
28790
28791
16619
16620
16621
28293
16622
16623
28792
28793
16624
16625
16626
28296
16627
16628
28794
28795
16629
16630
16631
28299
16632
16633
28796
28797
16634
16635
16636
28302
16637
16638
28798
28799
16639
28767
16640
16643
16644
16646
16641
16642
16645
16647
28802
28803
16650
16651
16653
16648
16649
16652
16654
28805
28806
16657
16658
16660
16655
16656
16659
16661
28808
28809
16664
16665
16667
16662
16663
16666
16668
28811
28812
16671
16672
16674
16669
16670
16673
16675
28814
28815
16678
16679
16681
16676
16677
16680
16682
28817
28818
16685
16686
16688
16683
16684
16687
16689
28820
28821
16692
16693
16695
16690
16691
16694
16696
28823
28824
16699
16700
16702
16697
16698
16701
16703
28826
28827
16706
16707
16709
16704
16705
16708
16710
28829
28830
16713
16714
16716
16711
16712
16715
16717
28832
28833
16720
16721
16723
16718
16719
16722
16724
28835
28836
16727
16728
16730
16725
16726
16729
16731
28838
28839
16734
16735
16737
16732
16733
16736
16738
28841
28842
16741
16742
16744
16739
16740
16743
16745
28844
28845
16748
16749
16751
16746
16747
16750
16752
28847
28848
16753
28800
16754
16755
16756
16757
16758
16759
28850
28851
16760
16761
16762
16763
16764
28852
28853
16765
16766
16767
16768
16769
28854
28855
16770
16771
16772
16773
16774
28856
28857
16775
16776
16777
16778
16779
28858
28859
16780
16781
16782
16783
16784
28860
28861
16785
16786
16787
16788
16789
28862
28863
16790
16791
16792
16793
16794
28864
28865
16795
16796
16797
16798
16799
28866
28867
16800
16801
16802
16803
16804
28868
28869
16805
16806
16807
16808
16809
28870
28871
16810
16811
16812
16813
16814
28872
28873
16815
16816
16817
16818
16819
28874
28875
16820
16821
16822
16823
16824
28876
28877
16825
16826
16827
16828
16829
28878
28879
16830
16831
16832
16833
16834
28880
28881
16835
28849
16836
16837
16838
16839
16840
16841
28883
28884
16842
16843
16844
16845
16846
28885
28886
16847
16848
16849
16850
16851
28887
28888
16852
16853
16854
16855
16856
28889
28890
16857
16858
16859
16860
16861
28891
28892
16862
16863
16864
16865
16866
28893
28894
16867
16868
16869
16870
16871
28895
28896
16872
16873
16874
16875
16876
28897
28898
16877
16878
16879
16880
16881
28899
28900
16882
16883
16884
16885
16886
28901
28902
16887
16888
16889
16890
16891
28903
28904
16892
16893
16894
16895
16896
28905
28906
16897
16898
16899
16900
16901
28907
28908
16902
16903
16904
16905
16906
28909
28910
16907
16908
16909
16910
16911
28911
28912
16912
16913
16914
16915
16916
28913
28914
16917
28882
16918
16919
16920
16921
16922
16923
28916
28917
16924
16925
16926
16927
16928
28918
28919
16929
16930
16931
16932
16933
28920
28921
16934
16935
16936
16937
16938
28922
28923
16939
16940
16941
16942
16943
28924
28925
16944
16945
16946
16947
16948
28926
28927
16949
16950
16951
16952
16953
28928
28929
16954
16955
16956
16957
16958
28930
28931
16959
16960
16961
16962
16963
28932
28933
16964
16965
16966
16967
16968
28934
28935
16969
16970
16971
16972
16973
28936
28937
16974
16975
16976
16977
16978
28938
28939
16979
16980
16981
16982
16983
28940
28941
16984
16985
16986
16987
16988
28942
28943
16989
16990
16991
16992
16993
28944
28945
16994
16995
16996
16997
16998
28946
28947
16999
28915
17000
17001
17002
17003
17004
17005
28949
28950
17006
17007
17008
17009
17010
28951
28952
17011
17012
17013
17014
17015
28953
28954
17016
17017
17018
17019
17020
28955
28956
17021
17022
17023
17024
17025
28957
28958
17026
17027
17028
17029
17030
28959
28960
17031
17032
17033
17034
17035
28961
28962
17036
17037
17038
17039
17040
28963
28964
17041
17042
17043
17044
17045
28965
28966
17046
17047
17048
17049
17050
28967
28968
17051
17052
17053
17054
17055
28969
28970
17056
17057
17058
17059
17060
28971
28972
17061
17062
17063
17064
17065
28973
28974
17066
17067
17068
17069
17070
28975
28976
17071
17072
17073
17074
17075
28977
28978
17076
17077
17078
17079
17080
28979
28980
17081
28948
17082
17083
17084
17085
17086
17087
28982
28983
17088
17089
17090
17091
17092
28984
28985
17093
17094
17095
17096
17097
28986
28987
17098
17099
17100
17101
17102
28988
28989
17103
17104
17105
17106
17107
28990
28991
17108
17109
17110
17111
17112
28992
28993
17113
17114
17115
17116
17117
28994
28995
17118
17119
17120
17121
17122
28996
28997
17123
17124
17125
17126
17127
28998
28999
17128
17129
17130
17131
17132
29000
29001
17133
17134
17135
17136
17137
29002
29003
17138
17139
17140
17141
17142
29004
29005
17143
17144
17145
17146
17147
29006
29007
17148
17149
17150
17151
17152
29008
29009
17153
17154
17155
17156
17157
29010
29011
17158
17159
17160
17161
17162
29012
29013
17163
28981
17164
17165
17166
17167
17168
17169
29015
29016
17170
17171
17172
17173
17174
29017
29018
17175
17176
17177
17178
17179
29019
29020
17180
17181
17182
17183
17184
29021
29022
17185
17186
17187
17188
17189
29023
29024
17190
17191
17192
17193
17194
29025
29026
17195
17196
17197
17198
17199
29027
29028
17200
17201
17202
17203
17204
29029
29030
17205
17206
17207
17208
17209
29031
29032
17210
17211
17212
17213
17214
29033
29034
17215
17216
17217
17218
17219
29035
29036
17220
17221
17222
17223
17224
29037
29038
17225
17226
17227
17228
17229
29039
29040
17230
17231
17232
17233
17234
29041
29042
17235
17236
17237
17238
17239
29043
29044
17240
17241
17242
17243
17244
29045
29046
17245
29014
17246
17247
17248
17249
17250
17251
29048
29049
17252
17253
17254
17255
17256
29050
29051
17257
17258
17259
17260
17261
29052
29053
17262
17263
17264
17265
17266
29054
29055
17267
17268
17269
17270
17271
29056
29057
17272
17273
17274
17275
17276
29058
29059
17277
17278
17279
17280
17281
29060
29061
17282
17283
17284
17285
17286
29062
29063
17287
17288
17289
17290
17291
29064
29065
17292
17293
17294
17295
17296
29066
29067
17297
17298
17299
17300
17301
29068
29069
17302
17303
17304
17305
17306
29070
29071
17307
17308
17309
17310
17311
29072
29073
17312
17313
17314
17315
17316
29074
29075
17317
17318
17319
17320
17321
29076
29077
17322
17323
17324
17325
17326
29078
29079
17327
29047
17328
17329
17330
17331
17332
17333
29081
29082
17334
17335
17336
17337
17338
29083
29084
17339
17340
17341
17342
17343
29085
29086
17344
17345
17346
17347
17348
29087
29088
17349
17350
17351
17352
17353
29089
29090
17354
17355
17356
17357
17358
29091
29092
17359
17360
17361
17362
17363
29093
29094
17364
17365
17366
17367
17368
29095
29096
17369
17370
17371
17372
17373
29097
29098
17374
17375
17376
17377
17378
29099
29100
17379
17380
17381
17382
17383
29101
29102
17384
17385
17386
17387
17388
29103
29104
17389
17390
17391
17392
17393
29105
29106
17394
17395
17396
17397
17398
29107
29108
17399
17400
17401
17402
17403
29109
29110
17404
17405
17406
17407
17408
29111
29112
17409
29080
17410
17411
17412
17413
17414
17415
29114
29115
17416
17417
17418
17419
17420
29116
29117
17421
17422
17423
17424
17425
29118
29119
17426
17427
17428
17429
17430
29120
29121
17431
17432
17433
17434
17435
29122
29123
17436
17437
17438
17439
17440
29124
29125
17441
17442
17443
17444
17445
29126
29127
17446
17447
17448
17449
17450
29128
29129
17451
17452
17453
17454
17455
29130
29131
17456
17457
17458
17459
17460
29132
29133
17461
17462
17463
17464
17465
29134
29135
17466
17467
17468
17469
17470
29136
29137
17471
17472
17473
17474
17475
29138
29139
17476
17477
17478
17479
17480
29140
29141
17481
17482
17483
17484
17485
29142
29143
17486
17487
17488
17489
17490
29144
29145
17491
29113
17492
17493
17494
17495
17496
17497
29147
29148
17498
17499
17500
17501
17502
29149
29150
17503
17504
17505
17506
17507
29151
29152
17508
17509
17510
17511
17512
29153
29154
17513
17514
17515
17516
17517
29155
29156
17518
17519
17520
17521
17522
29157
29158
17523
17524
17525
17526
17527
29159
29160
17528
17529
17530
17531
17532
29161
29162
17533
17534
17535
17536
17537
29163
29164
17538
17539
17540
17541
17542
29165
29166
17543
17544
17545
17546
17547
29167
29168
17548
17549
17550
17551
17552
29169
29170
17553
17554
17555
17556
17557
29171
29172
17558
17559
17560
17561
17562
29173
29174
17563
17564
17565
17566
17567
29175
29176
17568
17569
17570
17571
17572
29177
29178
17573
29146
17574
17575
17576
17577
17578
17579
29180
29181
17580
17581
17582
17583
17584
29182
29183
17585
17586
17587
17588
17589
29184
29185
17590
17591
17592
17593
17594
29186
29187
17595
17596
17597
17598
17599
29188
29189
17600
17601
17602
17603
17604
29190
29191
17605
17606
17607
17608
17609
29192
29193
17610
17611
17612
17613
17614
29194
29195
17615
17616
17617
17618
17619
29196
29197
17620
17621
17622
17623
17624
29198
29199
17625
17626
17627
17628
17629
29200
29201
17630
17631
17632
17633
17634
29202
29203
17635
17636
17637
17638
17639
29204
29205
17640
17641
17642
17643
17644
29206
29207
17645
17646
17647
17648
17649
29208
29209
17650
17651
17652
17653
17654
29210
29211
17655
29179
17656
17657
17658
17659
17660
17661
29213
29214
17662
17663
17664
17665
17666
29215
29216
17667
17668
17669
17670
17671
29217
29218
17672
17673
17674
17675
17676
29219
29220
17677
17678
17679
17680
17681
29221
29222
17682
17683
17684
17685
17686
29223
29224
17687
17688
17689
17690
17691
29225
29226
17692
17693
17694
17695
17696
29227
29228
17697
17698
17699
17700
17701
29229
29230
17702
17703
17704
17705
17706
29231
29232
17707
17708
17709
17710
17711
29233
29234
17712
17713
17714
17715
17716
29235
29236
17717
17718
17719
17720
17721
29237
29238
17722
17723
17724
17725
17726
29239
29240
17727
17728
17729
17730
17731
29241
29242
17732
17733
17734
17735
17736
29243
29244
17737
29212
17738
17739
17740
17741
17742
17743
29246
29247
17744
17745
17746
17747
17748
29248
29249
17749
17750
17751
17752
17753
29250
29251
17754
17755
17756
17757
17758
29252
29253
17759
17760
17761
17762
17763
29254
29255
17764
17765
17766
17767
17768
29256
29257
17769
17770
17771
17772
17773
29258
29259
17774
17775
17776
17777
17778
29260
29261
17779
17780
17781
17782
17783
29262
29263
17784
17785
17786
17787
17788
29264
29265
17789
17790
17791
17792
17793
29266
29267
17794
17795
17796
17797
17798
29268
29269
17799
17800
17801
17802
17803
29270
29271
17804
17805
17806
17807
17808
29272
29273
17809
17810
17811
17812
17813
29274
29275
17814
17815
17816
17817
17818
29276
29277
17819
29245
17820
17821
17822
17823
17824
17825
29279
29280
17826
17827
17828
17829
17830
29281
29282
17831
17832
17833
17834
17835
29283
29284
17836
17837
17838
17839
17840
29285
29286
17841
17842
17843
17844
17845
29287
29288
17846
17847
17848
17849
17850
29289
29290
17851
17852
17853
17854
17855
29291
29292
17856
17857
17858
17859
17860
29293
29294
17861
17862
17863
17864
17865
29295
29296
17866
17867
17868
17869
17870
29297
29298
17871
17872
17873
17874
17875
29299
29300
17876
17877
17878
17879
17880
29301
29302
17881
17882
17883
17884
17885
29303
29304
17886
17887
17888
17889
17890
29305
29306
17891
17892
17893
17894
17895
29307
29308
17896
17897
17898
17899
17900
29309
29310
17901
29278
17902
17903
17904
17905
28801
17906
17907
29312
29313
17908
17909
17910
28804
17911
17912
29314
29315
17913
17914
17915
28807
17916
17917
29316
29317
17918
17919
17920
28810
17921
17922
29318
29319
17923
17924
17925
28813
17926
17927
29320
29321
17928
17929
17930
28816
17931
17932
29322
29323
17933
17934
17935
28819
17936
17937
29324
29325
17938
17939
17940
28822
17941
17942
29326
29327
17943
17944
17945
28825
17946
17947
29328
29329
17948
17949
17950
28828
17951
17952
29330
29331
17953
17954
17955
28831
17956
17957
29332
29333
17958
17959
17960
28834
17961
17962
29334
29335
17963
17964
17965
28837
17966
17967
29336
29337
17968
17969
17970
28840
17971
17972
29338
29339
17973
17974
17975
28843
17976
17977
29340
29341
17978
17979
17980
28846
17981
17982
29342
29343
17983
29311
17984
17987
17988
17990
17985
17986
17989
17991
29346
29347
17994
17995
17997
17992
17993
17996
17998
29349
29350
18001
18002
18004
17999
18000
18003
18005
29352
29353
18008
18009
18011
18006
18007
18010
18012
29355
29356
18015
18016
18018
18013
18014
18017
18019
29358
29359
18022
18023
18025
18020
18021
18024
18026
29361
29362
18029
18030
18032
18027
18028
18031
18033
29364
29365
18036
18037
18039
18034
18035
18038
18040
29367
29368
18043
18044
18046
18041
18042
18045
18047
29370
29371
18050
18051
18053
18048
18049
18052
18054
29373
29374
18057
18058
18060
18055
18056
18059
18061
29376
29377
18064
18065
18067
18062
18063
18066
18068
29379
29380
18071
18072
18074
18069
18070
18073
18075
29382
29383
18078
18079
18081
18076
18077
18080
18082
29385
29386
18085
18086
18088
18083
18084
18087
18089
29388
29389
18092
18093
18095
18090
18091
18094
18096
29391
29392
18097
29344
18098
18099
18100
18101
18102
18103
29394
29395
18104
18105
18106
18107
18108
29396
29397
18109
18110
18111
18112
18113
29398
29399
18114
18115
18116
18117
18118
29400
29401
18119
18120
18121
18122
18123
29402
29403
18124
18125
18126
18127
18128
29404
29405
18129
18130
18131
18132
18133
29406
29407
18134
18135
18136
18137
18138
29408
29409
18139
18140
18141
18142
18143
29410
29411
18144
18145
18146
18147
18148
29412
29413
18149
18150
18151
18152
18153
29414
29415
18154
18155
18156
18157
18158
29416
29417
18159
18160
18161
18162
18163
29418
29419
18164
18165
18166
18167
18168
29420
29421
18169
18170
18171
18172
18173
29422
29423
18174
18175
18176
18177
18178
29424
29425
18179
29393
18180
18181
18182
18183
18184
18185
29427
29428
18186
18187
18188
18189
18190
29429
29430
18191
18192
18193
18194
18195
29431
29432
18196
18197
18198
18199
18200
29433
29434
18201
18202
18203
18204
18205
29435
29436
18206
18207
18208
18209
18210
29437
29438
18211
18212
18213
18214
18215
29439
29440
18216
18217
18218
18219
18220
29441
29442
18221
18222
18223
18224
18225
29443
29444
18226
18227
18228
18229
18230
29445
29446
18231
18232
18233
18234
18235
29447
29448
18236
18237
18238
18239
18240
29449
29450
18241
18242
18243
18244
18245
29451
29452
18246
18247
18248
18249
18250
29453
29454
18251
18252
18253
18254
18255
29455
29456
18256
18257
18258
18259
18260
29457
29458
18261
29426
18262
18263
18264
18265
18266
18267
29460
29461
18268
18269
18270
18271
18272
29462
29463
18273
18274
18275
18276
18277
29464
29465
18278
18279
18280
18281
18282
29466
29467
18283
18284
18285
18286
18287
29468
29469
18288
18289
18290
18291
18292
29470
29471
18293
18294
18295
18296
18297
29472
29473
18298
18299
18300
18301
18302
29474
29475
18303
18304
18305
18306
18307
29476
29477
18308
18309
18310
18311
18312
29478
29479
18313
18314
18315
18316
18317
29480
29481
18318
18319
18320
18321
18322
29482
29483
18323
18324
18325
18326
18327
29484
29485
18328
18329
18330
18331
18332
29486
29487
18333
18334
18335
18336
18337
29488
29489
18338
18339
18340
18341
18342
29490
29491
18343
29459
18344
18345
18346
18347
18348
18349
29493
29494
18350
18351
18352
18353
18354
29495
29496
18355
18356
18357
18358
18359
29497
29498
18360
18361
18362
18363
18364
29499
29500
18365
18366
18367
18368
18369
29501
29502
18370
18371
18372
18373
18374
29503
29504
18375
18376
18377
18378
18379
29505
29506
18380
18381
18382
18383
18384
29507
29508
18385
18386
18387
18388
18389
29509
29510
18390
18391
18392
18393
18394
29511
29512
18395
18396
18397
18398
18399
29513
29514
18400
18401
18402
18403
18404
29515
29516
18405
18406
18407
18408
18409
29517
29518
18410
18411
18412
18413
18414
29519
29520
18415
18416
18417
18418
18419
29521
29522
18420
18421
18422
18423
18424
29523
29524
18425
29492
18426
18427
18428
18429
18430
18431
29526
29527
18432
18433
18434
18435
18436
29528
29529
18437
18438
18439
18440
18441
29530
29531
18442
18443
18444
18445
18446
29532
29533
18447
18448
18449
18450
18451
29534
29535
18452
18453
18454
18455
18456
29536
29537
18457
18458
18459
18460
18461
29538
29539
18462
18463
18464
18465
18466
29540
29541
18467
18468
18469
18470
18471
29542
29543
18472
18473
18474
18475
18476
29544
29545
18477
18478
18479
18480
18481
29546
29547
18482
18483
18484
18485
18486
29548
29549
18487
18488
18489
18490
18491
29550
29551
18492
18493
18494
18495
18496
29552
29553
18497
18498
18499
18500
18501
29554
29555
18502
18503
18504
18505
18506
29556
29557
18507
29525
18508
18509
18510
18511
18512
18513
29559
29560
18514
18515
18516
18517
18518
29561
29562
18519
18520
18521
18522
18523
29563
29564
18524
18525
18526
18527
18528
29565
29566
18529
18530
18531
18532
18533
29567
29568
18534
18535
18536
18537
18538
29569
29570
18539
18540
18541
18542
18543
29571
29572
18544
18545
18546
18547
18548
29573
29574
18549
18550
18551
18552
18553
29575
29576
18554
18555
18556
18557
18558
29577
29578
18559
18560
18561
18562
18563
29579
29580
18564
18565
18566
18567
18568
29581
29582
18569
18570
18571
18572
18573
29583
29584
18574
18575
18576
18577
18578
29585
29586
18579
18580
18581
18582
18583
29587
29588
18584
18585
18586
18587
18588
29589
29590
18589
29558
18590
18591
18592
18593
18594
18595
29592
29593
18596
18597
18598
18599
18600
29594
29595
18601
18602
18603
18604
18605
29596
29597
18606
18607
18608
18609
18610
29598
29599
18611
18612
18613
18614
18615
29600
29601
18616
18617
18618
18619
18620
29602
29603
18621
18622
18623
18624
18625
29604
29605
18626
18627
18628
18629
18630
29606
29607
18631
18632
18633
18634
18635
29608
29609
18636
18637
18638
18639
18640
29610
29611
18641
18642
18643
18644
18645
29612
29613
18646
18647
18648
18649
18650
29614
29615
18651
18652
18653
18654
18655
29616
29617
18656
18657
18658
18659
18660
29618
29619
18661
18662
18663
18664
18665
29620
29621
18666
18667
18668
18669
18670
29622
29623
18671
29591
18672
18673
18674
18675
18676
18677
29625
29626
18678
18679
18680
18681
18682
29627
29628
18683
18684
18685
18686
18687
29629
29630
18688
18689
18690
18691
18692
29631
29632
18693
18694
18695
18696
18697
29633
29634
18698
18699
18700
18701
18702
29635
29636
18703
18704
18705
18706
18707
29637
29638
18708
18709
18710
18711
18712
29639
29640
18713
18714
18715
18716
18717
29641
29642
18718
18719
18720
18721
18722
29643
29644
18723
18724
18725
18726
18727
29645
29646
18728
18729
18730
18731
18732
29647
29648
18733
18734
18735
18736
18737
29649
29650
18738
18739
18740
18741
18742
29651
29652
18743
18744
18745
18746
18747
29653
29654
18748
18749
18750
18751
18752
29655
29656
18753
29624
18754
18755
18756
18757
18758
18759
29658
29659
18760
18761
18762
18763
18764
29660
29661
18765
18766
18767
18768
18769
29662
29663
18770
18771
18772
18773
18774
29664
29665
18775
18776
18777
18778
18779
29666
29667
18780
18781
18782
18783
18784
29668
29669
18785
18786
18787
18788
18789
29670
29671
18790
18791
18792
18793
18794
29672
29673
18795
18796
18797
18798
18799
29674
29675
18800
18801
18802
18803
18804
29676
29677
18805
18806
18807
18808
18809
29678
29679
18810
18811
18812
18813
18814
29680
29681
18815
18816
18817
18818
18819
29682
29683
18820
18821
18822
18823
18824
29684
29685
18825
18826
18827
18828
18829
29686
29687
18830
18831
18832
18833
18834
29688
29689
18835
29657
18836
18837
18838
18839
18840
18841
29691
29692
18842
18843
18844
18845
18846
29693
29694
18847
18848
18849
18850
18851
29695
29696
18852
18853
18854
18855
18856
29697
29698
18857
18858
18859
18860
18861
29699
29700
18862
18863
18864
18865
18866
29701
29702
18867
18868
18869
18870
18871
29703
29704
18872
18873
18874
18875
18876
29705
29706
18877
18878
18879
18880
18881
29707
29708
18882
18883
18884
18885
18886
29709
29710
18887
18888
18889
18890
18891
29711
29712
18892
18893
18894
18895
18896
29713
29714
18897
18898
18899
18900
18901
29715
29716
18902
18903
18904
18905
18906
29717
29718
18907
18908
18909
18910
18911
29719
29720
18912
18913
18914
18915
18916
29721
29722
18917
29690
18918
18919
18920
18921
18922
18923
29724
29725
18924
18925
18926
18927
18928
29726
29727
18929
18930
18931
18932
18933
29728
29729
18934
18935
18936
18937
18938
29730
29731
18939
18940
18941
18942
18943
29732
29733
18944
18945
18946
18947
18948
29734
29735
18949
18950
18951
18952
18953
29736
29737
18954
18955
18956
18957
18958
29738
29739
18959
18960
18961
18962
18963
29740
29741
18964
18965
18966
18967
18968
29742
29743
18969
18970
18971
18972
18973
29744
29745
18974
18975
18976
18977
18978
29746
29747
18979
18980
18981
18982
18983
29748
29749
18984
18985
18986
18987
18988
29750
29751
18989
18990
18991
18992
18993
29752
29753
18994
18995
18996
18997
18998
29754
29755
18999
29723
19000
19001
19002
19003
19004
19005
29757
29758
19006
19007
19008
19009
19010
29759
29760
19011
19012
19013
19014
19015
29761
29762
19016
19017
19018
19019
19020
29763
29764
19021
19022
19023
19024
19025
29765
29766
19026
19027
19028
19029
19030
29767
29768
19031
19032
19033
19034
19035
29769
29770
19036
19037
19038
19039
19040
29771
29772
19041
19042
19043
19044
19045
29773
29774
19046
19047
19048
19049
19050
29775
29776
19051
19052
19053
19054
19055
29777
29778
19056
19057
19058
19059
19060
29779
29780
19061
19062
19063
19064
19065
29781
29782
19066
19067
19068
19069
19070
29783
29784
19071
19072
19073
19074
19075
29785
29786
19076
19077
19078
19079
19080
29787
29788
19081
29756
19082
19083
19084
19085
19086
19087
29790
29791
19088
19089
19090
19091
19092
29792
29793
19093
19094
19095
19096
19097
29794
29795
19098
19099
19100
19101
19102
29796
29797
19103
19104
19105
19106
19107
29798
29799
19108
19109
19110
19111
19112
29800
29801
19113
19114
19115
19116
19117
29802
29803
19118
19119
19120
19121
19122
29804
29805
19123
19124
19125
19126
19127
29806
29807
19128
19129
19130
19131
19132
29808
29809
19133
19134
19135
19136
19137
29810
29811
19138
19139
19140
19141
19142
29812
29813
19143
19144
19145
19146
19147
29814
29815
19148
19149
19150
19151
19152
29816
29817
19153
19154
19155
19156
19157
29818
29819
19158
19159
19160
19161
19162
29820
29821
19163
29789
19164
19165
19166
19167
19168
19169
29823
29824
19170
19171
19172
19173
19174
29825
29826
19175
19176
19177
19178
19179
29827
29828
19180
19181
19182
19183
19184
29829
29830
19185
19186
19187
19188
19189
29831
29832
19190
19191
19192
19193
19194
29833
29834
19195
19196
19197
19198
19199
29835
29836
19200
19201
19202
19203
19204
29837
29838
19205
19206
19207
19208
19209
29839
29840
19210
19211
19212
19213
19214
29841
29842
19215
19216
19217
19218
19219
29843
29844
19220
19221
19222
19223
19224
29845
29846
19225
19226
19227
19228
19229
29847
29848
19230
19231
19232
19233
19234
29849
29850
19235
19236
19237
19238
19239
29851
29852
19240
19241
19242
19243
19244
29853
29854
19245
29822
19246
19247
19248
19249
29345
19250
19251
29856
29857
19252
19253
19254
29348
19255
19256
29858
29859
19257
19258
19259
29351
19260
19261
29860
29861
19262
19263
19264
29354
19265
19266
29862
29863
19267
19268
19269
29357
19270
19271
29864
29865
19272
19273
19274
29360
19275
19276
29866
29867
19277
19278
19279
29363
19280
19281
29868
29869
19282
19283
19284
29366
19285
19286
29870
29871
19287
19288
19289
29369
19290
19291
29872
29873
19292
19293
19294
29372
19295
19296
29874
29875
19297
19298
19299
29375
19300
19301
29876
29877
19302
19303
19304
29378
19305
19306
29878
29879
19307
19308
19309
29381
19310
19311
29880
29881
19312
19313
19314
29384
19315
19316
29882
29883
19317
19318
19319
29387
19320
19321
29884
29885
19322
19323
19324
29390
19325
19326
29886
29887
19327
29855
19328
19331
19332
19334
19329
19330
19333
19335
29890
29891
19338
19339
19341
19336
19337
19340
19342
29893
29894
19345
19346
19348
19343
19344
19347
19349
29896
29897
19352
19353
19355
19350
19351
19354
19356
29899
29900
19359
19360
19362
19357
19358
19361
19363
29902
29903
19366
19367
19369
19364
19365
19368
19370
29905
29906
19373
19374
19376
19371
19372
19375
19377
29908
29909
19380
19381
19383
19378
19379
19382
19384
29911
29912
19387
19388
19390
19385
19386
19389
19391
29914
29915
19394
19395
19397
19392
19393
19396
19398
29917
29918
19401
19402
19404
19399
19400
19403
19405
29920
29921
19408
19409
19411
19406
19407
19410
19412
29923
29924
19415
19416
19418
19413
19414
19417
19419
29926
29927
19422
19423
19425
19420
19421
19424
19426
29929
29930
19429
19430
19432
19427
19428
19431
19433
29932
29933
19436
19437
19439
19434
19435
19438
19440
29935
29936
19441
29888
19442
19443
19444
19445
19446
19447
29938
29939
19448
19449
19450
19451
19452
29940
29941
19453
19454
19455
19456
19457
29942
29943
19458
19459
19460
19461
19462
29944
29945
19463
19464
19465
19466
19467
29946
29947
19468
19469
19470
19471
19472
29948
29949
19473
19474
19475
19476
19477
29950
29951
19478
19479
19480
19481
19482
29952
29953
19483
19484
19485
19486
19487
29954
29955
19488
19489
19490
19491
19492
29956
29957
19493
19494
19495
19496
19497
29958
29959
19498
19499
19500
19501
19502
29960
29961
19503
19504
19505
19506
19507
29962
29963
19508
19509
19510
19511
19512
29964
29965
19513
19514
19515
19516
19517
29966
29967
19518
19519
19520
19521
19522
29968
29969
19523
29937
19524
19525
19526
19527
19528
19529
29971
29972
19530
19531
19532
19533
19534
29973
29974
19535
19536
19537
19538
19539
29975
29976
19540
19541
19542
19543
19544
29977
29978
19545
19546
19547
19548
19549
29979
29980
19550
19551
19552
19553
19554
29981
29982
19555
19556
19557
19558
19559
29983
29984
19560
19561
19562
19563
19564
29985
29986
19565
19566
19567
19568
19569
29987
29988
19570
19571
19572
19573
19574
29989
29990
19575
19576
19577
19578
19579
29991
29992
19580
19581
19582
19583
19584
29993
29994
19585
19586
19587
19588
19589
29995
29996
19590
19591
19592
19593
19594
29997
29998
19595
19596
19597
19598
19599
29999
30000
19600
19601
19602
19603
19604
30001
30002
19605
29970
19606
19607
19608
19609
19610
19611
30004
30005
19612
19613
19614
19615
19616
30006
30007
19617
19618
19619
19620
19621
30008
30009
19622
19623
19624
19625
19626
30010
30011
19627
19628
19629
19630
19631
30012
30013
19632
19633
19634
19635
19636
30014
30015
19637
19638
19639
19640
19641
30016
30017
19642
19643
19644
19645
19646
30018
30019
19647
19648
19649
19650
19651
30020
30021
19652
19653
19654
19655
19656
30022
30023
19657
19658
19659
19660
19661
30024
30025
19662
19663
19664
19665
19666
30026
30027
19667
19668
19669
19670
19671
30028
30029
19672
19673
19674
19675
19676
30030
30031
19677
19678
19679
19680
19681
30032
30033
19682
19683
19684
19685
19686
30034
30035
19687
30003
19688
19689
19690
19691
19692
19693
30037
30038
19694
19695
19696
19697
19698
30039
30040
19699
19700
19701
19702
19703
30041
30042
19704
19705
19706
19707
19708
30043
30044
19709
19710
19711
19712
19713
30045
30046
19714
19715
19716
19717
19718
30047
30048
19719
19720
19721
19722
19723
30049
30050
19724
19725
19726
19727
19728
30051
30052
19729
19730
19731
19732
19733
30053
30054
19734
19735
19736
19737
19738
30055
30056
19739
19740
19741
19742
19743
30057
30058
19744
19745
19746
19747
19748
30059
30060
19749
19750
19751
19752
19753
30061
30062
19754
19755
19756
19757
19758
30063
30064
19759
19760
19761
19762
19763
30065
30066
19764
19765
19766
19767
19768
30067
30068
19769
30036
19770
19771
19772
19773
19774
19775
30070
30071
19776
19777
19778
19779
19780
30072
30073
19781
19782
19783
19784
19785
30074
30075
19786
19787
19788
19789
19790
30076
30077
19791
19792
19793
19794
19795
30078
30079
19796
19797
19798
19799
19800
30080
30081
19801
19802
19803
19804
19805
30082
30083
19806
19807
19808
19809
19810
30084
30085
19811
19812
19813
19814
19815
30086
30087
19816
19817
19818
19819
19820
30088
30089
19821
19822
19823
19824
19825
30090
30091
19826
19827
19828
19829
19830
30092
30093
19831
19832
19833
19834
19835
30094
30095
19836
19837
19838
19839
19840
30096
30097
19841
19842
19843
19844
19845
30098
30099
19846
19847
19848
19849
19850
30100
30101
19851
30069
19852
19853
19854
19855
19856
19857
30103
30104
19858
19859
19860
19861
19862
30105
30106
19863
19864
19865
19866
19867
30107
30108
19868
19869
19870
19871
19872
30109
30110
19873
19874
19875
19876
19877
30111
30112
19878
19879
19880
19881
19882
30113
30114
19883
19884
19885
19886
19887
30115
30116
19888
19889
19890
19891
19892
30117
30118
19893
19894
19895
19896
19897
30119
30120
19898
19899
19900
19901
19902
30121
30122
19903
19904
19905
19906
19907
30123
30124
19908
19909
19910
19911
19912
30125
30126
19913
19914
19915
19916
19917
30127
30128
19918
19919
19920
19921
19922
30129
30130
19923
19924
19925
19926
19927
30131
30132
19928
19929
19930
19931
19932
30133
30134
19933
30102
19934
19935
19936
19937
19938
19939
30136
30137
19940
19941
19942
19943
19944
30138
30139
19945
19946
19947
19948
19949
30140
30141
19950
19951
19952
19953
19954
30142
30143
19955
19956
19957
19958
19959
30144
30145
19960
19961
19962
19963
19964
30146
30147
19965
19966
19967
19968
19969
30148
30149
19970
19971
19972
19973
19974
30150
30151
19975
19976
19977
19978
19979
30152
30153
19980
19981
19982
19983
19984
30154
30155
19985
19986
19987
19988
19989
30156
30157
19990
19991
19992
19993
19994
30158
30159
19995
19996
19997
19998
19999
30160
30161
20000
20001
20002
20003
20004
30162
30163
20005
20006
20007
20008
20009
30164
30165
20010
20011
20012
20013
20014
30166
30167
20015
30135
20016
20017
20018
20019
20020
20021
30169
30170
20022
20023
20024
20025
20026
30171
30172
20027
20028
20029
20030
20031
30173
30174
20032
20033
20034
20035
20036
30175
30176
20037
20038
20039
20040
20041
30177
30178
20042
20043
20044
20045
20046
30179
30180
20047
20048
20049
20050
20051
30181
30182
20052
20053
20054
20055
20056
30183
30184
20057
20058
20059
20060
20061
30185
30186
20062
20063
20064
20065
20066
30187
30188
20067
20068
20069
20070
20071
30189
30190
20072
20073
20074
20075
20076
30191
30192
20077
20078
20079
20080
20081
30193
30194
20082
20083
20084
20085
20086
30195
30196
20087
20088
20089
20090
20091
30197
30198
20092
20093
20094
20095
20096
30199
30200
20097
30168
20098
20099
20100
20101
20102
20103
30202
30203
20104
20105
20106
20107
20108
30204
30205
20109
20110
20111
20112
20113
30206
30207
20114
20115
20116
20117
20118
30208
30209
20119
20120
20121
20122
20123
30210
30211
20124
20125
20126
20127
20128
30212
30213
20129
20130
20131
20132
20133
30214
30215
20134
20135
20136
20137
20138
30216
30217
20139
20140
20141
20142
20143
30218
30219
20144
20145
20146
20147
20148
30220
30221
20149
20150
20151
20152
20153
30222
30223
20154
20155
20156
20157
20158
30224
30225
20159
20160
20161
20162
20163
30226
30227
20164
20165
20166
20167
20168
30228
30229
20169
20170
20171
20172
20173
30230
30231
20174
20175
20176
20177
20178
30232
30233
20179
30201
20180
20181
20182
20183
20184
20185
30235
30236
20186
20187
20188
20189
20190
30237
30238
20191
20192
20193
20194
20195
30239
30240
20196
20197
20198
20199
20200
30241
30242
20201
20202
20203
20204
20205
30243
30244
20206
20207
20208
20209
20210
30245
30246
20211
20212
20213
20214
20215
30247
30248
20216
20217
20218
20219
20220
30249
30250
20221
20222
20223
20224
20225
30251
30252
20226
20227
20228
20229
20230
30253
30254
20231
20232
20233
20234
20235
30255
30256
20236
20237
20238
20239
20240
30257
30258
20241
20242
20243
20244
20245
30259
30260
20246
20247
20248
20249
20250
30261
30262
20251
20252
20253
20254
20255
30263
30264
20256
20257
20258
20259
20260
30265
30266
20261
30234
20262
20263
20264
20265
20266
20267
30268
30269
20268
20269
20270
20271
20272
30270
30271
20273
20274
20275
20276
20277
30272
30273
20278
20279
20280
20281
20282
30274
30275
20283
20284
20285
20286
20287
30276
30277
20288
20289
20290
20291
20292
30278
30279
20293
20294
20295
20296
20297
30280
30281
20298
20299
20300
20301
20302
30282
30283
20303
20304
20305
20306
20307
30284
30285
20308
20309
20310
20311
20312
30286
30287
20313
20314
20315
20316
20317
30288
30289
20318
20319
20320
20321
20322
30290
30291
20323
20324
20325
20326
20327
30292
30293
20328
20329
20330
20331
20332
30294
30295
20333
20334
20335
20336
20337
30296
30297
20338
20339
20340
20341
20342
30298
30299
20343
30267
20344
20345
20346
20347
20348
20349
30301
30302
20350
20351
20352
20353
20354
30303
30304
20355
20356
20357
20358
20359
30305
30306
20360
20361
20362
20363
20364
30307
30308
20365
20366
20367
20368
20369
30309
30310
20370
20371
20372
20373
20374
30311
30312
20375
20376
20377
20378
20379
30313
30314
20380
20381
20382
20383
20384
30315
30316
20385
20386
20387
20388
20389
30317
30318
20390
20391
20392
20393
20394
30319
30320
20395
20396
20397
20398
20399
30321
30322
20400
20401
20402
20403
20404
30323
30324
20405
20406
20407
20408
20409
30325
30326
20410
20411
20412
20413
20414
30327
30328
20415
20416
20417
20418
20419
30329
30330
20420
20421
20422
20423
20424
30331
30332
20425
30300
20426
20427
20428
20429
20430
20431
30334
30335
20432
20433
20434
20435
20436
30336
30337
20437
20438
20439
20440
20441
30338
30339
20442
20443
20444
20445
20446
30340
30341
20447
20448
20449
20450
20451
30342
30343
20452
20453
20454
20455
20456
30344
30345
20457
20458
20459
20460
20461
30346
30347
20462
20463
20464
20465
20466
30348
30349
20467
20468
20469
20470
20471
30350
30351
20472
20473
20474
20475
20476
30352
30353
20477
20478
20479
20480
20481
30354
30355
20482
20483
20484
20485
20486
30356
30357
20487
20488
20489
20490
20491
30358
30359
20492
20493
20494
20495
20496
30360
30361
20497
20498
20499
20500
20501
30362
30363
20502
20503
20504
20505
20506
30364
30365
20507
30333
20508
20509
20510
20511
20512
20513
30367
30368
20514
20515
20516
20517
20518
30369
30370
20519
20520
20521
20522
20523
30371
30372
20524
20525
20526
20527
20528
30373
30374
20529
20530
20531
20532
20533
30375
30376
20534
20535
20536
20537
20538
30377
30378
20539
20540
20541
20542
20543
30379
30380
20544
20545
20546
20547
20548
30381
30382
20549
20550
20551
20552
20553
30383
30384
20554
20555
20556
20557
20558
30385
30386
20559
20560
20561
20562
20563
30387
30388
20564
20565
20566
20567
20568
30389
30390
20569
20570
20571
20572
20573
30391
30392
20574
20575
20576
20577
20578
30393
30394
20579
20580
20581
20582
20583
30395
30396
20584
20585
20586
20587
20588
30397
30398
20589
30366
20590
20591
20592
20593
29889
20594
20595
30400
30401
20596
20597
20598
29892
20599
20600
30402
30403
20601
20602
20603
29895
20604
20605
30404
30405
20606
20607
20608
29898
20609
20610
30406
30407
20611
20612
20613
29901
20614
20615
30408
30409
20616
20617
20618
29904
20619
20620
30410
30411
20621
20622
20623
29907
20624
20625
30412
30413
20626
20627
20628
29910
20629
20630
30414
30415
20631
20632
20633
29913
20634
20635
30416
30417
20636
20637
20638
29916
20639
20640
30418
30419
20641
20642
20643
29919
20644
20645
30420
30421
20646
20647
20648
29922
20649
20650
30422
30423
20651
20652
20653
29925
20654
20655
30424
30425
20656
20657
20658
29928
20659
20660
30426
30427
20661
20662
20663
29931
20664
20665
30428
30429
20666
20667
20668
29934
20669
20670
30430
30431
20671
30399
20672
20675
20676
20678
22018
20673
20674
20677
20679
30434
30435
20682
20683
20685
22022
20680
20681
20684
20686
30437
30438
20689
20690
20692
22026
20687
20688
20691
20693
30440
30441
20696
20697
20699
22030
20694
20695
20698
20700
30443
30444
20703
20704
20706
22034
20701
20702
20705
20707
30446
30447
20710
20711
20713
22038
20708
20709
20712
20714
30449
30450
20717
20718
20720
22042
20715
20716
20719
20721
30452
30453
20724
20725
20727
22046
20722
20723
20726
20728
30455
30456
20731
20732
20734
22050
20729
20730
20733
20735
30458
30459
20738
20739
20741
22054
20736
20737
20740
20742
30461
30462
20745
20746
20748
22058
20743
20744
20747
20749
30464
30465
20752
20753
20755
22062
20750
20751
20754
20756
30467
30468
20759
20760
20762
22066
20757
20758
20761
20763
30470
30471
20766
20767
20769
22070
20764
20765
20768
20770
30473
30474
20773
20774
20776
22074
20771
20772
20775
20777
30476
30477
20780
20781
20783
22078
20778
20779
20782
20784
30479
30480
20785
30432
20786
20787
20788
20789
20790
22082
20791
30482
30483
20792
20793
20794
20795
22085
20796
30484
30485
20797
20798
20799
20800
22088
20801
30486
30487
20802
20803
20804
20805
22091
20806
30488
30489
20807
20808
20809
20810
22094
20811
30490
30491
20812
20813
20814
20815
22097
20816
30492
30493
20817
20818
20819
20820
22100
20821
30494
30495
20822
20823
20824
20825
22103
20826
30496
30497
20827
20828
20829
20830
22106
20831
30498
30499
20832
20833
20834
20835
22109
20836
30500
30501
20837
20838
20839
20840
22112
20841
30502
30503
20842
20843
20844
20845
22115
20846
30504
30505
20847
20848
20849
20850
22118
20851
30506
30507
20852
20853
20854
20855
22121
20856
30508
30509
20857
20858
20859
20860
22124
20861
30510
30511
20862
20863
20864
20865
22127
20866
30512
30513
20867
30481
20868
20869
20870
20871
20872
22131
20873
30515
30516
20874
20875
20876
20877
22134
20878
30517
30518
20879
20880
20881
20882
22137
20883
30519
30520
20884
20885
20886
20887
22140
20888
30521
30522
20889
20890
20891
20892
22143
20893
30523
30524
20894
20895
20896
20897
22146
20898
30525
30526
20899
20900
20901
20902
22149
20903
30527
30528
20904
20905
20906
20907
22152
20908
30529
30530
20909
20910
20911
20912
22155
20913
30531
30532
20914
20915
20916
20917
22158
20918
30533
30534
20919
20920
20921
20922
22161
20923
30535
30536
20924
20925
20926
20927
22164
20928
30537
30538
20929
20930
20931
20932
22167
20933
30539
30540
20934
20935
20936
20937
22170
20938
30541
30542
20939
20940
20941
20942
22173
20943
30543
30544
20944
20945
20946
20947
22176
20948
30545
30546
20949
30514
20950
20951
20952
20953
20954
22180
20955
30548
30549
20956
20957
20958
20959
22183
20960
30550
30551
20961
20962
20963
20964
22186
20965
30552
30553
20966
20967
20968
20969
22189
20970
30554
30555
20971
20972
20973
20974
22192
20975
30556
30557
20976
20977
20978
20979
22195
20980
30558
30559
20981
20982
20983
20984
22198
20985
30560
30561
20986
20987
20988
20989
22201
20990
30562
30563
20991
20992
20993
20994
22204
20995
30564
30565
20996
20997
20998
20999
22207
21000
30566
30567
21001
21002
21003
21004
22210
21005
30568
30569
21006
21007
21008
21009
22213
21010
30570
30571
21011
21012
21013
21014
22216
21015
30572
30573
21016
21017
21018
21019
22219
21020
30574
30575
21021
21022
21023
21024
22222
21025
30576
30577
21026
21027
21028
21029
22225
21030
30578
30579
21031
30547
21032
21033
21034
21035
21036
22229
21037
30581
30582
21038
21039
21040
21041
22232
21042
30583
30584
21043
21044
21045
21046
22235
21047
30585
30586
21048
21049
21050
21051
22238
21052
30587
30588
21053
21054
21055
21056
22241
21057
30589
30590
21058
21059
21060
21061
22244
21062
30591
30592
21063
21064
21065
21066
22247
21067
30593
30594
21068
21069
21070
21071
22250
21072
30595
30596
21073
21074
21075
21076
22253
21077
30597
30598
21078
21079
21080
21081
22256
21082
30599
30600
21083
21084
21085
21086
22259
21087
30601
30602
21088
21089
21090
21091
22262
21092
30603
30604
21093
21094
21095
21096
22265
21097
30605
30606
21098
21099
21100
21101
22268
21102
30607
30608
21103
21104
21105
21106
22271
21107
30609
30610
21108
21109
21110
21111
22274
21112
30611
30612
21113
30580
21114
21115
21116
21117
21118
22278
21119
30614
30615
21120
21121
21122
21123
22281
21124
30616
30617
21125
21126
21127
21128
22284
21129
30618
30619
21130
21131
21132
21133
22287
21134
30620
30621
21135
21136
21137
21138
22290
21139
30622
30623
21140
21141
21142
21143
22293
21144
30624
30625
21145
21146
21147
21148
22296
21149
30626
30627
21150
21151
21152
21153
22299
21154
30628
30629
21155
21156
21157
21158
22302
21159
30630
30631
21160
21161
21162
21163
22305
21164
30632
30633
21165
21166
21167
21168
22308
21169
30634
30635
21170
21171
21172
21173
22311
21174
30636
30637
21175
21176
21177
21178
22314
21179
30638
30639
21180
21181
21182
21183
22317
21184
30640
30641
21185
21186
21187
21188
22320
21189
30642
30643
21190
21191
21192
21193
22323
21194
30644
30645
21195
30613
21196
21197
21198
21199
21200
22327
21201
30647
30648
21202
21203
21204
21205
22330
21206
30649
30650
21207
21208
21209
21210
22333
21211
30651
30652
21212
21213
21214
21215
22336
21216
30653
30654
21217
21218
21219
21220
22339
21221
30655
30656
21222
21223
21224
21225
22342
21226
30657
30658
21227
21228
21229
21230
22345
21231
30659
30660
21232
21233
21234
21235
22348
21236
30661
30662
21237
21238
21239
21240
22351
21241
30663
30664
21242
21243
21244
21245
22354
21246
30665
30666
21247
21248
21249
21250
22357
21251
30667
30668
21252
21253
21254
21255
22360
21256
30669
30670
21257
21258
21259
21260
22363
21261
30671
30672
21262
21263
21264
21265
22366
21266
30673
30674
21267
21268
21269
21270
22369
21271
30675
30676
21272
21273
21274
21275
22372
21276
30677
30678
21277
30646
21278
21279
21280
21281
21282
22376
21283
30680
30681
21284
21285
21286
21287
22379
21288
30682
30683
21289
21290
21291
21292
22382
21293
30684
30685
21294
21295
21296
21297
22385
21298
30686
30687
21299
21300
21301
21302
22388
21303
30688
30689
21304
21305
21306
21307
22391
21308
30690
30691
21309
21310
21311
21312
22394
21313
30692
30693
21314
21315
21316
21317
22397
21318
30694
30695
21319
21320
21321
21322
22400
21323
30696
30697
21324
21325
21326
21327
22403
21328
30698
30699
21329
21330
21331
21332
22406
21333
30700
30701
21334
21335
21336
21337
22409
21338
30702
30703
21339
21340
21341
21342
22412
21343
30704
30705
21344
21345
21346
21347
22415
21348
30706
30707
21349
21350
21351
21352
22418
21353
30708
30709
21354
21355
21356
21357
22421
21358
30710
30711
21359
30679
21360
21361
21362
21363
21364
22425
21365
30713
30714
21366
21367
21368
21369
22428
21370
30715
30716
21371
21372
21373
21374
22431
21375
30717
30718
21376
21377
21378
21379
22434
21380
30719
30720
21381
21382
21383
21384
22437
21385
30721
30722
21386
21387
21388
21389
22440
21390
30723
30724
21391
21392
21393
21394
22443
21395
30725
30726
21396
21397
21398
21399
22446
21400
30727
30728
21401
21402
21403
21404
22449
21405
30729
30730
21406
21407
21408
21409
22452
21410
30731
30732
21411
21412
21413
21414
22455
21415
30733
30734
21416
21417
21418
21419
22458
21420
30735
30736
21421
21422
21423
21424
22461
21425
30737
30738
21426
21427
21428
21429
22464
21430
30739
30740
21431
21432
21433
21434
22467
21435
30741
30742
21436
21437
21438
21439
22470
21440
30743
30744
21441
30712
21442
21443
21444
21445
21446
22474
21447
30746
30747
21448
21449
21450
21451
22477
21452
30748
30749
21453
21454
21455
21456
22480
21457
30750
30751
21458
21459
21460
21461
22483
21462
30752
30753
21463
21464
21465
21466
22486
21467
30754
30755
21468
21469
21470
21471
22489
21472
30756
30757
21473
21474
21475
21476
22492
21477
30758
30759
21478
21479
21480
21481
22495
21482
30760
30761
21483
21484
21485
21486
22498
21487
30762
30763
21488
21489
21490
21491
22501
21492
30764
30765
21493
21494
21495
21496
22504
21497
30766
30767
21498
21499
21500
21501
22507
21502
30768
30769
21503
21504
21505
21506
22510
21507
30770
30771
21508
21509
21510
21511
22513
21512
30772
30773
21513
21514
21515
21516
22516
21517
30774
30775
21518
21519
21520
21521
22519
21522
30776
30777
21523
30745
21524
21525
21526
21527
21528
22523
21529
30779
30780
21530
21531
21532
21533
22526
21534
30781
30782
21535
21536
21537
21538
22529
21539
30783
30784
21540
21541
21542
21543
22532
21544
30785
30786
21545
21546
21547
21548
22535
21549
30787
30788
21550
21551
21552
21553
22538
21554
30789
30790
21555
21556
21557
21558
22541
21559
30791
30792
21560
21561
21562
21563
22544
21564
30793
30794
21565
21566
21567
21568
22547
21569
30795
30796
21570
21571
21572
21573
22550
21574
30797
30798
21575
21576
21577
21578
22553
21579
30799
30800
21580
21581
21582
21583
22556
21584
30801
30802
21585
21586
21587
21588
22559
21589
30803
30804
21590
21591
21592
21593
22562
21594
30805
30806
21595
21596
21597
21598
22565
21599
30807
30808
21600
21601
21602
21603
22568
21604
30809
30810
21605
30778
21606
21607
21608
21609
21610
22572
21611
30812
30813
21612
21613
21614
21615
22575
21616
30814
30815
21617
21618
21619
21620
22578
21621
30816
30817
21622
21623
21624
21625
22581
21626
30818
30819
21627
21628
21629
21630
22584
21631
30820
30821
21632
21633
21634
21635
22587
21636
30822
30823
21637
21638
21639
21640
22590
21641
30824
30825
21642
21643
21644
21645
22593
21646
30826
30827
21647
21648
21649
21650
22596
21651
30828
30829
21652
21653
21654
21655
22599
21656
30830
30831
21657
21658
21659
21660
22602
21661
30832
30833
21662
21663
21664
21665
22605
21666
30834
30835
21667
21668
21669
21670
22608
21671
30836
30837
21672
21673
21674
21675
22611
21676
30838
30839
21677
21678
21679
21680
22614
21681
30840
30841
21682
21683
21684
21685
22617
21686
30842
30843
21687
30811
21688
21689
21690
21691
21692
22621
21693
30845
30846
21694
21695
21696
21697
22624
21698
30847
30848
21699
21700
21701
21702
22627
21703
30849
30850
21704
21705
21706
21707
22630
21708
30851
30852
21709
21710
21711
21712
22633
21713
30853
30854
21714
21715
21716
21717
22636
21718
30855
30856
21719
21720
21721
21722
22639
21723
30857
30858
21724
21725
21726
21727
22642
21728
30859
30860
21729
21730
21731
21732
22645
21733
30861
30862
21734
21735
21736
21737
22648
21738
30863
30864
21739
21740
21741
21742
22651
21743
30865
30866
21744
21745
21746
21747
22654
21748
30867
30868
21749
21750
21751
21752
22657
21753
30869
30870
21754
21755
21756
21757
22660
21758
30871
30872
21759
21760
21761
21762
22663
21763
30873
30874
21764
21765
21766
21767
22666
21768
30875
30876
21769
30844
21770
21771
21772
21773
21774
22670
21775
30878
30879
21776
21777
21778
21779
22673
21780
30880
30881
21781
21782
21783
21784
22676
21785
30882
30883
21786
21787
21788
21789
22679
21790
30884
30885
21791
21792
21793
21794
22682
21795
30886
30887
21796
21797
21798
21799
22685
21800
30888
30889
21801
21802
21803
21804
22688
21805
30890
30891
21806
21807
21808
21809
22691
21810
30892
30893
21811
21812
21813
21814
22694
21815
30894
30895
21816
21817
21818
21819
22697
21820
30896
30897
21821
21822
21823
21824
22700
21825
30898
30899
21826
21827
21828
21829
22703
21830
30900
30901
21831
21832
21833
21834
22706
21835
30902
30903
21836
21837
21838
21839
22709
21840
30904
30905
21841
21842
21843
21844
22712
21845
30906
30907
21846
21847
21848
21849
22715
21850
30908
30909
21851
30877
21852
21853
21854
21855
21856
22719
21857
30911
30912
21858
21859
21860
21861
22722
21862
30913
30914
21863
21864
21865
21866
22725
21867
30915
30916
21868
21869
21870
21871
22728
21872
30917
30918
21873
21874
21875
21876
22731
21877
30919
30920
21878
21879
21880
21881
22734
21882
30921
30922
21883
21884
21885
21886
22737
21887
30923
30924
21888
21889
21890
21891
22740
21892
30925
30926
21893
21894
21895
21896
22743
21897
30927
30928
21898
21899
21900
21901
22746
21902
30929
30930
21903
21904
21905
21906
22749
21907
30931
30932
21908
21909
21910
21911
22752
21912
30933
30934
21913
21914
21915
21916
22755
21917
30935
30936
21918
21919
21920
21921
22758
21922
30937
30938
21923
21924
21925
21926
22761
21927
30939
30940
21928
21929
21930
21931
22764
21932
30941
30942
21933
30910
21934
21935
21936
21937
30433
21938
22768
21939
30944
30945
21940
21941
21942
30436
21943
22771
21944
30946
30947
21945
21946
21947
30439
21948
22774
21949
30948
30949
21950
21951
21952
30442
21953
22777
21954
30950
30951
21955
21956
21957
30445
21958
22780
21959
30952
30953
21960
21961
21962
30448
21963
22783
21964
30954
30955
21965
21966
21967
30451
21968
22786
21969
30956
30957
21970
21971
21972
30454
21973
22789
21974
30958
30959
21975
21976
21977
30457
21978
22792
21979
30960
30961
21980
21981
21982
30460
21983
22795
21984
30962
30963
21985
21986
21987
30463
21988
22798
21989
30964
30965
21990
21991
21992
30466
21993
22801
21994
30966
30967
21995
21996
21997
30469
21998
22804
21999
30968
30969
22000
22001
22002
30472
22003
22807
22004
30970
30971
22005
22006
22007
30475
22008
22810
22009
30972
30973
22010
22011
22012
30478
22013
22813
22014
30974
30975
22015
30943
