4
5
0
2
6
10
12
14
16
20
26
28
30
32
36
38
40
42
62
64
66
68
72
74
76
78
100
102
104
106
110
112
114
116
152
154
156
158
162
164
166
168
208
210
212
214
218
220
222
224
258
260
262
264
268
270
272
274
324
326
328
330
334
336
338
340
374
376
378
380
384
386
388
390
442
444
446
448
452
454
456
458
492
494
496
498
502
504
506
508
564
566
568
570
574
576
578
580
614
616
618
620
624
626
628
630
690
692
694
696
700
702
704
706
740
742
744
746
750
752
754
756
810
812
814
816
820
822
824
826
860
862
864
866
870
872
874
876
956
958
960
962
966
968
970
972
1006
1008
1010
1012
1016
1018
1020
1022
1076
1078
1080
1082
1086
1088
1090
1092
1126
1128
1130
1132
1136
1138
1140
1142
1200
1202
1204
1206
1210
1212
1214
1216
1250
1252
1254
1256
1260
1262
1264
1266
1320
1322
1324
1326
1330
1332
1334
1336
1370
1372
1374
1376
1380
1382
1384
1386
1492
1494
1496
1498
1502
1504
1506
1508
1542
1544
1546
1548
1552
1554
1556
1558
1612
1614
1616
1618
1622
1624
1626
1628
1662
1664
1666
1668
1672
1674
1676
1678
1736
1738
1740
1742
1746
1748
1750
1752
1786
1788
1790
1792
1796
1798
1800
1802
1856
1858
1860
1862
1866
1868
1870
1872
1906
1908
1910
1912
1916
1918
1920
1922
1996
1998
2000
2002
2006
2008
2010
2012
2046
2048
2050
2052
2056
2058
2060
2062
2116
2118
2120
2122
2126
2128
2130
2132
2166
2168
2170
2172
2176
2178
2180
2182
2240
2242
2244
2246
2250
2252
2254
2256
2290
2292
2294
2296
2300
2302
2304
2306
2360
2362
2364
2366
2370
2372
2374
2376
2410
2412
2414
2416
2420
2422
2424
2426
2608
2610
2612
2614
2618
2620
2622
2624
2658
2660
2662
2664
2668
2670
2672
2674
2728
2730
2732
2734
2738
2740
2742
2744
2778
2780
2782
2784
2788
2790
2792
2794
2852
2854
2856
2858
2862
2864
2866
2868
2902
2904
2906
2908
2912
2914
2916
2918
2972
2974
2976
2978
2982
2984
2986
2988
1
3
7
11
13
15
17
21
27
29
31
33
37
39
41
43
63
65
67
69
73
75
77
79
101
103
105
107
111
113
115
117
153
155
157
159
163
165
167
169
209
211
213
215
219
221
223
225
259
261
263
265
269
271
273
275
325
327
329
331
335
337
339
341
375
377
379
381
385
387
389
391
443
445
447
449
453
455
457
459
493
495
497
499
503
505
507
509
565
567
569
571
575
577
579
581
615
617
619
621
625
627
629
631
691
693
695
697
701
703
705
707
741
743
745
747
751
753
755
757
811
813
815
817
821
823
825
827
861
863
865
867
871
873
875
877
957
959
961
963
967
969
971
973
1007
1009
1011
1013
1017
1019
1021
1023
1077
1079
1081
1083
1087
1089
1091
1093
1127
1129
1131
1133
1137
1139
1141
1143
1201
1203
1205
1207
1211
1213
1215
1217
1251
1253
1255
1257
1261
1263
1265
1267
1321
1323
1325
1327
1331
1333
1335
1337
1371
1373
1375
1377
1381
1383
1385
1387
1493
1495
1497
1499
1503
1505
1507
1509
1543
1545
1547
1549
1553
1555
1557
1559
1613
1615
1617
1619
1623
1625
1627
1629
1663
1665
1667
1669
1673
1675
1677
1679
1737
1739
1741
1743
1747
1749
1751
1753
1787
1789
1791
1793
1797
1799
1801
1803
1857
1859
1861
1863
1867
1869
1871
1873
1907
1909
1911
1913
1917
1919
1921
1923
1997
1999
2001
2003
2007
2009
2011
2013
2047
2049
2051
2053
2057
2059
2061
2063
2117
2119
2121
2123
2127
2129
2131
2133
2167
2169
2171
2173
2177
2179
2181
2183
2241
2243
2245
2247
2251
2253
2255
2257
2291
2293
2295
2297
2301
2303
2305
2307
2361
2363
2365
2367
2371
2373
2375
2377
2411
2413
2415
2417
2421
2423
2425
2427
2609
2611
2613
2615
2619
2621
2623
2625
2659
2661
2663
2665
2669
2671
2673
2675
2729
2731
2733
2735
2739
2741
2743
2745
2779
2781
2783
2785
2789
2791
2793
2795
2853
2855
2857
2859
2863
2865
2867
2869
2903
2905
2907
2909
2913
2915
2917
2919
2973
2975
2977
2979
2983
2985
2987
2989
24075
8
18
22
34
44
46
50
70
80
82
108
118
120
160
170
172
216
226
228
266
276
278
332
342
344
382
392
394
450
460
462
500
510
512
572
582
584
622
632
634
698
708
710
748
758
760
818
828
830
868
878
880
964
974
976
1014
1024
1026
1084
1094
1096
1134
1144
1146
1208
1218
1220
1258
1268
1270
1328
1338
1340
1378
1388
1390
1500
1510
1512
1550
1560
1562
1620
1630
1632
1670
1680
1682
1744
1754
1756
1794
1804
1806
1864
1874
1876
1914
1924
1926
2004
2014
2016
2054
2064
2066
2124
2134
2136
2174
2184
2186
2248
2258
2260
2298
2308
2310
2368
2378
2380
2418
2428
2430
2616
2626
2628
2666
2676
2678
2736
2746
2748
2786
2796
2798
2860
2870
2872
2910
2920
2922
2980
2990
2992
9
24073
24074
24076
19
24078
24079
24080
24081
23
35
24086
24087
24088
24089
45
24091
24092
24093
24094
47
51
71
24104
24105
24106
24107
81
24109
24110
24111
24112
83
109
24123
24124
24125
24126
119
24128
24129
24130
24131
121
161
24149
24150
24151
24152
171
24154
24155
24156
24157
173
217
24177
24178
24179
24180
227
24182
24183
24184
24185
229
267
24202
24203
24204
24205
277
24207
24208
24209
24210
279
333
24235
24236
24237
24238
343
24240
24241
24242
24243
345
383
24260
24261
24262
24263
393
24265
24266
24267
24268
395
451
24294
24295
24296
24297
461
24299
24300
24301
24302
463
501
24319
24320
24321
24322
511
24324
24325
24326
24327
513
573
24355
24356
24357
24358
583
24360
24361
24362
24363
585
623
24380
24381
24382
24383
633
24385
24386
24387
24388
635
699
24418
24419
24420
24421
709
24423
24424
24425
24426
711
749
24443
24444
24445
24446
759
24448
24449
24450
24451
761
819
24478
24479
24480
24481
829
24483
24484
24485
24486
831
869
24503
24504
24505
24506
879
24508
24509
24510
24511
881
965
24551
24552
24553
24554
975
24556
24557
24558
24559
977
1015
24576
24577
24578
24579
1025
24581
24582
24583
24584
1027
1085
24611
24612
24613
24614
1095
24616
24617
24618
24619
1097
1135
24636
24637
24638
24639
1145
24641
24642
24643
24644
1147
1209
24673
24674
24675
24676
1219
24678
24679
24680
24681
1221
1259
24698
24699
24700
24701
1269
24703
24704
24705
24706
1271
1329
24733
24734
24735
24736
1339
24738
24739
24740
24741
1341
1379
24758
24759
24760
24761
1389
24763
24764
24765
24766
1391
1501
24819
24820
24821
24822
1511
24824
24825
24826
24827
1513
1551
24844
24845
24846
24847
1561
24849
24850
24851
24852
1563
1621
24879
24880
24881
24882
1631
24884
24885
24886
24887
1633
1671
24904
24905
24906
24907
1681
24909
24910
24911
24912
1683
1745
24941
24942
24943
24944
1755
24946
24947
24948
24949
1757
1795
24966
24967
24968
24969
1805
24971
24972
24973
24974
1807
1865
25001
25002
25003
25004
1875
25006
25007
25008
25009
1877
1915
25026
25027
25028
25029
1925
25031
25032
25033
25034
1927
2005
25071
25072
25073
25074
2015
25076
25077
25078
25079
2017
2055
25096
25097
25098
25099
2065
25101
25102
25103
25104
2067
2125
25131
25132
25133
25134
2135
25136
25137
25138
25139
2137
2175
25156
25157
25158
25159
2185
25161
25162
25163
25164
2187
2249
25193
25194
25195
25196
2259
25198
25199
25200
25201
2261
2299
25218
25219
25220
25221
2309
25223
25224
25225
25226
2311
2369
25253
25254
25255
25256
2379
25258
25259
25260
25261
2381
2419
25278
25279
25280
25281
2429
25283
25284
25285
25286
2431
2617
25377
25378
25379
25380
2627
25382
25383
25384
25385
2629
2667
25402
25403
25404
25405
2677
25407
25408
25409
25410
2679
2737
25437
25438
25439
25440
2747
25442
25443
25444
25445
2749
2787
25462
25463
25464
25465
2797
25467
25468
25469
25470
2799
2861
25499
25500
25501
25502
2871
25504
25505
25506
25507
2873
2911
25524
25525
25526
25527
2921
25529
25530
25531
25532
2923
2981
25559
25560
25561
25562
2991
25564
25565
25566
25567
2993
24083
24
48
52
56
84
86
122
124
174
176
230
232
280
282
346
348
396
398
464
466
514
516
586
588
636
638
712
714
762
764
832
834
882
884
978
980
1028
1030
1098
1100
1148
1150
1222
1224
1272
1274
1342
1344
1392
1394
1514
1516
1564
1566
1634
1636
1684
1686
1758
1760
1808
1810
1878
1880
1928
1930
2018
2020
2068
2070
2138
2140
2188
2190
2262
2264
2312
2314
2382
2384
2432
2434
2630
2632
2680
2682
2750
2752
2800
2802
2874
2876
2924
2926
2994
2996
3022
25
24084
49
24096
53
57
85
24114
87
123
24133
125
175
24159
177
231
24187
233
281
24212
283
347
24245
349
397
24270
399
465
24304
467
515
24329
517
587
24365
589
637
24390
639
713
24428
715
763
24453
765
833
24488
835
883
24513
885
979
24561
981
1029
24586
1031
1099
24621
1101
1149
24646
1151
1223
24683
1225
1273
24708
1275
1343
24743
1345
1393
24768
1395
1515
24829
1517
1565
24854
1567
1635
24889
1637
1685
24914
1687
1759
24951
1761
1809
24976
1811
1879
25011
1881
1929
25036
1931
2019
25081
2021
2069
25106
2071
2139
25141
2141
2189
25166
2191
2263
25203
2265
2313
25228
2315
2383
25263
2385
2433
25288
2435
2631
25387
2633
2681
25412
2683
2751
25447
2753
2801
25472
2803
2875
25509
2877
2925
25534
2927
2995
25569
2997
3023
24098
54
58
88
90
94
126
128
178
180
234
236
284
286
350
352
400
402
468
470
518
520
590
592
640
642
716
718
766
768
836
838
886
888
982
984
1032
1034
1102
1104
1152
1154
1226
1228
1276
1278
1346
1348
1396
1398
1518
1520
1568
1570
1638
1640
1688
1690
1762
1764
1812
1814
1882
1884
1932
1934
2022
2024
2072
2074
2142
2144
2192
2194
2266
2268
2316
2318
2386
2388
2436
2438
2634
2636
2684
2686
2754
2756
2804
2806
2878
2880
2928
2930
2998
3000
3024
3026
55
24099
59
89
24085
24116
91
95
127
24097
24135
129
179
24115
24161
181
235
24134
24189
237
285
24160
24214
287
351
24188
24247
353
401
24213
24272
403
469
24246
24306
471
519
24271
24331
521
591
24305
24367
593
641
24330
24392
643
717
24366
24430
719
767
24391
24455
769
837
24429
24490
839
887
24454
24515
889
983
24489
24563
985
1033
24514
24588
1035
1103
24562
24623
1105
1153
24587
24648
1155
1227
24622
24685
1229
1277
24647
24710
1279
1347
24684
24745
1349
1397
24709
24770
1399
1519
24744
24831
1521
1569
24769
24856
1571
1639
24830
24891
1641
1689
24855
24916
1691
1763
24890
24953
1765
1813
24915
24978
1815
1883
24952
25013
1885
1933
24977
25038
1935
2023
25012
25083
2025
2073
25037
25108
2075
2143
25082
25143
2145
2193
25107
25168
2195
2267
25142
25205
2269
2317
25167
25230
2319
2387
25204
25265
2389
2437
25229
25290
2439
2635
25264
25389
2637
2685
25289
25414
2687
2755
25388
25449
2757
2805
25413
25474
2807
2879
25448
25511
2881
2929
25473
25536
2931
2999
25510
25571
3001
3025
25535
25570
25584
3027
24101
60
92
96
130
132
136
182
184
238
240
288
290
354
356
404
406
472
474
522
524
594
596
644
646
720
722
770
772
840
842
890
892
986
988
1036
1038
1106
1108
1156
1158
1230
1232
1280
1282
1350
1352
1400
1402
1522
1524
1572
1574
1642
1644
1692
1694
1766
1768
1816
1818
1886
1888
1936
1938
2026
2028
2076
2078
2146
2148
2196
2198
2270
2272
2320
2322
2390
2392
2440
2442
2638
2640
2688
2690
2758
2760
2808
2810
2882
2884
2932
2934
3002
3004
3028
3030
3088
61
24077
24082
24100
24102
93
24090
24095
24117
24118
97
131
24108
24113
24136
24137
133
137
183
24127
24132
24162
24163
185
239
24153
24158
24190
24191
241
289
24181
24186
24215
24216
291
355
24206
24211
24248
24249
357
405
24239
24244
24273
24274
407
473
24264
24269
24307
24308
475
523
24298
24303
24332
24333
525
595
24323
24328
24368
24369
597
645
24359
24364
24393
24394
647
721
24384
24389
24431
24432
723
771
24422
24427
24456
24457
773
841
24447
24452
24491
24492
843
891
24482
24487
24516
24517
893
987
24507
24512
24564
24565
989
1037
24555
24560
24589
24590
1039
1107
24580
24585
24624
24625
1109
1157
24615
24620
24649
24650
1159
1231
24640
24645
24686
24687
1233
1281
24677
24682
24711
24712
1283
1351
24702
24707
24746
24747
1353
1401
24737
24742
24771
24772
1403
1523
24762
24767
24832
24833
1525
1573
24823
24828
24857
24858
1575
1643
24848
24853
24892
24893
1645
1693
24883
24888
24917
24918
1695
1767
24908
24913
24954
24955
1769
1817
24945
24950
24979
24980
1819
1887
24970
24975
25014
25015
1889
1937
25005
25010
25039
25040
1939
2027
25030
25035
25084
25085
2029
2077
25075
25080
25109
25110
2079
2147
25100
25105
25144
25145
2149
2197
25135
25140
25169
25170
2199
2271
25160
25165
25206
25207
2273
2321
25197
25202
25231
25232
2323
2391
25222
25227
25266
25267
2393
2441
25257
25262
25291
25292
2443
2639
25282
25287
25390
25391
2641
2689
25381
25386
25415
25416
2691
2759
25406
25411
25450
25451
2761
2809
25441
25446
25475
25476
2811
2883
25466
25471
25512
25513
2885
2933
25503
25508
25537
25538
2935
3003
25528
25533
25572
25573
3005
3029
25563
25568
25585
25586
3031
3089
24120
98
134
138
146
186
188
242
244
292
294
358
360
408
410
476
478
526
528
598
600
648
650
724
726
774
776
844
846
894
896
990
992
1040
1042
1110
1112
1160
1162
1234
1236
1284
1286
1354
1356
1404
1406
1526
1528
1576
1578
1646
1648
1696
1698
1770
1772
1820
1822
1890
1892
1940
1942
2030
2032
2080
2082
2150
2152
2200
2202
2274
2276
2324
2326
2394
2396
2444
2446
2642
2644
2692
2694
2762
2764
2812
2814
2886
2888
2936
2938
3006
3008
3032
3034
3090
3092
3106
99
24121
135
24139
139
147
187
24165
189
243
24193
245
293
24218
295
359
24251
361
409
24276
411
477
24310
479
527
24335
529
599
24371
601
649
24396
651
725
24434
727
775
24459
777
845
24494
847
895
24519
897
991
24567
993
1041
24592
1043
1111
24627
1113
1161
24652
1163
1235
24689
1237
1285
24714
1287
1355
24749
1357
1405
24774
1407
1527
24835
1529
1577
24860
1579
1647
24895
1649
1697
24920
1699
1771
24957
1773
1821
24982
1823
1891
25017
1893
1941
25042
1943
2031
25087
2033
2081
25112
2083
2151
25147
2153
2201
25172
2203
2275
25209
2277
2325
25234
2327
2395
25269
2397
2445
25294
2447
2643
25393
2645
2693
25418
2695
2763
25453
2765
2813
25478
2815
2887
25515
2889
2937
25540
2939
3007
25575
3009
3033
25588
3035
3091
25617
3093
3107
24141
140
142
144
148
190
192
194
196
198
202
246
248
250
252
254
296
298
300
302
304
362
364
366
368
370
412
414
416
418
420
480
482
484
486
488
530
532
534
536
538
602
604
606
608
610
652
654
656
658
660
728
730
732
734
736
778
780
782
784
786
848
850
852
854
856
898
900
902
904
906
994
996
998
1000
1002
1044
1046
1048
1050
1052
1114
1116
1118
1120
1122
1164
1166
1168
1170
1172
1238
1240
1242
1244
1246
1288
1290
1292
1294
1296
1358
1360
1362
1364
1366
1408
1410
1412
1414
1416
1530
1532
1534
1536
1538
1580
1582
1584
1586
1588
1650
1652
1654
1656
1658
1700
1702
1704
1706
1708
1774
1776
1778
1780
1782
1824
1826
1828
1830
1832
1894
1896
1898
1900
1902
1944
1946
1948
1950
1952
2034
2036
2038
2040
2042
2084
2086
2088
2090
2092
2154
2156
2158
2160
2162
2204
2206
2208
2210
2212
2278
2280
2282
2284
2286
2328
2330
2332
2334
2336
2398
2400
2402
2404
2406
2448
2450
2452
2454
2456
2646
2648
2650
2652
2654
2696
2698
2700
2702
2704
2766
2768
2770
2772
2774
2816
2818
2820
2822
2824
2890
2892
2894
2896
2898
2940
2942
2944
2946
2948
3010
3012
3014
3016
3018
3036
3038
3040
3042
3044
3094
3096
3098
3100
3102
3108
3110
3112
3114
141
24103
24142
143
145
149
191
24119
24122
24167
193
195
197
199
203
247
24138
24140
24195
249
251
253
255
297
24164
24166
24220
299
301
303
305
363
24192
24194
24253
365
367
369
371
413
24217
24219
24278
415
417
419
421
481
24250
24252
24312
483
485
487
489
531
24275
24277
24337
533
535
537
539
603
24309
24311
24373
605
607
609
611
653
24334
24336
24398
655
657
659
661
729
24370
24372
24436
731
733
735
737
779
24395
24397
24461
781
783
785
787
849
24433
24435
24496
851
853
855
857
899
24458
24460
24521
901
903
905
907
995
24493
24495
24569
997
999
1001
1003
1045
24518
24520
24594
1047
1049
1051
1053
1115
24566
24568
24629
1117
1119
1121
1123
1165
24591
24593
24654
1167
1169
1171
1173
1239
24626
24628
24691
1241
1243
1245
1247
1289
24651
24653
24716
1291
1293
1295
1297
1359
24688
24690
24751
1361
1363
1365
1367
1409
24713
24715
24776
1411
1413
1415
1417
1531
24748
24750
24837
1533
1535
1537
1539
1581
24773
24775
24862
1583
1585
1587
1589
1651
24834
24836
24897
1653
1655
1657
1659
1701
24859
24861
24922
1703
1705
1707
1709
1775
24894
24896
24959
1777
1779
1781
1783
1825
24919
24921
24984
1827
1829
1831
1833
1895
24956
24958
25019
1897
1899
1901
1903
1945
24981
24983
25044
1947
1949
1951
1953
2035
25016
25018
25089
2037
2039
2041
2043
2085
25041
25043
25114
2087
2089
2091
2093
2155
25086
25088
25149
2157
2159
2161
2163
2205
25111
25113
25174
2207
2209
2211
2213
2279
25146
25148
25211
2281
2283
2285
2287
2329
25171
25173
25236
2331
2333
2335
2337
2399
25208
25210
25271
2401
2403
2405
2407
2449
25233
25235
25296
2451
2453
2455
2457
2647
25268
25270
25395
2649
2651
2653
2655
2697
25293
25295
25420
2699
2701
2703
2705
2767
25392
25394
25455
2769
2771
2773
2775
2817
25417
25419
25480
2819
2821
2823
2825
2891
25452
25454
25517
2893
2895
2897
2899
2941
25477
25479
25542
2943
2945
2947
2949
3011
25514
25516
25577
3013
3015
3017
3019
3037
25539
25541
25590
3039
3041
3043
3045
3095
25574
25576
25619
3097
3099
3101
3103
3109
25587
25589
25618
25626
3111
3113
3115
24146
150
200
204
256
306
308
312
372
422
424
490
540
542
612
662
664
738
788
790
858
908
910
1004
1054
1056
1124
1174
1176
1248
1298
1300
1368
1418
1420
1540
1590
1592
1660
1710
1712
1784
1834
1836
1904
1954
1956
2044
2094
2096
2164
2214
2216
2288
2338
2340
2408
2458
2460
2656
2706
2708
2776
2826
2828
2900
2950
2952
3020
3046
3048
3104
3116
3118
151
24143
24144
24145
24147
201
24168
24169
24170
24171
24172
205
257
24196
24197
24198
24199
24200
307
24221
24222
24223
24224
24225
309
313
373
24254
24255
24256
24257
24258
423
24279
24280
24281
24282
24283
425
491
24313
24314
24315
24316
24317
541
24338
24339
24340
24341
24342
543
613
24374
24375
24376
24377
24378
663
24399
24400
24401
24402
24403
665
739
24437
24438
24439
24440
24441
789
24462
24463
24464
24465
24466
791
859
24497
24498
24499
24500
24501
909
24522
24523
24524
24525
24526
911
1005
24570
24571
24572
24573
24574
1055
24595
24596
24597
24598
24599
1057
1125
24630
24631
24632
24633
24634
1175
24655
24656
24657
24658
24659
1177
1249
24692
24693
24694
24695
24696
1299
24717
24718
24719
24720
24721
1301
1369
24752
24753
24754
24755
24756
1419
24777
24778
24779
24780
24781
1421
1541
24838
24839
24840
24841
24842
1591
24863
24864
24865
24866
24867
1593
1661
24898
24899
24900
24901
24902
1711
24923
24924
24925
24926
24927
1713
1785
24960
24961
24962
24963
24964
1835
24985
24986
24987
24988
24989
1837
1905
25020
25021
25022
25023
25024
1955
25045
25046
25047
25048
25049
1957
2045
25090
25091
25092
25093
25094
2095
25115
25116
25117
25118
25119
2097
2165
25150
25151
25152
25153
25154
2215
25175
25176
25177
25178
25179
2217
2289
25212
25213
25214
25215
25216
2339
25237
25238
25239
25240
25241
2341
2409
25272
25273
25274
25275
25276
2459
25297
25298
25299
25300
25301
2461
2657
25396
25397
25398
25399
25400
2707
25421
25422
25423
25424
25425
2709
2777
25456
25457
25458
25459
25460
2827
25481
25482
25483
25484
25485
2829
2901
25518
25519
25520
25521
25522
2951
25543
25544
25545
25546
25547
2953
3021
25578
25579
25580
25581
25582
3047
25591
25592
25593
25594
25595
3049
3105
25620
25621
25622
25623
25624
3117
25627
25628
25629
25630
3119
24174
206
310
314
318
426
428
544
546
666
668
792
794
912
914
1058
1060
1178
1180
1302
1304
1422
1424
1594
1596
1714
1716
1838
1840
1958
1960
2098
2100
2218
2220
2342
2344
2462
2464
2710
2712
2830
2832
2954
2956
3050
3052
3120
3122
3138
207
24175
311
24227
315
319
427
24285
429
545
24344
547
667
24405
669
793
24468
795
913
24528
915
1059
24601
1061
1179
24661
1181
1303
24723
1305
1423
24783
1425
1595
24869
1597
1715
24929
1717
1839
24991
1841
1959
25051
1961
2099
25121
2101
2219
25181
2221
2343
25243
2345
2463
25303
2465
2711
25427
2713
2831
25487
2833
2955
25549
2957
3051
25597
3053
3121
25632
3123
3139
24229
316
320
430
432
436
548
550
670
672
796
798
916
918
1062
1064
1182
1184
1306
1308
1426
1428
1598
1600
1718
1720
1842
1844
1962
1964
2102
2104
2222
2224
2346
2348
2466
2468
2714
2716
2834
2836
2958
2960
3054
3056
3124
3126
3140
3142
317
24230
321
431
24176
24287
433
437
549
24228
24346
551
671
24286
24407
673
797
24345
24470
799
917
24406
24530
919
1063
24469
24603
1065
1183
24529
24663
1185
1307
24602
24725
1309
1427
24662
24785
1429
1599
24724
24871
1601
1719
24784
24931
1721
1843
24870
24993
1845
1963
24930
25053
1965
2103
24992
25123
2105
2223
25052
25183
2225
2347
25122
25245
2349
2467
25182
25305
2469
2715
25244
25429
2717
2835
25304
25489
2837
2959
25428
25551
2961
3055
25488
25599
3057
3125
25550
25634
3127
3141
25598
25633
25642
3143
24232
322
434
438
552
554
558
674
676
800
802
920
922
1066
1068
1186
1188
1310
1312
1430
1432
1602
1604
1722
1724
1846
1848
1966
1968
2106
2108
2226
2228
2350
2352
2470
2472
2718
2720
2838
2840
2962
2964
3058
3060
3128
3130
3144
3146
3158
323
24148
24173
24231
24233
435
24201
24226
24288
24289
439
553
24259
24284
24347
24348
555
559
675
24318
24343
24408
24409
677
801
24379
24404
24471
24472
803
921
24442
24467
24531
24532
923
1067
24502
24527
24604
24605
1069
1187
24575
24600
24664
24665
1189
1311
24635
24660
24726
24727
1313
1431
24697
24722
24786
24787
1433
1603
24757
24782
24872
24873
1605
1723
24843
24868
24932
24933
1725
1847
24903
24928
24994
24995
1849
1967
24965
24990
25054
25055
1969
2107
25025
25050
25124
25125
2109
2227
25095
25120
25184
25185
2229
2351
25155
25180
25246
25247
2353
2471
25217
25242
25306
25307
2473
2719
25277
25302
25430
25431
2721
2839
25401
25426
25490
25491
2841
2963
25461
25486
25552
25553
2965
3059
25523
25548
25600
25601
3061
3129
25583
25596
25635
25636
3131
3145
25625
25631
25643
25644
3147
3159
24291
440
556
560
678
680
684
804
806
924
926
1070
1072
1190
1192
1314
1316
1434
1436
1606
1608
1726
1728
1850
1852
1970
1972
2110
2112
2230
2232
2354
2356
2474
2476
2722
2724
2842
2844
2966
2968
3062
3064
3132
3134
3148
3150
3160
3162
3166
441
24292
557
24350
561
679
24411
681
685
805
24474
807
925
24534
927
1071
24607
1073
1191
24667
1193
1315
24729
1317
1435
24789
1437
1607
24875
1609
1727
24935
1729
1851
24997
1853
1971
25057
1973
2111
25127
2113
2231
25187
2233
2355
25249
2357
2475
25309
2477
2723
25433
2725
2843
25493
2845
2967
25555
2969
3063
25603
3065
3133
25638
3135
3149
25646
3151
3161
25652
3163
3167
24352
562
682
686
808
928
930
934
940
1074
1194
1196
1318
1438
1440
1610
1730
1732
1854
1974
1976
2114
2234
2236
2358
2478
2480
2544
2726
2846
2848
2970
3066
3068
3136
3152
3154
3164
3168
3170
563
24234
24353
683
24290
24293
24413
687
809
24349
24351
24476
929
24410
24412
24536
931
935
941
1075
24473
24475
24609
1195
24533
24535
24669
1197
1319
24606
24608
24731
1439
24666
24668
24791
1441
1611
24728
24730
24877
1731
24788
24790
24937
1733
1855
24874
24876
24999
1975
24934
24936
25059
1977
2115
24996
24998
25129
2235
25056
25058
25189
2237
2359
25126
25128
25251
2479
25186
25188
25311
2481
2545
2727
25248
25250
25435
2847
25308
25310
25495
2849
2971
25432
25434
25557
3067
25492
25494
25605
3069
3137
25554
25556
25640
3153
25602
25604
25648
3155
3165
25637
25639
25654
3169
25645
25647
25653
25656
3171
24415
688
932
936
942
946
950
1198
1442
1444
1448
1452
1466
1734
1978
1980
1984
1988
2238
2482
2484
2488
2492
2542
2546
2550
2558
2850
3070
3072
3076
3080
3156
3172
3174
3178
3182
689
24416
933
24538
937
943
947
951
1199
24671
1443
24793
1445
1449
1453
1467
1735
24939
1979
25061
1981
1985
1989
2239
25191
2483
25313
2485
2489
2493
2543
2547
25345
2551
2559
2851
25497
3071
25607
3073
3077
3081
3157
25650
3173
25658
3175
24540
3179
3183
24543
938
944
948
952
1446
1450
1454
1456
1460
1468
1472
1478
1982
1986
1990
1992
2486
2490
2494
2496
2504
2512
2548
2552
2556
2560
2564
2576
3074
3078
3082
3084
3176
3180
3184
3186
3194
3202
939
24541
945
24544
949
24546
953
1447
24795
1451
24797
1455
24799
1457
1461
1469
1473
1479
1983
25063
1987
25065
1991
25067
1993
2487
25315
2491
25317
2495
25319
2497
2505
2513
2549
25344
25346
2553
25348
2557
2561
25352
2565
2577
3075
25609
3079
25611
3083
25613
3085
3177
25660
3181
25662
3185
25664
3187
24548
3195
3203
24806
954
1458
1462
1470
1474
1480
1482
1486
1994
2498
2500
2506
2508
2514
2516
2530
2554
2562
2566
2570
2578
2582
3086
3188
3190
3196
3198
3204
3206
955
24542
24549
1459
24796
24801
1463
1471
24417
24807
1475
1481
24539
24672
24812
1483
1487
1995
25064
25069
2499
25316
25321
2501
2507
24794
24940
25325
2509
2515
25062
25192
25329
2517
2531
2555
25349
2563
25351
25353
2567
25355
2571
2579
25361
2583
3087
25610
25615
3189
25661
25666
3191
24803
3197
25314
25498
25670
3199
3205
25608
25651
25659
25674
3207
24809
1464
1476
1484
1488
2502
2510
2518
2520
2524
2532
2536
2568
2572
2580
2584
2588
2594
3192
3200
3208
3210
3218
3242
1465
24804
1477
24545
24808
24810
1485
24547
24798
24813
24814
1489
2503
25323
2511
24800
25066
25326
25327
2519
25068
25318
25330
25331
2521
2525
2533
2537
2569
25350
25356
2573
25358
2581
25347
25362
2585
25364
2589
2595
3193
25668
3201
25320
25612
25671
25672
3209
25614
25663
25665
25675
25676
3211
24816
3219
25338
3243
1490
2522
2526
2534
2538
2574
2586
2590
2596
2598
2602
3212
3214
3220
3222
3236
3244
3248
3274
1491
24805
24817
2523
25324
25333
2527
2535
24550
25339
2539
2575
25359
2587
25354
25363
25365
2591
25367
2597
24802
25070
25370
2599
2603
3213
25669
25678
3215
3221
25322
25616
25667
25682
3223
25341
3237
3245
25694
3249
3275
25335
2528
2540
2592
2600
2604
3216
3224
3226
3230
3238
3246
3250
3254
3260
3276
3278
3286
2529
25336
2541
24811
25340
25342
2593
25360
25368
2601
24815
25328
25371
25372
2605
3217
25680
3225
25332
25673
25677
25683
25684
3227
3231
3239
3247
25357
25695
3251
25697
3255
3261
3277
25710
3279
25374
3287
25691
2606
3228
3232
3240
3252
3256
3262
3264
3268
3280
3282
3288
3290
3304
3330
2607
25337
25375
3229
25681
25686
3233
3241
25692
3253
25366
25696
25698
3257
3263
24818
25703
3265
3269
3281
25369
25711
25712
3283
3289
25334
25679
25716
3291
25700
3305
3331
25688
3234
3258
3266
3270
3284
3292
3294
3298
3306
3310
3316
3332
3334
3342
3235
25689
3259
25693
25701
3267
25343
25704
25705
3271
3285
25714
3293
25373
25685
25699
25717
25718
3295
3299
3307
3311
3317
3333
25738
3335
25707
3343
25725
3272
3296
3300
3308
3312
3318
3320
3324
3336
3338
3344
3346
3360
3386
3273
25690
25708
3297
25715
25720
3301
3309
25726
3313
3319
25731
3321
3325
3337
25739
25740
3339
3345
25744
3347
25728
3361
3387
25722
3302
3314
3322
3326
3340
3348
3350
3354
3362
3366
3372
3388
3390
3398
3303
25723
3315
25727
25729
3323
25732
25733
3327
3341
25742
3349
25745
25746
3351
3355
3363
3367
3373
3389
25766
3391
25735
3399
25753
3328
3352
3356
3364
3368
3374
3376
3380
3392
3394
3400
3402
3416
3442
3329
25724
25736
3353
25743
25748
3357
3365
25754
3369
3375
25709
25759
3377
3381
3393
25767
25768
3395
3401
25721
25741
25772
3403
25756
3417
3443
25750
3358
3370
3378
3382
3396
3404
3406
3410
3418
3422
3428
3444
3446
3454
3359
25751
3371
25755
25757
3379
25730
25760
25761
3383
3397
25770
3405
25734
25747
25773
25774
3407
3411
3419
3423
3429
3445
25794
3447
25763
3455
25781
3384
3408
3412
3420
3424
3430
3432
3436
3448
3450
3456
3458
3472
3498
4879
3385
25752
25764
3409
25771
25776
3413
3421
25782
3425
3431
25787
3433
3437
3449
25795
25796
3451
3457
25800
3459
25784
3473
3499
25778
4880
3414
3426
3434
3438
3452
3460
3462
3466
3474
3478
3484
3500
3502
3510
4877
4881
4887
4955
3415
25779
3427
25783
25785
3435
25788
25789
3439
3453
25798
3461
25801
25802
3463
3467
3475
3479
3485
3501
25822
3503
25791
3511
25809
4878
4882
26507
4888
4956
3440
3464
3468
3476
3480
3486
3488
3492
3504
3506
3512
3514
3528
3554
4883
4885
4889
4895
4953
4957
4963
5031
3441
25737
25780
25792
3465
25749
25799
25804
3469
3477
25810
3481
3487
25765
25815
3489
3493
3505
25769
25823
25824
3507
3513
25777
25797
25828
3515
25812
3529
3555
25806
4884
26506
26508
4886
4890
26511
4896
4954
4958
26545
4964
5032
3470
3482
3490
3494
3508
3516
3518
3522
3530
3534
3540
3556
3558
3566
4891
4893
4897
4903
4959
4961
4965
4971
5029
5033
5039
5107
3471
25807
3483
25758
25811
25813
3491
25762
25786
25816
25817
3495
3509
25826
3517
25775
25790
25803
25829
25830
3519
3523
3531
3535
3541
3557
25850
3559
25819
3567
25837
4892
26509
26510
26512
4894
4898
26515
4904
4960
26544
26546
4962
4966
26549
4972
5030
5034
26583
5040
5108
3496
3520
3524
3532
3536
3542
3544
3548
3560
3562
3568
3570
3590
4899
4901
4905
4911
4967
4969
4973
4979
5035
5037
5041
5047
5105
5109
5115
5183
3497
25808
25820
3521
25827
25832
3525
3533
25838
3537
3543
25793
25843
3545
3549
3561
25851
25852
3563
25834
3569
25805
25825
25856
3571
25840
3591
4900
26513
26514
26516
4902
4906
26519
4912
4968
26547
26548
26550
4970
4974
26553
4980
5036
26582
26584
5038
5042
26587
5048
5106
5110
26621
5116
5184
3526
3538
3546
3550
3564
3572
3574
3578
3592
3596
3602
3622
4907
4909
4913
4919
4975
4977
4981
4987
5043
5045
5049
5055
5111
5113
5117
5123
5181
5185
5191
5259
3527
25835
3539
25839
25841
3547
25814
25844
25845
3551
3565
25854
3573
25818
25831
25857
25858
3575
25847
3579
3593
3597
3603
25868
3623
4908
26517
26518
26520
4910
4914
26523
4920
4976
26551
26552
26554
4978
4982
26557
4988
5044
26585
26586
26588
5046
5050
26591
5056
5112
26620
26622
5114
5118
26625
5124
5182
5186
26659
5192
5260
3552
3576
3580
3594
3598
3604
3606
3610
3624
3628
3634
3654
4915
4917
4921
4927
4933
4983
4985
4989
4995
5051
5053
5057
5063
5119
5121
5125
5131
5187
5189
5193
5199
5257
5261
5267
5335
3553
25836
25848
3577
25855
25860
3581
25862
3595
25869
3599
3605
25874
3607
25871
3611
3625
3629
3635
25884
3655
4916
26521
26522
26524
4918
4922
26527
4928
4934
4984
26555
26556
26558
4986
4990
26561
4996
5052
26589
26590
26592
5054
5058
26595
5064
5120
26623
26624
26626
5122
5126
26629
5132
5188
26658
26660
5190
5194
26663
5200
5258
5262
26697
5268
5336
3582
3600
3608
3612
3626
3630
3636
3638
3642
3656
3660
3666
3686
4923
4925
4929
4935
4941
4991
4993
4997
5003
5009
5059
5061
5065
5071
5127
5129
5133
5139
5195
5197
5201
5207
5263
5265
5269
5275
5333
5337
5343
5413
3583
25849
25861
25863
3601
25870
25872
3609
25875
25876
3613
25878
3627
25885
3631
3637
25890
3639
25887
3643
3657
3661
3667
25900
3687
4924
26525
26526
26528
4926
4930
26531
4936
26534
4942
4992
26559
26560
26562
4994
4998
26565
5004
5010
5060
26593
26594
26596
5062
5066
26599
5072
5128
26627
26628
26630
5130
5134
26633
5140
5196
26661
26662
26664
5198
5202
26667
5208
5264
26696
26698
5266
5270
26701
5276
5334
5338
26735
5344
5414
3614
3632
3640
3644
3658
3662
3668
3670
3674
3688
3692
3698
3718
4931
4937
4939
4943
4947
4999
5001
5005
5011
5017
5067
5069
5073
5079
5085
5135
5137
5141
5147
5203
5205
5209
5215
5271
5273
5277
5283
5339
5341
5345
5351
5411
5415
5421
3615
25873
25877
25879
3633
25886
25888
3641
25891
25892
3645
25894
3659
25901
3663
3669
25906
3671
25903
3675
3689
3693
3699
25916
3719
4932
26529
26530
26532
4938
26535
4940
4944
26538
4948
5000
26563
26564
26566
5002
5006
26569
5012
26572
5018
5068
26597
26598
26600
5070
5074
26603
5080
5086
5136
26631
26632
26634
5138
5142
26637
5148
5204
26665
26666
26668
5206
5210
26671
5216
5272
26699
26700
26702
5274
5278
26705
5284
5340
26734
26736
5342
5346
26739
5352
5412
5416
26774
5422
3646
3664
3672
3676
3690
3694
3700
3702
3706
3720
3724
3730
3750
4945
4949
5007
5013
5015
5019
5023
5075
5077
5081
5087
5093
5143
5145
5149
5155
5161
5211
5213
5217
5223
5279
5281
5285
5291
5347
5349
5353
5359
5417
5419
5423
5429
5499
3647
25889
25893
25895
3665
25902
25904
3673
25907
25908
3677
25910
3691
25917
3695
3701
25922
3703
25919
3707
3721
3725
3731
25932
3751
4946
26533
26536
26537
26539
4950
26541
5008
26567
26568
26570
5014
26573
5016
5020
26576
5024
5076
26601
26602
26604
5078
5082
26607
5088
26610
5094
5144
26635
26636
26638
5146
5150
26641
5156
5162
5212
26669
26670
26672
5214
5218
26675
5224
5280
26703
26704
26706
5282
5286
26709
5292
5348
26737
26738
26740
5350
5354
26743
5360
5418
26773
26775
5420
5424
26778
5430
5500
3678
3696
3704
3708
3722
3726
3732
3734
3738
3752
3756
3762
3782
4129
4951
5021
5025
5083
5089
5091
5095
5099
5151
5153
5157
5163
5169
5219
5221
5225
5231
5237
5287
5289
5293
5299
5355
5357
5361
5367
5425
5427
5431
5437
5501
5505
5561
3679
25905
25909
25911
3697
25918
25920
3705
25923
25924
3709
25926
3723
25933
3727
3733
25938
3735
25935
3739
3753
3757
3763
25948
3783
4130
4952
26542
5022
26571
26574
26575
26577
5026
26579
5084
26605
26606
26608
5090
26611
5092
5096
26614
5100
5152
26639
26640
26642
5154
5158
26645
5164
26648
5170
5220
26673
26674
26676
5222
5226
26679
5232
5238
5288
26707
26708
26710
5290
5294
26713
5300
5356
26741
26742
26744
5358
5362
26747
5368
5426
26776
26777
26779
5428
5432
26782
5438
5502
26817
5506
5562
3710
3728
3736
3740
3754
3758
3764
3766
3770
3784
3788
3794
4131
4135
4139
4143
4149
4157
4171
4183
4201
4217
4259
4275
4307
4323
4599
4615
4735
4751
5027
5097
5101
5159
5165
5167
5171
5175
5227
5229
5233
5239
5245
5295
5297
5301
5307
5313
5363
5365
5369
5375
5433
5435
5439
5445
5503
5507
5511
5563
5567
5623
7533
7549
8265
8281
9829
3711
25921
25925
25927
3729
25934
25936
3737
25939
25940
3741
25942
3755
25949
3759
3765
25954
3767
25951
3771
3785
3789
3795
25964
4132
4136
4140
4144
4150
4158
4172
4184
4202
4218
4260
4276
4308
4324
4600
4616
4736
4752
5028
26543
26580
5098
26609
26612
26613
26615
5102
26617
5160
26643
26644
26646
5166
26649
5168
5172
26652
5176
5228
26677
26678
26680
5230
5234
26683
5240
26686
5246
5296
26711
26712
26714
5298
5302
26717
5308
5314
5364
26745
26746
26748
5366
5370
26751
5376
5434
26780
26781
26783
5436
5440
26786
5446
5504
26818
5508
26820
5512
5564
26848
5568
5624
7534
7550
8266
8282
9830
3742
3760
3768
3772
3786
3790
3796
3798
3802
4133
4137
4141
4145
4151
4153
4159
4161
4165
4173
4175
4185
4187
4203
4205
4219
4221
4261
4263
4277
4279
4309
4311
4325
4327
4601
4603
4617
4619
4737
4739
4753
4755
5103
5173
5177
5235
5241
5243
5247
5251
5303
5305
5309
5315
5321
5371
5373
5377
5383
5389
5441
5443
5447
5453
5509
5513
5517
5565
5569
5573
5625
5629
5685
7535
7537
7551
7553
8267
8269
8283
8285
9831
9833
9845
15318
15322
3743
25937
25941
25943
3761
25950
25952
3769
25955
25956
3773
25958
3787
25821
25965
3791
3797
25833
25853
25970
3799
25967
3803
4134
26133
4138
26135
4142
24537
26137
4146
4152
24610
26142
4154
4160
24670
26146
4162
4166
4174
24732
26153
4176
4186
24792
26159
4188
4204
24878
26168
4206
4220
24938
26176
4222
4262
25000
26197
4264
4278
25060
26205
4280
4310
25130
26221
4312
4326
25190
26229
4328
4602
25252
26367
4604
4618
25312
26375
4620
4738
25436
26435
4740
4754
25496
26443
4756
5104
26581
26618
5174
26647
26650
26651
26653
5178
26655
5236
26681
26682
26684
5242
26687
5244
5248
26690
5252
5304
26715
26716
26718
5306
5310
26721
5316
26724
5322
5372
26749
26750
26752
5374
5378
26755
5384
5390
5442
26784
26785
26787
5444
5448
26790
5454
5510
26819
26821
5514
26823
5518
5566
26849
5570
26851
5574
5626
26879
5630
5686
7536
25558
27834
7538
7552
25606
27842
7554
8268
25641
28200
8270
8284
25649
28208
8286
9832
25655
25657
28982
9834
9846
15319
15323
26132
3774
3792
3800
3804
4147
4155
4163
4167
4177
4179
4189
4191
4195
4207
4209
4223
4225
4265
4267
4281
4283
4313
4315
4329
4331
4605
4607
4621
4623
4741
4743
4757
4759
5179
5249
5253
5311
5317
5319
5323
5327
5379
5381
5385
5391
5397
5449
5451
5455
5461
5467
5515
5519
5523
5571
5575
5579
5627
5631
5635
5687
5691
5747
7539
7541
7555
7557
8271
8273
8287
8289
9835
9837
9847
9849
10813
15320
15324
15326
15330
3775
25953
25957
25959
3793
25842
25966
25968
3801
25846
25859
25971
25972
3805
25974
4148
26140
4156
26144
4164
26148
4168
4178
26155
4180
4190
26161
4192
4196
4208
26170
4210
4224
26178
4226
4266
26199
4268
4282
26207
4284
4314
26223
4316
4330
26231
4332
4606
26369
4608
4622
26377
4624
4742
26437
4744
4758
26445
4760
5180
26619
26656
5250
26685
26688
26689
26691
5254
26693
5312
26719
26720
26722
5318
26725
5320
5324
26728
5328
5380
26753
26754
26756
5382
5386
26759
5392
26762
5398
5450
26788
26789
26791
5452
5456
26794
5462
5468
5516
26822
26824
5520
26826
5524
5572
26850
26852
5576
26854
5580
5628
26880
5632
26882
5636
5688
26910
5692
5748
7540
27836
7542
7556
27844
7558
8272
28202
8274
8288
28210
8290
9836
28984
9838
9848
28990
9850
10814
15321
31726
15325
24354
24414
24477
31728
15327
15331
3806
4169
4181
4193
4197
4211
4213
4227
4229
4233
4239
4269
4271
4285
4287
4317
4319
4333
4335
4609
4611
4625
4627
4745
4747
4761
4763
5255
5325
5329
5387
5393
5395
5399
5403
5457
5459
5463
5469
5475
5521
5525
5529
5577
5581
5585
5633
5637
5641
5689
5693
5697
5749
5753
5809
7543
7545
7559
7561
8275
8277
8291
8293
9839
9841
9851
9853
10815
10817
10821
15328
15332
15334
15338
16739
3807
25969
25973
25975
4170
26138
26151
4182
26143
26157
4194
26147
26149
26163
4198
4212
26154
26156
26172
4214
4228
26160
26162
26180
4230
4234
4240
4270
26169
26171
26201
4272
4286
26177
26179
26209
4288
4318
26198
26200
26225
4320
4334
26206
26208
26233
4336
4610
26222
26224
26371
4612
4626
26230
26232
26379
4628
4746
26368
26370
26439
4748
4762
26376
26378
26447
4764
5256
26657
26694
5326
26723
26726
26727
26729
5330
26731
5388
26757
26758
26760
5394
26763
5396
5400
26766
5404
5458
26792
26793
26795
5460
5464
26798
5470
26801
5476
5522
26825
26827
5526
26829
5530
5578
26853
26855
5582
26857
5586
5634
26881
26883
5638
26885
5642
5690
26911
5694
26913
5698
5750
26941
5754
5810
7544
26436
26438
27838
7546
7560
26444
26446
27846
7562
8276
27835
27837
28204
8278
8292
27843
27845
28212
8294
9840
28201
28203
28986
9842
9852
28209
28211
28992
9854
10816
28983
28985
28991
29474
10818
10822
15329
31730
15333
31732
15335
15339
16740
26139
4199
4215
4231
4235
4241
4245
4249
4253
4273
4289
4291
4295
4299
4321
4337
4339
4343
4347
4361
4613
4629
4631
4635
4639
4749
4765
4767
4771
4775
5331
5401
5405
5465
5471
5473
5477
5481
5527
5531
5535
5583
5587
5591
5639
5643
5647
5695
5699
5703
5751
5755
5759
5811
5815
5871
7547
7563
7565
7569
7573
8279
8295
8297
8301
8305
9843
9855
9857
9861
9865
10819
10823
10825
10829
10833
15336
15340
15342
15346
16741
16743
16747
4200
26166
4216
26174
4232
26182
4236
4242
4246
4250
4254
4274
26203
4290
26211
4292
4296
4300
4322
26227
4338
26235
4340
4344
4348
4362
4614
26373
4630
26381
4632
4636
4640
4750
26441
4766
26449
4768
4772
4776
5332
26695
26732
5402
26761
26764
26765
26767
5406
26769
5466
26796
26797
26799
5472
26802
5474
5478
26805
5482
5528
26828
26830
5532
26832
5536
5584
26856
26858
5588
26860
5592
5640
26884
26886
5644
26888
5648
5696
26912
26914
5700
26916
5704
5752
26942
5756
26944
5760
5812
26972
5816
5872
7548
27840
7564
27848
7566
7570
7574
8280
28206
8296
28214
8298
8302
8306
9844
28988
9856
28994
9858
9862
9866
10820
29476
10824
29478
10826
10830
10834
15337
26134
31734
15341
26136
26141
26145
31736
15343
15347
16742
32436
16744
16748
26150
4237
4243
4247
4251
4255
4293
4297
4301
4303
4341
4345
4349
4351
4355
4363
4367
4373
4381
4395
4633
4637
4641
4643
4651
4769
4773
4777
4779
4787
5407
5409
5479
5483
5487
5533
5537
5543
5589
5593
5597
5645
5649
5653
5701
5705
5709
5757
5761
5765
5813
5817
5821
5873
5877
7567
7571
7575
7577
7585
8299
8303
8307
8309
8317
9859
9863
9867
9869
9877
10827
10831
10835
10837
10845
15344
15348
15350
15354
15358
16745
16749
16751
16755
4238
26185
4244
26188
4248
26190
4252
26164
26192
4256
4294
26213
4298
26173
26215
4302
26181
26217
4304
4342
26237
4346
26202
26239
4350
26210
26241
4352
4356
4364
4368
4374
4382
4396
4634
26383
4638
26226
26385
4642
26234
26387
4644
4652
4770
26451
4774
26372
26453
4778
26380
26455
4780
4788
5408
26733
26770
5410
5480
26800
26803
26804
26806
5484
26808
5488
5534
26831
26833
5538
26835
5544
5590
26859
26861
5594
26863
5598
5646
26887
26889
5650
26891
5654
5702
26915
26917
5706
26919
5710
5758
26943
26945
5762
26947
5766
5814
26973
5818
26975
5822
5874
27003
5878
7568
27850
7572
26440
27852
7576
26448
27854
7578
7586
8300
28216
8304
27839
28218
8308
27847
28220
8310
8318
9860
28996
9864
28205
28998
9868
28213
29000
9870
9878
10828
29480
10832
28987
29482
10836
28993
29475
29484
10838
10846
15345
31738
15349
31740
15351
15355
15359
16746
31727
32438
16750
31729
31731
31733
32437
32440
16752
16756
4257
4305
4353
4357
4365
4369
4375
4377
4383
4385
4389
4397
4401
4407
4415
4429
4645
4647
4653
4655
4663
4781
4783
4789
4791
4799
5485
5489
5493
5539
5541
5545
5549
5595
5599
5605
5651
5655
5659
5707
5711
5715
5763
5767
5771
5819
5823
5827
5875
5879
5883
7579
7581
7587
7589
7597
8311
8313
8319
8321
8329
9871
9873
9879
9881
9889
10839
10841
10847
10849
10857
12141
15352
15356
15360
15362
15370
16753
16757
16759
16763
16767
18148
4258
26186
26195
4306
26214
26219
4354
26238
26243
4358
4366
26249
4370
4376
26254
4378
4384
26258
4386
4390
4398
4402
4408
4416
4430
4646
26384
26389
4648
4654
26393
4656
4664
4782
26452
26457
4784
4790
26461
4792
4800
5486
26771
26772
26809
5490
26811
5494
5540
26834
26836
5542
5546
26839
5550
5596
26862
26864
5600
26866
5606
5652
26890
26892
5656
26894
5660
5708
26918
26920
5712
26922
5716
5764
26946
26948
5768
26950
5772
5820
26974
26976
5824
26978
5828
5876
26540
27004
5880
27006
5884
7580
27851
27856
7582
7588
27860
7590
7598
8312
28217
28222
8314
8320
28226
8322
8330
9872
28997
29002
9874
9880
29006
9882
9890
10840
29481
29486
10842
10848
29490
10850
10858
12142
15353
31742
15357
31744
15361
26152
26158
31746
15363
15371
16754
32442
16758
32444
16760
16764
16768
18149
26165
4359
4371
4379
4387
4391
4399
4403
4409
4411
4417
4419
4423
4431
4435
4441
4449
4463
4649
4657
4659
4665
4667
4675
4785
4793
4795
4801
4803
4811
5491
5495
5547
5551
5555
5601
5603
5607
5611
5657
5661
5667
5713
5717
5721
5769
5773
5777
5825
5829
5833
5881
5885
5889
5945
7583
7591
7593
7599
7601
7609
8315
8323
8325
8331
8333
8341
9875
9883
9885
9891
9893
9901
10843
10851
10853
10859
10861
10869
12143
12145
15364
15366
15372
15374
15382
16761
16765
16769
16771
16779
18150
18152
18156
4360
26246
4372
26250
26252
4380
26255
26256
4388
26259
26260
4392
4400
26266
4404
4410
26271
4412
4418
26275
4420
4424
4432
4436
4442
4450
4464
4650
26391
4658
26394
26395
4660
4666
26399
4668
4676
4786
26244
26459
4794
26462
26463
4796
4802
26467
4804
4812
5492
26810
26812
5496
26814
5548
26837
26838
26840
5552
26842
5556
5602
26865
26867
5604
5608
26870
5612
5658
26893
26895
5662
26897
5668
5714
26921
26923
5718
26925
5722
5770
26949
26951
5774
26953
5778
5826
26977
26979
5830
26981
5834
5882
26578
27005
27007
5886
27009
5890
5946
7584
26390
27858
7592
27861
27862
7594
7600
27866
7602
7610
8316
26458
28224
8324
28227
28228
8326
8332
28232
8334
8342
9876
27857
29004
9884
29007
29008
9886
9892
29012
9894
9902
10844
28223
29488
10852
29491
29492
10854
10860
29496
10862
10870
12144
29003
29487
30138
12146
15365
31743
31748
15367
15373
31752
15375
15383
16762
32446
16766
32448
16770
31735
31737
32450
16772
16780
18151
33140
18153
26184
18157
26187
4393
4405
4413
4421
4425
4433
4437
4443
4445
4451
4453
4457
4465
4469
4475
4483
4497
4661
4669
4671
4677
4679
4687
4797
4805
4807
4813
4815
4823
5497
5553
5557
5609
5613
5617
5663
5665
5669
5673
5719
5723
5729
5775
5779
5783
5831
5835
5839
5887
5891
5895
5947
5951
6005
7595
7603
7605
7611
7613
7621
8327
8335
8337
8343
8345
8353
9887
9895
9897
9903
9905
9913
10855
10863
10865
10871
10873
10881
12147
12149
15368
15376
15378
15384
15386
15394
16773
16775
16781
16783
16791
18154
18158
18160
18168
4394
26247
26263
4406
26267
26269
4414
26272
26273
4422
26276
26277
4426
4434
26283
4438
4444
26288
4446
4452
26292
4454
4458
4466
4470
4476
4484
4498
4662
26392
26397
4670
26400
26401
4672
4678
26405
4680
4688
4798
26261
26460
26465
4806
26468
26469
4808
4814
26473
4816
4824
5498
26815
5554
26841
26843
5558
26845
5610
26868
26869
26871
5614
26873
5618
5664
26896
26898
5666
5670
26901
5674
5720
26924
26926
5724
26928
5730
5776
26952
26954
5780
26956
5784
5832
26980
26982
5836
26984
5840
5888
26616
27008
27010
5892
27012
5896
5948
27040
5952
6006
7596
26396
27859
27864
7604
27867
27868
7606
7612
27872
7614
7622
8328
26464
28225
28230
8336
28233
28234
8338
8344
28238
8346
8354
9888
27863
29005
29010
9896
29013
29014
9898
9904
29018
9906
9914
10856
28229
29489
29494
10864
29497
29498
10866
10872
29502
10874
10882
12148
29009
29493
30139
30140
12150
15369
26220
31750
15377
31753
31754
15379
15385
31758
15387
15395
16774
32447
32452
16776
16782
32456
16784
16792
18155
33142
18159
32439
32441
33144
18161
26194
18169
26248
4427
4439
4447
4455
4459
4467
4471
4477
4479
4485
4487
4491
4499
4503
4509
4517
4531
4673
4681
4683
4689
4691
4699
4809
4817
4819
4825
4827
4835
5559
5615
5619
5671
5675
5679
5725
5727
5731
5735
5781
5785
5791
5837
5841
5845
5893
5897
5901
5949
5953
5957
6007
6011
6065
7607
7615
7617
7623
7625
7633
8339
8347
8349
8355
8357
8365
9899
9907
9909
9915
9917
9925
10867
10875
10877
10883
10885
10893
12151
12153
15380
15388
15390
15396
15398
15406
16777
16785
16787
16793
16795
16803
18162
18164
18170
18172
18180
4428
26264
26280
4440
26284
26286
4448
26289
26290
4456
26293
26294
4460
4468
26300
4472
4478
26305
4480
4486
26309
4488
4492
4500
4504
4510
4518
4532
4674
26398
26403
4682
26406
26407
4684
4690
26411
4692
4700
4810
26278
26466
26471
4818
26474
26475
4820
4826
26479
4828
4836
5560
26816
26846
5616
26872
26874
5620
26876
5672
26899
26900
26902
5676
26904
5680
5726
26927
26929
5728
5732
26932
5736
5782
26955
26957
5786
26959
5792
5838
26983
26985
5842
26987
5846
5894
26654
27011
27013
5898
27015
5902
5950
27041
5954
27043
5958
6008
27070
6012
6066
7608
26402
27865
27870
7616
27873
27874
7618
7624
27878
7626
7634
8340
26470
28231
28236
8348
28239
28240
8350
8356
28244
8358
8366
9900
27869
29011
29016
9908
29019
29020
9910
9916
29024
9918
9926
10868
28235
29495
29500
10876
29503
29504
10878
10884
29508
10886
10894
12152
29015
29499
30141
30142
12154
15381
26257
31751
31756
15389
31759
31760
15391
15397
31764
15399
15407
16778
26196
32454
16786
32457
32458
16788
16794
32462
16796
16804
18163
33143
33146
18165
18171
33150
18173
26251
18181
26265
4461
4473
4481
4489
4493
4501
4505
4511
4513
4519
4521
4525
4533
4537
4543
4551
4565
4685
4693
4695
4701
4703
4711
4821
4829
4831
4837
4839
4847
5621
5677
5681
5733
5737
5741
5787
5789
5793
5797
5843
5847
5853
5899
5903
5907
5955
5959
5963
6009
6013
6017
6067
6071
6125
7619
7627
7629
7635
7637
7645
8351
8359
8361
8367
8369
8377
9911
9919
9921
9927
9929
9937
10879
10887
10889
10895
10897
10905
12155
12157
15392
15400
15402
15408
15410
15418
16789
16797
16799
16805
16807
16815
18166
18174
18176
18182
18184
18192
19537
4462
26281
26297
4474
26301
26303
4482
26306
26307
4490
26310
26311
4494
4502
26317
4506
4512
26322
4514
4520
26326
4522
4526
4534
4538
4544
4552
4566
4686
26404
26409
4694
26412
26413
4696
4702
26417
4704
4712
4822
26295
26472
26477
4830
26480
26481
4832
4838
26485
4840
4848
5622
26847
26877
5678
26903
26905
5682
26907
5734
26930
26931
26933
5738
26935
5742
5788
26958
26960
5790
5794
26963
5798
5844
26986
26988
5848
26990
5854
5900
26692
27014
27016
5904
27018
5908
5956
27042
27044
5960
27046
5964
6010
27071
6014
27073
6018
6068
27100
6072
6126
7620
26408
27871
27876
7628
27879
27880
7630
7636
27884
7638
7646
8352
26476
28237
28242
8360
28245
28246
8362
8368
28250
8370
8378
9912
27875
29017
29022
9920
29025
29026
9922
9928
29030
9930
9938
10880
28241
29501
29506
10888
29509
29510
10890
10896
29514
10898
10906
12156
29021
29505
30143
30144
12158
15393
26274
31757
31762
15401
31765
31766
15403
15409
31770
15411
15419
16790
26253
32455
32460
16798
32463
32464
16800
16806
32468
16808
16816
18167
31749
33148
18175
33151
33152
18177
18183
33156
18185
26268
18193
26282
19538
26245
4495
4507
4515
4523
4527
4535
4539
4545
4547
4553
4555
4559
4567
4571
4577
4585
4697
4705
4707
4713
4715
4723
4833
4841
4843
4849
4851
4859
5683
5739
5743
5795
5799
5803
5849
5851
5855
5859
5905
5909
5915
5961
5965
5969
6015
6019
6023
6069
6073
6077
6127
6131
6185
7631
7639
7641
7647
7649
7657
8363
8371
8373
8379
8381
8389
9923
9931
9933
9939
9941
9949
10891
10899
10901
10907
10909
10917
12159
12161
15404
15412
15414
15420
15422
15430
16801
16809
16811
16817
16819
16827
18178
18186
18188
18194
18196
18204
19539
19541
4496
26298
26314
4508
26318
26320
4516
26323
26324
4524
26327
26328
4528
4536
26334
4540
4546
26339
4548
4554
26343
4556
4560
4568
4572
4578
4586
4698
26410
26415
4706
26418
26419
4708
4714
26423
4716
4724
4834
26312
26478
26483
4842
26486
26487
4844
4850
26491
4852
4860
5684
26878
26908
5740
26934
26936
5744
26938
5796
26961
26962
26964
5800
26966
5804
5850
26989
26991
5852
5856
26994
5860
5906
26730
27017
27019
5910
27021
5916
5962
27045
27047
5966
27049
5970
6016
27072
27074
6020
27076
6024
6070
27101
6074
27103
6078
6128
27130
6132
6186
7632
26414
27877
27882
7640
27885
27886
7642
7648
27890
7650
7658
8364
26482
28243
28248
8372
28251
28252
8374
8380
28256
8382
8390
9924
27881
29023
29028
9932
29031
29032
9934
9940
29036
9942
9950
10892
28247
29507
29512
10900
29515
29516
10902
10908
29520
10910
10918
12160
29027
29511
30145
30146
12162
15405
26291
31763
31768
15413
31771
31772
15415
15421
31776
15423
15431
16802
26270
32461
32466
16810
32469
32470
16812
16818
32474
16820
16828
18179
31755
33149
33154
18187
33157
33158
18189
18195
33162
18197
26285
18205
26299
19540
32453
33147
33834
19542
26262
4529
4541
4549
4557
4561
4569
4573
4579
4581
4587
4589
4593
4709
4717
4719
4725
4727
4845
4853
4855
4861
4863
5745
5801
5805
5857
5861
5865
5911
5913
5917
5921
5967
5971
5975
6021
6025
6029
6075
6079
6083
6129
6133
6137
6187
6191
6245
7643
7651
7653
7659
7661
8375
8383
8385
8391
8393
9935
9943
9945
9951
9953
10903
10911
10913
10919
10921
12163
12165
15416
15424
15426
15432
15434
15442
16813
16821
16823
16829
16831
16839
18190
18198
18200
18206
18208
18216
19543
19545
4530
26315
26331
4542
26335
26337
4550
26340
26341
4558
26344
26345
4562
4570
26175
26351
4574
4580
26183
26204
26356
4582
4588
26212
26228
26360
4590
4594
4710
26416
26421
4718
26424
26425
4720
4726
26236
26374
26429
4728
4846
26329
26484
26489
4854
26492
26493
4856
4862
26382
26442
26497
4864
5746
26909
26939
5802
26965
26967
5806
26969
5858
26992
26993
26995
5862
26997
5866
5912
26768
27020
27022
5914
5918
27025
5922
5968
27048
27050
5972
27052
5976
6022
27075
27077
6026
27079
6030
6076
27102
27104
6080
27106
6084
6130
27131
6134
27133
6138
6188
27160
6192
6246
7644
26420
27883
27888
7652
27891
27892
7654
7660
26450
27841
27896
7662
8376
26488
28249
28254
8384
28257
28258
8386
8392
27849
28207
28262
8394
9936
27887
29029
29034
9944
29037
29038
9946
9952
28215
28989
29042
9954
10904
28253
29513
29518
10912
29521
29522
10914
10920
28995
29477
29479
29526
10922
12164
29033
29517
30147
30148
12166
15417
26308
31769
31774
15425
31777
31778
15427
15433
31782
15435
15443
16814
26287
32467
32472
16822
32475
32476
16824
16830
32480
16832
16840
18191
31761
33155
33160
18199
33163
33164
18201
18207
33168
18209
26302
18217
26316
19544
32459
33153
33835
33836
19546
26279
4563
4575
4583
4591
4595
4721
4729
4731
4857
4865
4867
4871
5807
5863
5867
5919
5923
5927
5973
5977
5981
6027
6031
6035
6081
6085
6089
6135
6139
6143
6189
6193
6197
6247
6251
6305
7655
7663
7665
8387
8395
8397
9947
9955
9957
10915
10923
10925
12167
12169
15428
15436
15438
15444
15446
16825
16833
16835
16841
16843
16851
18202
18210
18212
18218
18220
18228
19547
19549
4564
26332
26348
4576
26191
26352
26354
4584
26193
26216
26357
26358
4592
26218
26240
26361
26362
4596
4722
26422
26427
4730
26242
26386
26430
26431
4732
4858
26346
26490
26495
4866
26388
26454
26498
26499
4868
4872
5808
26940
26970
5864
26996
26998
5868
27000
5920
26807
27023
27024
27026
5924
27028
5928
5974
27051
27053
5978
27055
5982
6028
27078
27080
6032
27082
6036
6082
27105
27107
6086
27109
6090
6136
27132
27134
6140
27136
6144
6190
27161
6194
27163
6198
6248
27190
6252
6306
7656
26426
27889
27894
7664
26456
27853
27897
27898
7666
8388
26494
28255
28260
8396
27855
28219
28263
28264
8398
9948
27893
29035
29040
9956
28221
28999
29043
29044
9958
10916
28259
29519
29524
10924
29001
29483
29485
29527
29528
10926
12168
29039
29523
30149
30150
12170
15429
26325
31775
31780
15437
31783
31784
15439
15445
26167
31741
31788
15447
16826
26304
32473
32478
16834
32481
32482
16836
16842
32486
16844
16852
18203
31767
33161
33166
18211
33169
33170
18213
18219
33174
18221
26319
18229
26333
19548
32465
33159
33837
33838
19550
26296
4597
4733
4869
4873
5869
5925
5929
5933
5979
5983
5987
6033
6037
6041
6087
6091
6095
6141
6145
6149
6195
6199
6203
6249
6253
6257
6307
6311
6359
7667
7669
8399
8401
9959
9961
10927
10929
12171
12173
13137
15440
15448
15450
16837
16845
16847
16853
16855
18214
18222
18224
18230
18232
18240
19551
19553
4598
26349
26365
4734
26428
26433
4870
26363
26496
26501
4874
5870
26971
27001
5926
27027
27029
5930
27031
5934
5980
27054
27056
5984
27058
5988
6034
27081
27083
6038
27085
6042
6088
27108
27110
6092
27112
6096
6142
27135
27137
6146
27139
6150
6196
27162
27164
6200
27166
6204
6250
27191
6254
27193
6258
6308
27220
6312
6360
7668
26432
27895
27900
7670
8400
26500
28261
28266
8402
9960
27899
29041
29046
9962
10928
28265
29525
29530
10930
12172
29045
29529
30151
30152
12174
13138
15441
26342
31781
31786
15449
26189
31747
31789
31790
15451
16838
26321
32479
32484
16846
32487
32488
16848
16854
31739
32445
32492
16856
18215
31773
33167
33172
18223
33175
33176
18225
18231
33180
18233
26336
18241
26350
19552
32471
33165
33839
33840
19554
26313
4875
5931
5935
5939
5985
5989
5993
6039
6043
6047
6093
6097
6101
6147
6151
6155
6201
6205
6209
6255
6259
6263
6309
6313
6317
6361
6365
6461
7671
7673
8403
8405
9963
9965
10931
10933
12175
12177
13139
13141
15452
15454
16849
16857
16859
18226
18234
18236
18242
18244
19555
19557
4876
26504
5932
27002
27032
5936
5940
5986
27057
27059
5990
27061
5994
6040
27084
27086
6044
27088
6048
6094
27111
27113
6098
27115
6102
6148
27138
27140
6152
27142
6156
6202
27165
27167
6206
27169
6210
6256
27192
27194
6260
27196
6264
6310
27221
6314
27223
6318
6362
27247
6366
6462
7672
27902
7674
8404
26502
28268
8406
9964
27901
29048
9966
10932
28267
29532
10934
12176
29047
30154
12178
13140
29531
30153
30636
13142
15453
26359
31787
31792
15455
16850
26338
32485
32490
16858
31745
32451
32493
32494
16860
18227
31779
33173
33178
18235
33181
33182
18237
18243
32443
33141
33186
18245
26353
19556
32477
33171
33841
33842
19558
26330
5937
5941
5991
5995
5999
6045
6049
6053
6099
6103
6107
6153
6157
6161
6207
6211
6215
6261
6265
6269
6315
6319
6323
6363
6367
6371
6419
6463
6467
6563
7675
7677
7681
8407
8409
8413
9967
9969
9973
10935
10937
10941
12179
12181
12185
13143
13145
13149
15456
15458
16861
16863
18238
18246
18248
19559
19561
5938
27035
5942
5992
27060
27062
5996
6000
6046
27087
27089
6050
27091
6054
6100
27114
27116
6104
27118
6108
6154
27141
27143
6158
27145
6162
6208
27168
27170
6212
27172
6216
6262
27195
27197
6266
27199
6270
6316
27222
27224
6320
27226
6324
6364
27248
6368
27250
6372
6420
6464
27298
6468
6564
7676
27904
7678
7682
8408
28270
8410
8414
9968
29050
9970
9974
10936
29534
10938
10942
12180
30156
12182
12186
13144
30638
13146
13150
15457
26434
31794
15459
16862
26355
32491
32496
16864
18239
31785
33179
33184
18247
32449
33145
33187
33188
18249
19560
32483
33177
33843
33844
19562
26347
5943
5997
6001
6051
6055
6059
6105
6109
6113
6159
6163
6167
6213
6217
6221
6267
6271
6275
6321
6325
6329
6369
6373
6377
6421
6425
6465
6469
6473
6521
6565
6569
6665
7679
7683
7685
7689
7741
8411
8415
8417
8421
8473
9971
9975
9977
9981
10033
10939
10943
10945
10949
11001
12183
12187
12189
12193
12245
13147
13151
13153
13157
13209
15460
15462
15466
16865
16867
18250
18252
19563
19565
5944
27038
5998
27065
6002
6052
27090
27092
6056
6060
6106
27117
27119
6110
27121
6114
6160
27144
27146
6164
27148
6168
6214
27171
27173
6218
27175
6222
6268
27198
27200
6272
27202
6276
6322
27225
27227
6326
27229
6330
6370
27249
27251
6374
27253
6378
6422
6426
6466
27299
6470
27301
6474
6522
6566
27349
6570
6666
7680
27906
7684
27908
7686
7690
7742
8412
28272
8416
28274
8418
8422
8474
9972
29052
9976
29054
9978
9982
10034
10940
29536
10944
29538
10946
10950
11002
12184
30158
12188
30160
12190
12194
12246
13148
30640
13152
30642
13154
13158
13210
15461
31796
15463
15467
16866
26366
32498
16868
18251
31791
33185
33190
18253
19564
32489
33183
33845
33846
19566
26364
6003
6057
6061
6111
6115
6119
6165
6169
6173
6219
6223
6227
6273
6277
6281
6327
6331
6335
6375
6379
6383
6423
6427
6431
6471
6475
6479
6523
6527
6567
6571
6575
6623
6667
6671
6767
7687
7691
7693
7697
7743
7745
7777
8419
8423
8425
8429
8475
8477
8509
9979
9983
9985
9989
10035
10037
10069
10947
10951
10953
10957
11003
11005
11037
12191
12195
12197
12201
12247
12249
12281
13155
13159
13161
13165
13211
13213
13245
15464
15468
15470
15474
15526
16869
16871
16875
18254
18256
19567
19569
6004
27039
27068
6058
27095
6062
6112
27120
27122
6116
6120
6166
27147
27149
6170
27151
6174
6220
27174
27176
6224
27178
6228
6274
27201
27203
6278
27205
6282
6328
27228
27230
6332
27232
6336
6376
27252
27254
6380
27256
6384
6424
27278
6428
6432
6472
27300
27302
6476
27304
6480
6524
6528
6568
27350
6572
27352
6576
6624
6668
27400
6672
6768
7688
27907
27910
7692
27912
7694
7698
7744
27938
7746
7778
8420
28273
28276
8424
28278
8426
8430
8476
28304
8478
8510
9980
29053
29056
9984
29058
9986
9990
10036
29084
10038
10070
10948
29537
29540
10952
29542
10954
10958
11004
29568
11006
11038
12192
30159
30162
12196
30164
12198
12202
12248
30190
12250
12282
13156
30641
30644
13160
30646
13162
13166
13212
30672
13214
13246
15465
31798
15469
31800
15471
15475
15527
16870
32500
16872
16876
18255
31793
33192
18257
19568
32495
33189
33847
33848
19570
6063
6117
6121
6171
6175
6179
6225
6229
6233
6279
6283
6287
6333
6337
6341
6381
6385
6389
6429
6433
6437
6477
6481
6485
6525
6529
6533
6573
6577
6581
6625
6629
6669
6673
6677
6725
6769
6773
6869
7695
7699
7701
7705
7747
7749
7779
7781
7813
8427
8431
8433
8437
8479
8481
8511
8513
8545
9987
9991
9993
9997
10039
10041
10071
10073
10105
10955
10959
10961
10965
11007
11009
11039
11041
11073
12199
12203
12205
12209
12251
12253
12283
12285
12317
13163
13167
13169
13173
13215
13217
13247
13249
13281
15472
15476
15478
15482
15528
15530
15562
16873
16877
16879
16883
16935
18258
18260
18264
19571
19573
20854
6064
27069
27098
6118
27125
6122
6172
27150
27152
6176
6180
6226
27177
27179
6230
27181
6234
6280
27204
27206
6284
27208
6288
6334
27231
27233
6338
27235
6342
6382
27255
27257
6386
27259
6390
6430
27279
27281
6434
6438
6478
27303
27305
6482
27307
6486
6526
27329
6530
6534
6574
27351
27353
6578
27355
6582
6626
6630
6670
27401
6674
27403
6678
6726
6770
27451
6774
6870
7696
27911
27914
7700
27916
7702
7706
7748
27939
27940
7750
7780
27956
7782
7814
8428
28277
28280
8432
28282
8434
8438
8480
28305
28306
8482
8512
28322
8514
8546
9988
29057
29060
9992
29062
9994
9998
10040
29085
29086
10042
10072
29102
10074
10106
10956
29541
29544
10960
29546
10962
10966
11008
29569
29570
11010
11040
29586
11042
11074
12200
30163
30166
12204
30168
12206
12210
12252
30191
30192
12254
12284
30208
12286
12318
13164
30645
30648
13168
30650
13170
13174
13216
30673
30674
13218
13248
30690
13250
13282
15473
31799
31802
15477
31804
15479
15483
15529
31830
15531
15563
16874
32502
16878
32504
16880
16884
16936
18259
33194
18261
18265
19572
32497
33850
19574
20855
26503
6123
6177
6181
6231
6235
6239
6285
6289
6293
6339
6343
6347
6387
6391
6395
6435
6439
6443
6483
6487
6491
6531
6535
6539
6579
6583
6587
6627
6631
6635
6675
6679
6683
6727
6731
6771
6775
6779
6827
6871
6875
6971
7703
7707
7709
7713
7751
7753
7783
7785
7815
7817
7849
8435
8439
8441
8445
8483
8485
8515
8517
8547
8549
8581
9995
9999
10001
10005
10043
10045
10075
10077
10107
10109
10141
10963
10967
10969
10973
11011
11013
11043
11045
11075
11077
11109
12207
12211
12213
12217
12255
12257
12287
12289
12319
12321
12353
13171
13175
13177
13181
13219
13221
13251
13253
13283
13285
13317
15480
15484
15486
15490
15532
15534
15564
15566
15598
16881
16885
16887
16891
16937
16939
16971
18262
18266
18268
18272
18324
19575
19577
19581
20856
20858
6124
27099
27128
6178
27155
6182
6232
27180
27182
6236
6240
6286
27207
27209
6290
27211
6294
6340
27234
27236
6344
27238
6348
6388
27258
27260
6392
27262
6396
6436
27282
27284
6440
6444
6484
27306
27308
6488
27310
6492
6532
27330
27332
6536
6540
6580
27354
27356
6584
27358
6588
6628
27380
6632
6636
6676
27402
27404
6680
27406
6684
6728
6732
6772
27452
6776
27454
6780
6828
6872
27502
6876
6972
7704
27915
27918
7708
27920
7710
7714
7752
27941
27942
7754
7784
27957
27958
7786
7816
27974
7818
7850
8436
28281
28284
8440
28286
8442
8446
8484
28307
28308
8486
8516
28323
28324
8518
8548
28340
8550
8582
9996
29061
29064
10000
29066
10002
10006
10044
29087
29088
10046
10076
29103
29104
10078
10108
29120
10110
10142
10964
29545
29548
10968
29550
10970
10974
11012
29571
29572
11014
11044
29587
29588
11046
11076
29604
11078
11110
12208
30167
30170
12212
30172
12214
12218
12256
30193
30194
12258
12288
30209
30210
12290
12320
30226
12322
12354
13172
30649
30652
13176
30654
13178
13182
13220
30675
30676
13222
13252
30691
30692
13254
13284
30708
13286
13318
15481
31803
31806
15485
31808
15487
15491
15533
31831
31832
15535
15565
31848
15567
15599
16882
32503
32506
16886
32508
16888
16892
16938
32534
16940
16972
18263
33196
18267
33198
18269
18273
18325
19576
33852
19578
19582
20857
33191
33849
34492
20859
27034
6183
6237
6241
6291
6295
6299
6345
6349
6353
6393
6397
6401
6441
6445
6449
6489
6493
6497
6537
6541
6545
6585
6589
6593
6633
6637
6641
6681
6685
6689
6729
6733
6737
6777
6781
6785
6829
6833
6873
6877
6881
6929
6973
6977
7075
7711
7715
7717
7721
7755
7757
7787
7789
7819
7821
7851
7853
7885
8443
8447
8449
8453
8487
8489
8519
8521
8551
8553
8583
8585
8617
10003
10007
10009
10013
10047
10049
10079
10081
10111
10113
10143
10145
10177
10971
10975
10977
10981
11015
11017
11047
11049
11079
11081
11111
11113
11145
12215
12219
12221
12225
12259
12261
12291
12293
12323
12325
12355
12357
12389
13179
13183
13185
13189
13223
13225
13255
13257
13287
13289
13319
13321
13353
15488
15492
15494
15498
15536
15538
15568
15570
15600
15602
15634
16889
16893
16895
16899
16941
16943
16973
16975
17007
18270
18274
18276
18280
18326
18328
18360
19579
19583
19585
19589
19641
20860
20862
20866
6184
27129
27158
6238
27185
6242
6292
27210
27212
6296
6300
6346
27237
27239
6350
27241
6354
6394
27261
27263
6398
27265
6402
6442
27285
27287
6446
6450
6490
27309
27311
6494
27313
6498
6538
27333
27335
6542
6546
6586
27357
27359
6590
27361
6594
6634
27381
27383
6638
6642
6682
27405
27407
6686
27409
6690
6730
27431
6734
6738
6778
27453
27455
6782
27457
6786
6830
6834
6874
27503
6878
27505
6882
6930
6974
27553
6978
7076
7712
27919
27922
7716
27924
7718
7722
7756
27943
27944
7758
7788
27959
27960
7790
7820
27975
27976
7822
7852
27992
7854
7886
8444
28285
28288
8448
28290
8450
8454
8488
28309
28310
8490
8520
28325
28326
8522
8552
28341
28342
8554
8584
28358
8586
8618
10004
29065
29068
10008
29070
10010
10014
10048
29089
29090
10050
10080
29105
29106
10082
10112
29121
29122
10114
10144
29138
10146
10178
10972
29549
29552
10976
29554
10978
10982
11016
29573
29574
11018
11048
29589
29590
11050
11080
29605
29606
11082
11112
29622
11114
11146
12216
30171
30174
12220
30176
12222
12226
12260
30195
30196
12262
12292
30211
30212
12294
12324
30227
30228
12326
12356
30244
12358
12390
13180
30653
30656
13184
30658
13186
13190
13224
30677
30678
13226
13256
30693
30694
13258
13288
30709
30710
13290
13320
30726
13322
13354
15489
31807
31810
15493
31812
15495
15499
15537
31833
31834
15539
15569
31849
31850
15571
15601
31866
15603
15635
16890
32507
32510
16894
32512
16896
16900
16942
32535
32536
16944
16974
32552
16976
17008
18271
33197
33200
18275
33202
18277
18281
18327
33228
18329
18361
19580
33854
19584
33856
19586
19590
19642
20861
27033
34494
20863
27037
20867
27064
6243
6297
6301
6351
6355
6399
6403
6407
6447
6451
6455
6495
6499
6503
6543
6547
6551
6591
6595
6599
6639
6643
6647
6687
6691
6695
6735
6739
6743
6783
6787
6791
6831
6835
6839
6879
6883
6887
6931
6935
6975
6979
6983
7033
7077
7081
7719
7723
7725
7729
7759
7761
7791
7793
7823
7825
7855
7857
7887
7889
7921
8451
8455
8457
8461
8491
8493
8523
8525
8555
8557
8587
8589
8619
8621
8653
10011
10015
10017
10021
10051
10053
10083
10085
10115
10117
10147
10149
10179
10181
10213
10979
10983
10985
10989
11019
11021
11051
11053
11083
11085
11115
11117
11147
11149
11181
12223
12227
12229
12233
12263
12265
12295
12297
12327
12329
12359
12361
12391
12393
12425
13187
13191
13193
13197
13227
13229
13259
13261
13291
13293
13323
13325
13355
13357
13389
15496
15500
15502
15506
15540
15542
15572
15574
15604
15606
15636
15638
15670
16897
16901
16903
16907
16945
16947
16977
16979
17009
17011
17043
18278
18282
18284
18288
18330
18332
18362
18364
18396
19587
19591
19593
19597
19643
19645
19677
20864
20868
20870
20874
20926
6244
27159
27188
6298
27215
6302
6352
27240
27242
6356
6400
27264
27266
6404
27268
6408
6448
27288
27290
6452
6456
6496
27312
27314
6500
27316
6504
6544
27336
27338
6548
6552
6592
27360
27362
6596
27364
6600
6640
27384
27386
6644
6648
6688
27408
27410
6692
27412
6696
6736
27432
27434
6740
6744
6784
27456
27458
6788
27460
6792
6832
27482
6836
6840
6880
27504
27506
6884
27508
6888
6932
6936
6976
27554
6980
27556
6984
7034
7078
27605
7082
7720
27923
27926
7724
27928
7726
7730
7760
27945
27946
7762
7792
27961
27962
7794
7824
27977
27978
7826
7856
27993
27994
7858
7888
28010
7890
7922
8452
28289
28292
8456
28294
8458
8462
8492
28311
28312
8494
8524
28327
28328
8526
8556
28343
28344
8558
8588
28359
28360
8590
8620
28376
8622
8654
10012
29069
29072
10016
29074
10018
10022
10052
29091
29092
10054
10084
29107
29108
10086
10116
29123
29124
10118
10148
29139
29140
10150
10180
29156
10182
10214
10980
29553
29556
10984
29558
10986
10990
11020
29575
29576
11022
11052
29591
29592
11054
11084
29607
29608
11086
11116
29623
29624
11118
11148
29640
11150
11182
12224
30175
30178
12228
30180
12230
12234
12264
30197
30198
12266
12296
30213
30214
12298
12328
30229
30230
12330
12360
30245
30246
12362
12392
30262
12394
12426
13188
30657
30660
13192
30662
13194
13198
13228
30679
30680
13230
13260
30695
30696
13262
13292
30711
30712
13294
13324
30727
30728
13326
13356
30744
13358
13390
15497
31811
31814
15501
31816
15503
15507
15541
31835
31836
15543
15573
31851
31852
15575
15605
31867
31868
15607
15637
31884
15639
15671
16898
32511
32514
16902
32516
16904
16908
16946
32537
32538
16948
16978
32553
32554
16980
17010
32570
17012
17044
18279
33201
33204
18283
33206
18285
18289
18331
33229
33230
18333
18363
33246
18365
18397
19588
33855
33858
19592
33860
19594
19598
19644
33886
19646
19678
20865
34496
20869
27063
34498
20871
27067
20875
27094
20927
27277
6303
6357
6405
6409
6413
6453
6457
6501
6505
6509
6549
6553
6557
6597
6601
6605
6645
6649
6653
6693
6697
6701
6741
6745
6749
6789
6793
6797
6837
6841
6845
6885
6889
6893
6933
6937
6941
6981
6985
6989
7035
7039
7079
7083
7087
7727
7731
7733
7763
7765
7795
7797
7827
7829
7859
7861
7891
7893
7923
7925
7959
8459
8463
8465
8495
8497
8527
8529
8559
8561
8591
8593
8623
8625
8655
8657
8691
10019
10023
10025
10055
10057
10087
10089
10119
10121
10151
10153
10183
10185
10215
10217
10251
10987
10991
10993
11023
11025
11055
11057
11087
11089
11119
11121
11151
11153
11183
11185
11219
12231
12235
12237
12267
12269
12299
12301
12331
12333
12363
12365
12395
12397
12427
12429
12463
13195
13199
13201
13231
13233
13263
13265
13295
13297
13327
13329
13359
13361
13391
13393
13427
15504
15508
15510
15514
15544
15546
15576
15578
15608
15610
15640
15642
15672
15674
15706
16905
16909
16911
16915
16949
16951
16981
16983
17013
17015
17045
17047
17079
18286
18290
18292
18296
18334
18336
18366
18368
18398
18400
18432
19595
19599
19601
19605
19647
19649
19679
19681
19713
20872
20876
20878
20882
20928
20930
20962
6304
27189
27218
6358
26505
27245
6406
27267
27269
6410
6414
6454
27291
27293
6458
6502
27315
27317
6506
27319
6510
6550
27339
27341
6554
6558
6598
27363
27365
6602
27367
6606
6646
27387
27389
6650
6654
6694
27411
27413
6698
27415
6702
6742
27435
27437
6746
6750
6790
27459
27461
6794
27463
6798
6838
27483
27485
6842
6846
6886
27507
27509
6890
27511
6894
6934
27533
6938
6942
6982
27555
27557
6986
27559
6990
7036
7040
7080
26813
27606
7084
27608
7088
7728
27927
27930
7732
27903
27932
7734
7764
27947
27948
7766
7796
27963
27964
7798
7828
27979
27980
7830
7860
27995
27996
7862
7892
28011
28012
7894
7924
28028
7926
7960
8460
28293
28296
8464
28269
28298
8466
8496
28313
28314
8498
8528
28329
28330
8530
8560
28345
28346
8562
8592
28361
28362
8594
8624
28377
28378
8626
8656
28394
8658
8692
10020
29073
29076
10024
29049
29078
10026
10056
29093
29094
10058
10088
29109
29110
10090
10120
29125
29126
10122
10152
29141
29142
10154
10184
29157
29158
10186
10216
29174
10218
10252
10988
29557
29560
10992
29533
29562
10994
11024
29577
29578
11026
11056
29593
29594
11058
11088
29609
29610
11090
11120
29625
29626
11122
11152
29641
29642
11154
11184
29658
11186
11220
12232
30179
30182
12236
30155
30184
12238
12268
30199
30200
12270
12300
30215
30216
12302
12332
30231
30232
12334
12364
30247
30248
12366
12396
30263
30264
12398
12428
30280
12430
12464
13196
30661
30664
13200
30637
30666
13202
13232
30681
30682
13234
13264
30697
30698
13266
13296
30713
30714
13298
13328
30729
30730
13330
13360
30745
30746
13362
13392
30762
13394
13428
15505
31815
31818
15509
31820
15511
15515
15545
31837
31838
15547
15577
31853
31854
15579
15609
31869
31870
15611
15641
31885
31886
15643
15673
31902
15675
15707
16906
32515
32518
16910
32520
16912
16916
16950
32539
32540
16952
16982
32555
32556
16984
17014
32571
32572
17016
17046
32588
17048
17080
18287
33205
33208
18291
33210
18293
18297
18335
33231
33232
18337
18367
33247
33248
18369
18399
33264
18401
18433
19596
33859
33862
19600
33864
19602
19606
19648
33887
33888
19650
19680
33904
19682
19714
20873
34497
34500
20877
27093
34502
20879
27097
20883
27124
20929
34528
20931
27280
20963
27328
6411
6415
6459
6507
6511
6515
6555
6559
6603
6607
6611
6651
6655
6659
6699
6703
6707
6747
6751
6755
6795
6799
6803
6843
6847
6851
6891
6895
6899
6939
6943
6947
6987
6991
6995
7037
7041
7045
7085
7089
7093
7141
7735
7737
7767
7769
7799
7801
7831
7833
7863
7865
7895
7897
7927
7929
7961
7963
8467
8469
8499
8501
8531
8533
8563
8565
8595
8597
8627
8629
8659
8661
8693
8695
10027
10029
10059
10061
10091
10093
10123
10125
10155
10157
10187
10189
10219
10221
10253
10255
10995
10997
11027
11029
11059
11061
11091
11093
11123
11125
11155
11157
11187
11189
11221
11223
12239
12241
12271
12273
12303
12305
12335
12337
12367
12369
12399
12401
12431
12433
12465
12467
13203
13205
13235
13237
13267
13269
13299
13301
13331
13333
13363
13365
13395
13397
13429
13431
15512
15516
15518
15548
15550
15580
15582
15612
15614
15644
15646
15676
15678
15708
15710
15744
16913
16917
16919
16923
16953
16955
16985
16987
17017
17019
17049
17051
17081
17083
17115
18294
18298
18300
18304
18338
18340
18370
18372
18402
18404
18434
18436
18468
19603
19607
19609
19613
19651
19653
19683
19685
19715
19717
19749
20880
20884
20886
20890
20932
20934
20964
20966
20998
6412
27219
27272
6416
6460
27294
27296
6508
27318
27320
6512
6516
6556
27342
27344
6560
6604
27366
27368
6608
27370
6612
6652
27390
27392
6656
6660
6700
27414
27416
6704
27418
6708
6748
27438
27440
6752
6756
6796
27462
27464
6800
27466
6804
6844
27486
27488
6848
6852
6892
27510
27512
6896
27514
6900
6940
27534
27536
6944
6948
6988
27558
27560
6992
27562
6996
7038
27036
27585
7042
7046
7086
26844
27607
27609
7090
27611
7094
7142
7736
27931
27934
7738
7768
27949
27950
7770
7800
27965
27966
7802
7832
27981
27982
7834
7864
27997
27998
7866
7896
28013
28014
7898
7928
28029
28030
7930
7962
27905
28047
7964
8468
28297
28300
8470
8500
28315
28316
8502
8532
28331
28332
8534
8564
28347
28348
8566
8596
28363
28364
8598
8628
28379
28380
8630
8660
28395
28396
8662
8694
28271
28413
8696
10028
29077
29080
10030
10060
29095
29096
10062
10092
29111
29112
10094
10124
29127
29128
10126
10156
29143
29144
10158
10188
29159
29160
10190
10220
29175
29176
10222
10254
29051
29193
10256
10996
29561
29564
10998
11028
29579
29580
11030
11060
29595
29596
11062
11092
29611
29612
11094
11124
29627
29628
11126
11156
29643
29644
11158
11188
29659
29660
11190
11222
29535
29677
11224
12240
30183
30186
12242
12272
30201
30202
12274
12304
30217
30218
12306
12336
30233
30234
12338
12368
30249
30250
12370
12400
30265
30266
12402
12432
30281
30282
12434
12466
30157
30299
12468
13204
30665
30668
13206
13236
30683
30684
13238
13268
30699
30700
13270
13300
30715
30716
13302
13332
30731
30732
13334
13364
30747
30748
13366
13396
30763
30764
13398
13430
30639
30781
13432
15513
31819
31822
15517
31795
31824
15519
15549
31839
31840
15551
15581
31855
31856
15583
15613
31871
31872
15615
15645
31887
31888
15647
15677
31903
31904
15679
15709
31920
15711
15745
16914
32519
32522
16918
32524
16920
16924
16954
32541
32542
16956
16986
32557
32558
16988
17018
32573
32574
17020
17050
32589
32590
17052
17082
32606
17084
17116
18295
33209
33212
18299
33214
18301
18305
18339
33233
33234
18341
18371
33249
33250
18373
18403
33265
33266
18405
18435
33282
18437
18469
19604
33863
33866
19608
33868
19610
19614
19652
33889
33890
19654
19684
33905
33906
19686
19716
33922
19718
19750
20881
34501
34504
20885
27123
34506
20887
27127
20891
27154
20933
34529
34530
20935
27283
20965
34546
20967
27331
20999
27379
6417
6513
6517
6561
6609
6613
6617
6657
6661
6705
6709
6713
6753
6757
6761
6801
6805
6809
6849
6853
6857
6897
6901
6905
6945
6949
6953
6993
6997
7001
7043
7047
7051
7091
7095
7099
7143
7147
7197
7739
7771
7773
7803
7805
7835
7837
7867
7869
7899
7901
7931
7933
7965
7967
7999
8471
8503
8505
8535
8537
8567
8569
8599
8601
8631
8633
8663
8665
8697
8699
8731
10031
10063
10065
10095
10097
10127
10129
10159
10161
10191
10193
10223
10225
10257
10259
10291
10999
11031
11033
11063
11065
11095
11097
11127
11129
11159
11161
11191
11193
11225
11227
11259
12243
12275
12277
12307
12309
12339
12341
12371
12373
12403
12405
12435
12437
12469
12471
12503
13207
13239
13241
13271
13273
13303
13305
13335
13337
13367
13369
13399
13401
13433
13435
13467
15520
15522
15552
15554
15584
15586
15616
15618
15648
15650
15680
15682
15712
15714
15746
15748
16921
16925
16927
16957
16959
16989
16991
17021
17023
17053
17055
17085
17087
17117
17119
17153
18302
18306
18308
18312
18342
18344
18374
18376
18406
18408
18438
18440
18470
18472
18504
19611
19615
19617
19621
19655
19657
19687
19689
19719
19721
19751
19753
19785
20888
20892
20894
20898
20936
20938
20968
20970
21000
21002
21034
6418
27275
6514
27297
27323
6518
6562
27345
27347
6610
27369
27371
6614
6618
6658
27393
27395
6662
6706
27417
27419
6710
27421
6714
6754
27441
27443
6758
6762
6802
27465
27467
6806
27469
6810
6850
27489
27491
6854
6858
6898
27513
27515
6902
27517
6906
6946
27537
27539
6950
6954
6994
27561
27563
6998
27565
7002
7044
27066
27586
27588
7048
7052
7092
26875
27610
27612
7096
27614
7100
7144
7148
7198
7740
27936
7772
27951
27952
7774
7804
27967
27968
7806
7836
27983
27984
7838
7868
27999
28000
7870
7900
28015
28016
7902
7932
28031
28032
7934
7966
27909
28048
28049
7968
8000
8472
28302
8504
28317
28318
8506
8536
28333
28334
8538
8568
28349
28350
8570
8600
28365
28366
8602
8632
28381
28382
8634
8664
28397
28398
8666
8698
28275
28414
28415
8700
8732
10032
29082
10064
29097
29098
10066
10096
29113
29114
10098
10128
29129
29130
10130
10160
29145
29146
10162
10192
29161
29162
10194
10224
29177
29178
10226
10258
29055
29194
29195
10260
10292
11000
29566
11032
29581
29582
11034
11064
29597
29598
11066
11096
29613
29614
11098
11128
29629
29630
11130
11160
29645
29646
11162
11192
29661
29662
11194
11226
29539
29678
29679
11228
11260
12244
30188
12276
30203
30204
12278
12308
30219
30220
12310
12340
30235
30236
12342
12372
30251
30252
12374
12404
30267
30268
12406
12436
30283
30284
12438
12470
30161
30300
30301
12472
12504
13208
30670
13240
30685
30686
13242
13272
30701
30702
13274
13304
30717
30718
13306
13336
30733
30734
13338
13368
30749
30750
13370
13400
30765
30766
13402
13434
30643
30782
30783
13436
13468
15521
31823
31826
15523
15553
31841
31842
15555
15585
31857
31858
15587
15617
31873
31874
15619
15649
31889
31890
15651
15681
31905
31906
15683
15713
31921
31922
15715
15747
31797
31939
15749
16922
32523
32526
16926
32499
32528
16928
16958
32543
32544
16960
16990
32559
32560
16992
17022
32575
32576
17024
17054
32591
32592
17056
17086
32607
32608
17088
17118
32624
17120
17154
18303
33213
33216
18307
33218
18309
18313
18343
33235
33236
18345
18375
33251
33252
18377
18407
33267
33268
18409
18439
33283
33284
18441
18471
33300
18473
18505
19612
33867
33870
19616
33872
19618
19622
19656
33891
33892
19658
19688
33907
33908
19690
19720
33923
33924
19722
19752
33940
19754
19786
20889
34505
34508
20893
27153
34510
20895
27157
20899
27184
20937
34531
34532
20939
27286
20969
34547
34548
20971
27334
21001
34564
21003
27382
21035
27430
6519
6615
6619
6663
6711
6715
6719
6759
6763
6807
6811
6815
6855
6859
6863
6903
6907
6911
6951
6955
6959
6999
7003
7007
7049
7053
7057
7097
7101
7105
7145
7149
7153
7199
7203
7253
7775
7807
7809
7839
7841
7871
7873
7903
7905
7935
7937
7969
7971
8001
8003
8037
8507
8539
8541
8571
8573
8603
8605
8635
8637
8667
8669
8701
8703
8733
8735
8769
10067
10099
10101
10131
10133
10163
10165
10195
10197
10227
10229
10261
10263
10293
10295
10329
11035
11067
11069
11099
11101
11131
11133
11163
11165
11195
11197
11229
11231
11261
11263
11297
12279
12311
12313
12343
12345
12375
12377
12407
12409
12439
12441
12473
12475
12505
12507
12541
13243
13275
13277
13307
13309
13339
13341
13371
13373
13403
13405
13437
13439
13469
13471
13505
15524
15556
15558
15588
15590
15620
15622
15652
15654
15684
15686
15716
15718
15750
15752
15784
16929
16931
16961
16963
16993
16995
17025
17027
17057
17059
17089
17091
17121
17123
17155
17157
18310
18314
18316
18346
18348
18378
18380
18410
18412
18442
18444
18474
18476
18506
18508
18542
19619
19623
19625
19629
19659
19661
19691
19693
19723
19725
19755
19757
19787
19789
19821
20896
20900
20902
20906
20940
20942
20972
20974
21004
21006
21036
21038
21070
6520
27276
27326
6616
27348
27374
6620
6664
27396
27398
6712
27420
27422
6716
6720
6760
27444
27446
6764
6808
27468
27470
6812
27472
6816
6856
27492
27494
6860
6864
6904
27516
27518
6908
27520
6912
6952
27540
27542
6956
6960
7000
27564
27566
7004
27568
7008
7050
27096
27589
27591
7054
7058
7098
26906
27613
27615
7102
27617
7106
7146
27639
7150
7154
7200
7204
7254
7776
27937
27954
7808
27969
27970
7810
7840
27985
27986
7842
7872
28001
28002
7874
7904
28017
28018
7906
7936
28033
28034
7938
7970
27913
28050
28051
7972
8002
28067
8004
8038
8508
28303
28320
8540
28335
28336
8542
8572
28351
28352
8574
8604
28367
28368
8606
8636
28383
28384
8638
8668
28399
28400
8670
8702
28279
28416
28417
8704
8734
28433
8736
8770
10068
29083
29100
10100
29115
29116
10102
10132
29131
29132
10134
10164
29147
29148
10166
10196
29163
29164
10198
10228
29179
29180
10230
10262
29059
29196
29197
10264
10294
29213
10296
10330
11036
29567
29584
11068
29599
29600
11070
11100
29615
29616
11102
11132
29631
29632
11134
11164
29647
29648
11166
11196
29663
29664
11198
11230
29543
29680
29681
11232
11262
29697
11264
11298
12280
30189
30206
12312
30221
30222
12314
12344
30237
30238
12346
12376
30253
30254
12378
12408
30269
30270
12410
12440
30285
30286
12442
12474
30165
30302
30303
12476
12506
30319
12508
12542
13244
30671
30688
13276
30703
30704
13278
13308
30719
30720
13310
13340
30735
30736
13342
13372
30751
30752
13374
13404
30767
30768
13406
13438
30647
30784
30785
13440
13470
30801
13472
13506
15525
31828
15557
31843
31844
15559
15589
31859
31860
15591
15621
31875
31876
15623
15653
31891
31892
15655
15685
31907
31908
15687
15717
31923
31924
15719
15751
31801
31940
31941
15753
15785
16930
32527
32530
16932
16962
32545
32546
16964
16994
32561
32562
16996
17026
32577
32578
17028
17058
32593
32594
17060
17090
32609
32610
17092
17122
32625
32626
17124
17156
32501
32643
17158
18311
33217
33220
18315
33193
33222
18317
18347
33237
33238
18349
18379
33253
33254
18381
18411
33269
33270
18413
18443
33285
33286
18445
18475
33301
33302
18477
18507
33318
18509
18543
19620
33871
33874
19624
33876
19626
19630
19660
33893
33894
19662
19692
33909
33910
19694
19724
33925
33926
19726
19756
33941
33942
19758
19788
33958
19790
19822
20897
34509
34512
20901
27183
34514
20903
27187
20907
27214
20941
34533
34534
20943
27289
20973
34549
34550
20975
27337
21005
34565
34566
21007
27385
21037
34582
21039
27433
21071
27481
6621
6717
6721
6765
6813
6817
6821
6861
6865
6909
6913
6917
6957
6961
6965
7005
7009
7013
7055
7059
7063
7103
7107
7111
7151
7155
7159
7201
7205
7209
7255
7259
7309
7811
7843
7845
7875
7877
7907
7909
7939
7941
7973
7975
8005
8007
8039
8041
8075
8543
8575
8577
8607
8609
8639
8641
8671
8673
8705
8707
8737
8739
8771
8773
8807
10103
10135
10137
10167
10169
10199
10201
10231
10233
10265
10267
10297
10299
10331
10333
10367
11071
11103
11105
11135
11137
11167
11169
11199
11201
11233
11235
11265
11267
11299
11301
11335
12315
12347
12349
12379
12381
12411
12413
12443
12445
12477
12479
12509
12511
12543
12545
12579
13279
13311
13313
13343
13345
13375
13377
13407
13409
13441
13443
13473
13475
13507
13509
13543
15560
15592
15594
15624
15626
15656
15658
15688
15690
15720
15722
15754
15756
15786
15788
15822
16933
16965
16967
16997
16999
17029
17031
17061
17063
17093
17095
17125
17127
17159
17161
17193
18318
18320
18350
18352
18382
18384
18414
18416
18446
18448
18478
18480
18510
18512
18544
18546
19627
19631
19633
19663
19665
19695
19697
19727
19729
19759
19761
19791
19793
19823
19825
19859
20904
20908
20910
20914
20944
20946
20976
20978
21008
21010
21040
21042
21072
21074
21106
6622
27327
27377
6718
27399
27425
6722
6766
27447
27449
6814
27471
27473
6818
6822
6862
27495
27497
6866
6910
27519
27521
6914
27523
6918
6958
27543
27545
6962
6966
7006
27567
27569
7010
27571
7014
7056
27126
27592
27594
7060
7064
7104
26937
27616
27618
7108
27620
7112
7152
27640
27642
7156
7160
7202
27667
7206
7210
7256
7260
7310
7812
27955
27972
7844
27987
27988
7846
7876
28003
28004
7878
7908
28019
28020
7910
7940
28035
28036
7942
7974
27917
28052
28053
7976
8006
28068
28069
8008
8040
28086
8042
8076
8544
28321
28338
8576
28353
28354
8578
8608
28369
28370
8610
8640
28385
28386
8642
8672
28401
28402
8674
8706
28283
28418
28419
8708
8738
28434
28435
8740
8772
28452
8774
8808
10104
29101
29118
10136
29133
29134
10138
10168
29149
29150
10170
10200
29165
29166
10202
10232
29181
29182
10234
10266
29063
29198
29199
10268
10298
29214
29215
10300
10332
29232
10334
10368
11072
29585
29602
11104
29617
29618
11106
11136
29633
29634
11138
11168
29649
29650
11170
11200
29665
29666
11202
11234
29547
29682
29683
11236
11266
29698
29699
11268
11300
29716
11302
11336
12316
30207
30224
12348
30239
30240
12350
12380
30255
30256
12382
12412
30271
30272
12414
12444
30287
30288
12446
12478
30169
30304
30305
12480
12510
30320
30321
12512
12544
30338
12546
12580
13280
30689
30706
13312
30721
30722
13314
13344
30737
30738
13346
13376
30753
30754
13378
13408
30769
30770
13410
13442
30651
30786
30787
13444
13474
30802
30803
13476
13508
30820
13510
13544
15561
31829
31846
15593
31861
31862
15595
15625
31877
31878
15627
15657
31893
31894
15659
15689
31909
31910
15691
15721
31925
31926
15723
15755
31805
31942
31943
15757
15787
31959
15789
15823
16934
32532
16966
32547
32548
16968
16998
32563
32564
17000
17030
32579
32580
17032
17062
32595
32596
17064
17094
32611
32612
17096
17126
32627
32628
17128
17160
32505
32644
32645
17162
17194
18319
33221
33224
18321
18351
33239
33240
18353
18383
33255
33256
18385
18415
33271
33272
18417
18447
33287
33288
18449
18479
33303
33304
18481
18511
33319
33320
18513
18545
33195
33337
18547
19628
33875
33878
19632
33851
33880
19634
19664
33895
33896
19666
19696
33911
33912
19698
19728
33927
33928
19730
19760
33943
33944
19762
19792
33959
33960
19794
19824
33976
19826
19860
20905
34513
34516
20909
27213
34518
20911
27217
20915
27244
20945
34535
34536
20947
27292
20977
34551
34552
20979
27340
21009
34567
34568
21011
27388
21041
34583
34584
21043
27436
21073
34600
21075
27484
21107
27532
6723
6819
6823
6867
6915
6919
6923
6963
6967
7011
7015
7019
7061
7065
7069
7109
7113
7117
7157
7161
7165
7207
7211
7215
7257
7261
7265
7311
7315
7365
7847
7879
7881
7911
7913
7943
7945
7977
7979
8009
8011
8043
8045
8077
8079
8113
8579
8611
8613
8643
8645
8675
8677
8709
8711
8741
8743
8775
8777
8809
8811
8845
10139
10171
10173
10203
10205
10235
10237
10269
10271
10301
10303
10335
10337
10369
10371
10405
11107
11139
11141
11171
11173
11203
11205
11237
11239
11269
11271
11303
11305
11337
11339
11373
12351
12383
12385
12415
12417
12447
12449
12481
12483
12513
12515
12547
12549
12581
12583
12617
13315
13347
13349
13379
13381
13411
13413
13445
13447
13477
13479
13511
13513
13545
13547
13581
15596
15628
15630
15660
15662
15692
15694
15724
15726
15758
15760
15790
15792
15824
15826
15860
16969
17001
17003
17033
17035
17065
17067
17097
17099
17129
17131
17163
17165
17195
17197
17231
18322
18354
18356
18386
18388
18418
18420
18450
18452
18482
18484
18514
18516
18548
18550
18582
19635
19637
19667
19669
19699
19701
19731
19733
19763
19765
19795
19797
19827
19829
19861
19863
20912
20916
20918
20948
20950
20980
20982
21012
21014
21044
21046
21076
21078
21108
21110
21144
6724
27378
27428
6820
27450
27476
6824
6868
27498
27500
6916
27522
27524
6920
6924
6964
27546
27548
6968
7012
27570
27572
7016
27574
7020
7062
27156
27595
27597
7066
7070
7110
26968
27619
27621
7114
27623
7118
7158
27643
27645
7162
7166
7208
27668
27670
7212
7216
7258
27695
7262
7266
7312
7316
7366
7848
27973
27990
7880
28005
28006
7882
7912
28021
28022
7914
7944
28037
28038
7946
7978
27921
28054
28055
7980
8010
28070
28071
8012
8044
28087
28088
8046
8078
28105
8080
8114
8580
28339
28356
8612
28371
28372
8614
8644
28387
28388
8646
8676
28403
28404
8678
8710
28287
28420
28421
8712
8742
28436
28437
8744
8776
28453
28454
8778
8810
28471
8812
8846
10140
29119
29136
10172
29151
29152
10174
10204
29167
29168
10206
10236
29183
29184
10238
10270
29067
29200
29201
10272
10302
29216
29217
10304
10336
29233
29234
10338
10370
29251
10372
10406
11108
29603
29620
11140
29635
29636
11142
11172
29651
29652
11174
11204
29667
29668
11206
11238
29551
29684
29685
11240
11270
29700
29701
11272
11304
29717
29718
11306
11338
29735
11340
11374
12352
30225
30242
12384
30257
30258
12386
12416
30273
30274
12418
12448
30289
30290
12450
12482
30173
30306
30307
12484
12514
30322
30323
12516
12548
30339
30340
12550
12582
30357
12584
12618
13316
30707
30724
13348
30739
30740
13350
13380
30755
30756
13382
13412
30771
30772
13414
13446
30655
30788
30789
13448
13478
30804
30805
13480
13512
30821
30822
13514
13546
30839
13548
13582
15597
31847
31864
15629
31879
31880
15631
15661
31895
31896
15663
15693
31911
31912
15695
15725
31927
31928
15727
15759
31809
31944
31945
15761
15791
31960
31961
15793
15825
31978
15827
15861
16970
32533
32550
17002
32565
32566
17004
17034
32581
32582
17036
17066
32597
32598
17068
17098
32613
32614
17100
17130
32629
32630
17132
17164
32509
32646
32647
17166
17196
32663
17198
17232
18323
33226
18355
33241
33242
18357
18387
33257
33258
18389
18419
33273
33274
18421
18451
33289
33290
18453
18483
33305
33306
18485
18515
33321
33322
18517
18549
33199
33338
33339
18551
18583
19636
33879
33882
19638
19668
33897
33898
19670
19700
33913
33914
19702
19732
33929
33930
19734
19764
33945
33946
19766
19796
33961
33962
19798
19828
33977
33978
19830
19862
33853
33995
19864
20913
34517
34520
20917
27243
34493
34522
20919
27271
20949
34537
34538
20951
27295
20981
34553
34554
20983
27343
21013
34569
34570
21015
27391
21045
34585
34586
21047
27439
21077
34601
34602
21079
27487
21109
34618
21111
27535
21145
27584
6825
6921
6925
6969
7017
7021
7025
7067
7071
7115
7119
7123
7163
7167
7171
7213
7217
7221
7263
7267
7271
7313
7317
7321
7367
7371
7421
7883
7915
7917
7947
7949
7981
7983
8013
8015
8047
8049
8081
8083
8115
8117
8151
8615
8647
8649
8679
8681
8713
8715
8745
8747
8779
8781
8813
8815
8847
8849
8883
10175
10207
10209
10239
10241
10273
10275
10305
10307
10339
10341
10373
10375
10407
10409
10443
11143
11175
11177
11207
11209
11241
11243
11273
11275
11307
11309
11341
11343
11375
11377
11411
12387
12419
12421
12451
12453
12485
12487
12517
12519
12551
12553
12585
12587
12619
12621
12655
13351
13383
13385
13415
13417
13449
13451
13481
13483
13515
13517
13549
13551
13583
13585
13619
15632
15664
15666
15696
15698
15728
15730
15762
15764
15794
15796
15828
15830
15862
15864
15898
17005
17037
17039
17069
17071
17101
17103
17133
17135
17167
17169
17199
17201
17233
17235
17269
18358
18390
18392
18422
18424
18454
18456
18486
18488
18518
18520
18552
18554
18584
18586
18620
19639
19671
19673
19703
19705
19735
19737
19767
19769
19799
19801
19831
19833
19865
19867
19899
20920
20922
20952
20954
20984
20986
21016
21018
21048
21050
21080
21082
21112
21114
21146
21148
6826
27429
27479
6922
27501
27527
6926
6970
27549
27551
7018
27573
27575
7022
7026
7068
27186
27598
27600
7072
7116
26999
27622
27624
7120
27626
7124
7164
27646
27648
7168
7172
7214
27671
27673
7218
7222
7264
27696
27698
7268
7272
7314
27723
7318
7322
7368
7372
7422
7884
27991
28008
7916
28023
28024
7918
7948
28039
28040
7950
7982
27925
28056
28057
7984
8014
28072
28073
8016
8048
28089
28090
8050
8082
28106
28107
8084
8116
28124
8118
8152
8616
28357
28374
8648
28389
28390
8650
8680
28405
28406
8682
8714
28291
28422
28423
8716
8746
28438
28439
8748
8780
28455
28456
8782
8814
28472
28473
8816
8848
28490
8850
8884
10176
29137
29154
10208
29169
29170
10210
10240
29185
29186
10242
10274
29071
29202
29203
10276
10306
29218
29219
10308
10340
29235
29236
10342
10374
29252
29253
10376
10408
29270
10410
10444
11144
29621
29638
11176
29653
29654
11178
11208
29669
29670
11210
11242
29555
29686
29687
11244
11274
29702
29703
11276
11308
29719
29720
11310
11342
29736
29737
11344
11376
29754
11378
11412
12388
30243
30260
12420
30275
30276
12422
12452
30291
30292
12454
12486
30177
30308
30309
12488
12518
30324
30325
12520
12552
30341
30342
12554
12586
30358
30359
12588
12620
30376
12622
12656
13352
30725
30742
13384
30757
30758
13386
13416
30773
30774
13418
13450
30659
30790
30791
13452
13482
30806
30807
13484
13516
30823
30824
13518
13550
30840
30841
13552
13584
30858
13586
13620
15633
31865
31882
15665
31897
31898
15667
15697
31913
31914
15699
15729
31929
31930
15731
15763
31813
31946
31947
15765
15795
31962
31963
15797
15829
31979
31980
15831
15863
31997
15865
15899
17006
32551
32568
17038
32583
32584
17040
17070
32599
32600
17072
17102
32615
32616
17104
17134
32631
32632
17136
17168
32513
32648
32649
17170
17200
32664
32665
17202
17234
32682
17236
17270
18359
33227
33244
18391
33259
33260
18393
18423
33275
33276
18425
18455
33291
33292
18457
18487
33307
33308
18489
18519
33323
33324
18521
18553
33203
33340
33341
18555
18585
33357
18587
18621
19640
33884
19672
33899
33900
19674
19704
33915
33916
19706
19736
33931
33932
19738
19768
33947
33948
19770
19800
33963
33964
19802
19832
33979
33980
19834
19866
33857
33996
33997
19868
19900
20921
27270
34521
34524
20923
27274
20953
34539
34540
20955
27322
20985
34555
34556
20987
27346
21017
34571
34572
21019
27394
21049
34587
34588
21051
27442
21081
34603
34604
21083
27490
21113
34619
34620
21115
27538
21147
34495
34637
21149
27587
6927
7023
7027
7073
7121
7125
7129
7169
7173
7177
7219
7223
7227
7269
7273
7277
7319
7323
7327
7369
7373
7377
7423
7427
7477
7919
7951
7953
7985
7987
8017
8019
8051
8053
8085
8087
8119
8121
8153
8155
8189
8651
8683
8685
8717
8719
8749
8751
8783
8785
8817
8819
8851
8853
8885
8887
8921
10211
10243
10245
10277
10279
10309
10311
10343
10345
10377
10379
10411
10413
10445
10447
10481
11179
11211
11213
11245
11247
11277
11279
11311
11313
11345
11347
11379
11381
11413
11415
11449
12423
12455
12457
12489
12491
12521
12523
12555
12557
12589
12591
12623
12625
12657
12659
12693
13387
13419
13421
13453
13455
13485
13487
13519
13521
13553
13555
13587
13589
13621
13623
13657
15668
15700
15702
15732
15734
15766
15768
15798
15800
15832
15834
15866
15868
15900
15902
15936
17041
17073
17075
17105
17107
17137
17139
17171
17173
17203
17205
17237
17239
17271
17273
17307
18394
18426
18428
18458
18460
18490
18492
18522
18524
18556
18558
18588
18590
18622
18624
18658
19675
19707
19709
19739
19741
19771
19773
19803
19805
19835
19837
19869
19871
19901
19903
19937
20924
20956
20958
20988
20990
21020
21022
21052
21054
21084
21086
21116
21118
21150
21152
21184
6928
27480
27530
7024
27552
27578
7028
7074
27216
27601
27603
7122
27030
27625
27627
7126
7130
7170
27649
27651
7174
7178
7220
27674
27676
7224
7228
7270
27699
27701
7274
7278
7320
27724
27726
7324
7328
7370
27751
7374
7378
7424
7428
7478
7920
28009
28026
7952
28041
28042
7954
7986
27929
28058
28059
7988
8018
28074
28075
8020
8052
28091
28092
8054
8086
28108
28109
8088
8120
28125
28126
8122
8154
28143
8156
8190
8652
28375
28392
8684
28407
28408
8686
8718
28295
28424
28425
8720
8750
28440
28441
8752
8784
28457
28458
8786
8818
28474
28475
8820
8852
28491
28492
8854
8886
28509
8888
8922
10212
29155
29172
10244
29187
29188
10246
10278
29075
29204
29205
10280
10310
29220
29221
10312
10344
29237
29238
10346
10378
29254
29255
10380
10412
29271
29272
10414
10446
29289
10448
10482
11180
29639
29656
11212
29671
29672
11214
11246
29559
29688
29689
11248
11278
29704
29705
11280
11312
29721
29722
11314
11346
29738
29739
11348
11380
29755
29756
11382
11414
29773
11416
11450
12424
30261
30278
12456
30293
30294
12458
12490
30181
30310
30311
12492
12522
30326
30327
12524
12556
30343
30344
12558
12590
30360
30361
12592
12624
30377
30378
12626
12658
30395
12660
12694
13388
30743
30760
13420
30775
30776
13422
13454
30663
30792
30793
13456
13486
30808
30809
13488
13520
30825
30826
13522
13554
30842
30843
13556
13588
30859
30860
13590
13622
30877
13624
13658
15669
31883
31900
15701
31915
31916
15703
15733
31931
31932
15735
15767
31817
31948
31949
15769
15799
31964
31965
15801
15833
31981
31982
15835
15867
31998
31999
15869
15901
32016
15903
15937
17042
32569
32586
17074
32601
32602
17076
17106
32617
32618
17108
17138
32633
32634
17140
17172
32517
32650
32651
17174
17204
32666
32667
17206
17238
32683
32684
17240
17272
32701
17274
17308
18395
33245
33262
18427
33277
33278
18429
18459
33293
33294
18461
18491
33309
33310
18493
18523
33325
33326
18525
18557
33207
33342
33343
18559
18589
33358
33359
18591
18623
33376
18625
18659
19676
33885
33902
19708
33917
33918
19710
19740
33933
33934
19742
19772
33949
33950
19774
19804
33965
33966
19806
19836
33981
33982
19838
19870
33861
33998
33999
19872
19902
34015
19904
19938
20925
34526
20957
27321
34541
34542
20959
27325
20989
34557
34558
20991
27373
21021
34573
34574
21023
27397
21053
34589
34590
21055
27445
21085
34605
34606
21087
27493
21117
34621
34622
21119
27541
21151
34499
34638
34639
21153
27590
21185
27638
7029
7031
7127
7131
7135
7175
7179
7185
7225
7229
7233
7275
7279
7283
7325
7329
7333
7375
7379
7383
7425
7429
7433
7479
7483
7955
7957
7989
7991
8021
8023
8055
8057
8089
8091
8123
8125
8157
8159
8191
8193
8227
8687
8689
8721
8723
8753
8755
8787
8789
8821
8823
8855
8857
8889
8891
8923
8925
8959
10247
10249
10281
10283
10313
10315
10347
10349
10381
10383
10415
10417
10449
10451
10483
10485
10519
11215
11217
11249
11251
11281
11283
11315
11317
11349
11351
11383
11385
11417
11419
11451
11453
11487
12459
12461
12493
12495
12525
12527
12559
12561
12593
12595
12627
12629
12661
12663
12695
12697
12731
13423
13425
13457
13459
13489
13491
13523
13525
13557
13559
13591
13593
13625
13627
13659
13661
13695
15704
15736
15738
15770
15772
15802
15804
15836
15838
15870
15872
15904
15906
15938
15940
15974
17077
17109
17111
17141
17143
17175
17177
17207
17209
17241
17243
17275
17277
17309
17311
17345
18430
18462
18464
18494
18496
18526
18528
18560
18562
18592
18594
18626
18628
18660
18662
18696
19711
19743
19745
19775
19777
19807
19809
19839
19841
19873
19875
19905
19907
19939
19941
19975
20960
20992
20994
21024
21026
21056
21058
21088
21090
21120
21122
21154
21156
21186
21188
21222
7030
27531
27581
7032
7128
27246
27604
27630
7132
7136
7176
27652
27654
7180
7186
7226
27677
27679
7230
7234
7276
27702
27704
7280
7284
7326
27727
27729
7330
7334
7376
27752
27754
7380
7384
7426
27779
7430
7434
7480
7484
7956
28027
28044
7958
7990
27933
28060
28061
7992
8022
28076
28077
8024
8056
28093
28094
8058
8090
28110
28111
8092
8124
28127
28128
8126
8158
28144
28145
8160
8192
28162
8194
8228
8688
28393
28410
8690
8722
28299
28426
28427
8724
8754
28442
28443
8756
8788
28459
28460
8790
8822
28476
28477
8824
8856
28493
28494
8858
8890
28510
28511
8892
8924
28528
8926
8960
10248
29173
29190
10250
10282
29079
29206
29207
10284
10314
29222
29223
10316
10348
29239
29240
10350
10382
29256
29257
10384
10416
29273
29274
10418
10450
29290
29291
10452
10484
29308
10486
10520
11216
29657
29674
11218
11250
29563
29690
29691
11252
11282
29706
29707
11284
11316
29723
29724
11318
11350
29740
29741
11352
11384
29757
29758
11386
11418
29774
29775
11420
11452
29792
11454
11488
12460
30279
30296
12462
12494
30185
30312
30313
12496
12526
30328
30329
12528
12560
30345
30346
12562
12594
30362
30363
12596
12628
30379
30380
12630
12662
30396
30397
12664
12696
30414
12698
12732
13424
30761
30778
13426
13458
30667
30794
30795
13460
13490
30810
30811
13492
13524
30827
30828
13526
13558
30844
30845
13560
13592
30861
30862
13594
13626
30878
30879
13628
13660
30896
13662
13696
15705
31901
31918
15737
31933
31934
15739
15771
31821
31950
31951
15773
15803
31966
31967
15805
15837
31983
31984
15839
15871
32000
32001
15873
15905
32017
32018
15907
15939
32035
15941
15975
17078
32587
32604
17110
32619
32620
17112
17142
32635
32636
17144
17176
32521
32652
32653
17178
17208
32668
32669
17210
17242
32685
32686
17244
17276
32702
32703
17278
17310
32720
17312
17346
18431
33263
33280
18463
33295
33296
18465
18495
33311
33312
18497
18527
33327
33328
18529
18561
33211
33344
33345
18563
18593
33360
33361
18595
18627
33377
33378
18629
18661
33395
18663
18697
19712
33903
33920
19744
33935
33936
19746
19776
33951
33952
19778
19808
33967
33968
19810
19840
33983
33984
19842
19874
33865
34000
34001
19876
19906
34016
34017
19908
19940
34034
19942
19976
20961
34527
34544
20993
27372
34559
34560
20995
27376
21025
34575
34576
21027
27424
21057
34591
34592
21059
27448
21089
34607
34608
21091
27496
21121
34623
34624
21123
27544
21155
34503
34640
34641
21157
27593
21187
34657
21189
27641
21223
27666
7133
7137
7181
7183
7187
7191
7231
7235
7241
7281
7285
7289
7331
7335
7339
7381
7385
7389
7431
7435
7439
7481
7485
7489
7993
7995
8025
8027
8029
8059
8061
8093
8095
8127
8129
8161
8163
8195
8197
8229
8231
8725
8727
8757
8759
8761
8791
8793
8825
8827
8859
8861
8893
8895
8927
8929
8961
8963
9003
10285
10287
10317
10319
10321
10351
10353
10385
10387
10419
10421
10453
10455
10487
10489
10521
10523
11253
11255
11285
11287
11289
11319
11321
11353
11355
11387
11389
11421
11423
11455
11457
11489
11491
12497
12499
12529
12531
12533
12563
12565
12597
12599
12631
12633
12665
12667
12699
12701
12733
12735
13461
13463
13493
13495
13497
13527
13529
13561
13563
13595
13597
13629
13631
13663
13665
13697
13699
15740
15742
15774
15776
15806
15808
15840
15842
15874
15876
15908
15910
15942
15944
15976
15978
16012
17113
17145
17147
17179
17181
17211
17213
17245
17247
17279
17281
17313
17315
17347
17349
17383
18466
18498
18500
18530
18532
18564
18566
18596
18598
18630
18632
18664
18666
18698
18700
18734
19747
19779
19781
19811
19813
19843
19845
19877
19879
19909
19911
19943
19945
19977
19979
20013
20996
21028
21030
21060
21062
21092
21094
21124
21126
21158
21160
21190
21192
21224
21226
21260
7134
27582
27583
27633
7138
7182
27655
27657
7184
7188
7192
7232
27680
27682
7236
7242
7282
27705
27707
7286
7290
7332
27730
27732
7336
7340
7382
27755
27757
7386
7390
7432
27780
27782
7436
7440
7482
27273
27807
7486
7490
7994
28045
28046
28063
7996
8026
28078
28079
8028
8030
8060
28095
28096
8062
8094
28112
28113
8096
8128
28129
28130
8130
8162
28146
28147
8164
8196
28163
28164
8198
8230
27935
28181
8232
8726
28411
28412
28429
8728
8758
28444
28445
8760
8762
8792
28461
28462
8794
8826
28478
28479
8828
8860
28495
28496
8862
8894
28512
28513
8896
8928
28529
28530
8930
8962
28301
28547
8964
9004
10286
29191
29192
29209
10288
10318
29224
29225
10320
10322
10352
29241
29242
10354
10386
29258
29259
10388
10420
29275
29276
10422
10454
29292
29293
10456
10488
29309
29310
10490
10522
29081
29327
10524
11254
29675
29676
29693
11256
11286
29708
29709
11288
11290
11320
29725
29726
11322
11354
29742
29743
11356
11388
29759
29760
11390
11422
29776
29777
11424
11456
29793
29794
11458
11490
29565
29811
11492
12498
30297
30298
30315
12500
12530
30330
30331
12532
12534
12564
30347
30348
12566
12598
30364
30365
12600
12632
30381
30382
12634
12666
30398
30399
12668
12700
30415
30416
12702
12734
30187
30433
12736
13462
30779
30780
30797
13464
13494
30812
30813
13496
13498
13528
30829
30830
13530
13562
30846
30847
13564
13596
30863
30864
13598
13630
30880
30881
13632
13664
30897
30898
13666
13698
30669
30915
13700
15741
31919
31936
15743
15775
31825
31952
31953
15777
15807
31968
31969
15809
15841
31985
31986
15843
15875
32002
32003
15877
15909
32019
32020
15911
15943
32036
32037
15945
15977
32054
15979
16013
17114
32605
32622
17146
32637
32638
17148
17180
32525
32654
32655
17182
17212
32670
32671
17214
17246
32687
32688
17248
17280
32704
32705
17282
17314
32721
32722
17316
17348
32739
17350
17384
18467
33281
33298
18499
33313
33314
18501
18531
33329
33330
18533
18565
33215
33346
33347
18567
18597
33362
33363
18599
18631
33379
33380
18633
18665
33396
33397
18667
18699
33414
18701
18735
19748
33921
33938
19780
33953
33954
19782
19812
33969
33970
19814
19844
33985
33986
19846
19878
33869
34002
34003
19880
19910
34018
34019
19912
19944
34035
34036
19946
19978
34053
19980
20014
20997
34545
34562
21029
27423
34577
34578
21031
27427
21061
34593
34594
21063
27475
21093
34609
34610
21095
27499
21125
34625
34626
21127
27547
21159
34507
34642
34643
21161
27596
21191
34658
34659
21193
27644
21225
34676
21227
27669
21261
27694
7139
7189
7193
7237
7239
7243
7247
7287
7291
7297
7337
7341
7345
7387
7391
7395
7437
7441
7445
7487
7491
7495
7997
8031
8033
8063
8065
8067
8097
8099
8131
8133
8165
8167
8199
8201
8233
8235
8729
8763
8765
8795
8797
8799
8829
8831
8863
8865
8897
8899
8931
8933
8965
8967
9005
9009
9051
9083
9121
10289
10323
10325
10355
10357
10359
10389
10391
10423
10425
10457
10459
10491
10493
10525
10527
10561
11257
11291
11293
11323
11325
11327
11357
11359
11391
11393
11425
11427
11459
11461
11493
11495
11529
12501
12535
12537
12567
12569
12571
12601
12603
12635
12637
12669
12671
12703
12705
12737
12739
12773
13465
13499
13501
13531
13533
13535
13565
13567
13599
13601
13633
13635
13667
13669
13701
13703
13737
15778
15780
15810
15812
15814
15844
15846
15878
15880
15912
15914
15946
15948
15980
15982
16014
16016
17149
17151
17183
17185
17215
17217
17249
17251
17283
17285
17317
17319
17351
17353
17385
17387
17421
18502
18534
18536
18568
18570
18600
18602
18634
18636
18668
18670
18702
18704
18736
18738
18772
19783
19815
19817
19847
19849
19881
19883
19913
19915
19947
19949
19981
19983
20015
20017
20051
21032
21064
21066
21096
21098
21128
21130
21162
21164
21194
21196
21228
21230
21262
21264
21298
7140
27636
7190
27658
27659
27661
7194
7238
27683
27685
7240
7244
7248
7288
27708
27710
7292
7298
7338
27733
27735
7342
7346
7388
27758
27760
7392
7396
7438
27783
27785
7442
7446
7488
27324
27808
27810
7492
7496
7998
28065
8032
28080
28081
28082
8034
8064
28097
28098
8066
8068
8098
28114
28115
8100
8132
28131
28132
8134
8166
28148
28149
8168
8200
28165
28166
8202
8234
27953
28182
28183
8236
8730
28431
8764
28446
28447
28448
8766
8796
28463
28464
8798
8800
8830
28480
28481
8832
8864
28497
28498
8866
8898
28514
28515
8900
8932
28531
28532
8934
8966
28319
28548
28549
8968
9006
9010
9052
9084
9122
10290
29211
10324
29226
29227
29228
10326
10356
29243
29244
10358
10360
10390
29260
29261
10392
10424
29277
29278
10426
10458
29294
29295
10460
10492
29311
29312
10494
10526
29099
29328
29329
10528
10562
11258
29695
11292
29710
29711
29712
11294
11324
29727
29728
11326
11328
11358
29744
29745
11360
11392
29761
29762
11394
11426
29778
29779
11428
11460
29795
29796
11462
11494
29583
29812
29813
11496
11530
12502
30317
12536
30332
30333
30334
12538
12568
30349
30350
12570
12572
12602
30366
30367
12604
12636
30383
30384
12638
12670
30400
30401
12672
12704
30417
30418
12706
12738
30205
30434
30435
12740
12774
13466
30799
13500
30814
30815
30816
13502
13532
30831
30832
13534
13536
13566
30848
30849
13568
13600
30865
30866
13602
13634
30882
30883
13636
13668
30899
30900
13670
13702
30687
30916
30917
13704
13738
15779
31937
31938
31955
15781
15811
31970
31971
15813
15815
15845
31987
31988
15847
15879
32004
32005
15881
15913
32021
32022
15915
15947
32038
32039
15949
15981
32055
32056
15983
16015
31827
32073
16017
17150
32623
32640
17152
17184
32529
32656
32657
17186
17216
32672
32673
17218
17250
32689
32690
17252
17284
32706
32707
17286
17318
32723
32724
17320
17352
32740
32741
17354
17386
32758
17388
17422
18503
33299
33316
18535
33331
33332
18537
18569
33219
33348
33349
18571
18601
33364
33365
18603
18635
33381
33382
18637
18669
33398
33399
18671
18703
33415
33416
18705
18737
33433
18739
18773
19784
33939
33956
19816
33971
33972
19818
19848
33987
33988
19850
19882
33873
34004
34005
19884
19914
34020
34021
19916
19948
34037
34038
19950
19982
34054
34055
19984
20016
34072
20018
20052
21033
34563
34580
21065
27474
34595
34596
21067
27478
21097
34611
34612
21099
27526
21129
34627
34628
21131
27550
21163
34511
34644
34645
21165
27599
21195
34660
34661
21197
27647
21229
34677
34678
21231
27672
21263
34695
21265
27697
21299
27722
7195
7245
7249
7293
7295
7299
7303
7343
7347
7353
7393
7397
7401
7443
7447
7451
7493
7497
7501
8035
8069
8071
8101
8103
8105
8135
8137
8169
8171
8203
8205
8237
8239
8767
8801
8803
8833
8835
8837
8867
8869
8901
8903
8935
8937
8969
8971
9007
9011
9015
9053
9055
9085
9087
9123
9127
9169
9201
9239
10327
10361
10363
10393
10395
10397
10427
10429
10461
10463
10495
10497
10529
10531
10563
10565
10597
11295
11329
11331
11361
11363
11365
11395
11397
11429
11431
11463
11465
11497
11499
11531
11533
11565
12539
12573
12575
12605
12607
12609
12639
12641
12673
12675
12707
12709
12741
12743
12775
12777
12809
13503
13537
13539
13569
13571
13573
13603
13605
13637
13639
13671
13673
13705
13707
13739
13741
13773
15782
15816
15818
15848
15850
15852
15882
15884
15916
15918
15950
15952
15984
15986
16018
16020
16054
17187
17189
17219
17221
17223
17253
17255
17287
17289
17321
17323
17355
17357
17389
17391
17423
17425
18538
18540
18572
18574
18604
18606
18638
18640
18672
18674
18706
18708
18740
18742
18774
18776
18810
19819
19851
19853
19885
19887
19917
19919
19951
19953
19985
19987
20019
20021
20053
20055
20089
21068
21100
21102
21132
21134
21166
21168
21198
21200
21232
21234
21266
21268
21300
21302
21336
7196
27637
27664
7246
27686
27687
27689
7250
7294
27711
27713
7296
7300
7304
7344
27736
27738
7348
7354
7394
27761
27763
7398
7402
7444
27786
27788
7448
7452
7494
27375
27811
27813
7498
7502
8036
28066
28084
8070
28099
28100
28101
8072
8102
28116
28117
8104
8106
8136
28133
28134
8138
8170
28150
28151
8172
8204
28167
28168
8206
8238
27971
28184
28185
8240
8768
28432
28450
8802
28465
28466
28467
8804
8834
28482
28483
8836
8838
8868
28499
28500
8870
8902
28516
28517
8904
8936
28533
28534
8938
8970
28337
28550
28551
8972
9008
28570
9012
9016
9054
28593
9056
9086
28609
9088
9124
9128
9170
9202
9240
10328
29212
29230
10362
29245
29246
29247
10364
10394
29262
29263
10396
10398
10428
29279
29280
10430
10462
29296
29297
10464
10496
29313
29314
10498
10530
29117
29330
29331
10532
10564
29348
10566
10598
11296
29696
29714
11330
29729
29730
29731
11332
11362
29746
29747
11364
11366
11396
29763
29764
11398
11430
29780
29781
11432
11464
29797
29798
11466
11498
29601
29814
29815
11500
11532
29832
11534
11566
12540
30318
30336
12574
30351
30352
30353
12576
12606
30368
30369
12608
12610
12640
30385
30386
12642
12674
30402
30403
12676
12708
30419
30420
12710
12742
30223
30436
30437
12744
12776
30454
12778
12810
13504
30800
30818
13538
30833
30834
30835
13540
13570
30850
30851
13572
13574
13604
30867
30868
13606
13638
30884
30885
13640
13672
30901
30902
13674
13706
30705
30918
30919
13708
13740
30936
13742
13774
15783
31957
15817
31972
31973
31974
15819
15849
31989
31990
15851
15853
15883
32006
32007
15885
15917
32023
32024
15919
15951
32040
32041
15953
15985
32057
32058
15987
16019
31845
32074
32075
16021
16055
17188
32641
32642
32659
17190
17220
32674
32675
17222
17224
17254
32691
32692
17256
17288
32708
32709
17290
17322
32725
32726
17324
17356
32742
32743
17358
17390
32759
32760
17392
17424
32531
32777
17426
18539
33317
33334
18541
18573
33223
33350
33351
18575
18605
33366
33367
18607
18639
33383
33384
18641
18673
33400
33401
18675
18707
33417
33418
18709
18741
33434
33435
18743
18775
33452
18777
18811
19820
33957
33974
19852
33989
33990
19854
19886
33877
34006
34007
19888
19918
34022
34023
19920
19952
34039
34040
19954
19986
34056
34057
19988
20020
34073
34074
20022
20054
34091
20056
20090
21069
34581
34598
21101
27525
34613
34614
21103
27529
21133
34629
34630
21135
27577
21167
34515
34646
34647
21169
27602
21199
34662
34663
21201
27650
21233
34679
34680
21235
27675
21267
34696
34697
21269
27700
21301
34714
21303
27725
21337
27750
7251
7301
7305
7349
7351
7355
7359
7399
7403
7409
7449
7453
7457
7499
7503
7507
8073
8107
8109
8139
8141
8143
8173
8175
8207
8209
8241
8243
8805
8839
8841
8871
8873
8875
8905
8907
8939
8941
8973
8975
9013
9017
9021
9057
9059
9089
9091
9125
9129
9133
9171
9173
9203
9205
9241
9245
9287
9319
9357
10365
10399
10401
10431
10433
10435
10465
10467
10499
10501
10533
10535
10567
10569
10599
10601
10633
11333
11367
11369
11399
11401
11403
11433
11435
11467
11469
11501
11503
11535
11537
11567
11569
11601
12577
12611
12613
12643
12645
12647
12677
12679
12711
12713
12745
12747
12779
12781
12811
12813
12845
13541
13575
13577
13607
13609
13611
13641
13643
13675
13677
13709
13711
13743
13745
13775
13777
13809
15820
15854
15856
15886
15888
15890
15920
15922
15954
15956
15988
15990
16022
16024
16056
16058
16090
17191
17225
17227
17257
17259
17261
17291
17293
17325
17327
17359
17361
17393
17395
17427
17429
17463
18576
18578
18608
18610
18612
18642
18644
18676
18678
18710
18712
18744
18746
18778
18780
18812
18814
19855
19857
19889
19891
19921
19923
19955
19957
19989
19991
20023
20025
20057
20059
20091
20093
20127
21104
21136
21138
21170
21172
21202
21204
21236
21238
21270
21272
21304
21306
21338
21340
21374
7252
27665
27692
7302
27714
27715
27717
7306
7350
27739
27741
7352
7356
7360
7400
27764
27766
7404
7410
7450
27789
27791
7454
7458
7500
27426
27814
27816
7504
7508
8074
28085
28103
8108
28118
28119
28120
8110
8140
28135
28136
8142
8144
8174
28152
28153
8176
8208
28169
28170
8210
8242
27989
28186
28187
8244
8806
28451
28469
8840
28484
28485
28486
8842
8872
28501
28502
8874
8876
8906
28518
28519
8908
8940
28535
28536
8942
8974
28355
28552
28553
8976
9014
28571
28573
9018
9022
9058
28594
28595
9060
9090
28610
28611
9092
9126
28629
9130
9134
9172
28652
9174
9204
28668
9206
9242
9246
9288
9320
9358
10366
29231
29249
10400
29264
29265
29266
10402
10432
29281
29282
10434
10436
10466
29298
29299
10468
10500
29315
29316
10502
10534
29135
29332
29333
10536
10568
29349
29350
10570
10600
29366
10602
10634
11334
29715
29733
11368
29748
29749
29750
11370
11400
29765
29766
11402
11404
11434
29782
29783
11436
11468
29799
29800
11470
11502
29619
29816
29817
11504
11536
29833
29834
11538
11568
29850
11570
11602
12578
30337
30355
12612
30370
30371
30372
12614
12644
30387
30388
12646
12648
12678
30404
30405
12680
12712
30421
30422
12714
12746
30241
30438
30439
12748
12780
30455
30456
12782
12812
30472
12814
12846
13542
30819
30837
13576
30852
30853
30854
13578
13608
30869
30870
13610
13612
13642
30886
30887
13644
13676
30903
30904
13678
13710
30723
30920
30921
13712
13744
30937
30938
13746
13776
30954
13778
13810
15821
31958
31976
15855
31991
31992
31993
15857
15887
32008
32009
15889
15891
15921
32025
32026
15923
15955
32042
32043
15957
15989
32059
32060
15991
16023
31863
32076
32077
16025
16057
32094
16059
16091
17192
32661
17226
32676
32677
32678
17228
17258
32693
32694
17260
17262
17292
32710
32711
17294
17326
32727
32728
17328
17360
32744
32745
17362
17394
32761
32762
17396
17428
32549
32778
32779
17430
17464
18577
33335
33336
33353
18579
18609
33368
33369
18611
18613
18643
33385
33386
18645
18677
33402
33403
18679
18711
33419
33420
18713
18745
33436
33437
18747
18779
33453
33454
18781
18813
33225
33471
18815
19856
33975
33992
19858
19890
33881
34008
34009
19892
19922
34024
34025
19924
19956
34041
34042
19958
19990
34058
34059
19992
20024
34075
34076
20026
20058
34092
34093
20060
20092
34110
20094
20128
21105
34599
34616
21137
27576
34631
34632
21139
27580
21171
34519
34648
34649
21173
27629
21203
34664
34665
21205
27653
21237
34681
34682
21239
27678
21271
34698
34699
21273
27703
21305
34715
34716
21307
27728
21339
34733
21341
27753
21375
27778
7307
7357
7361
7405
7407
7411
7415
7455
7459
7465
7505
7509
7513
8111
8145
8147
8177
8179
8181
8211
8213
8245
8247
8843
8877
8879
8909
8911
8913
8943
8945
8977
8979
9019
9023
9027
9061
9063
9093
9095
9131
9135
9139
9175
9177
9207
9209
9243
9247
9251
9289
9291
9321
9323
9359
9363
9405
9437
9475
10403
10437
10439
10469
10471
10473
10503
10505
10537
10539
10571
10573
10603
10605
10635
10637
10669
11371
11405
11407
11437
11439
11441
11471
11473
11505
11507
11539
11541
11571
11573
11603
11605
11637
12615
12649
12651
12681
12683
12685
12715
12717
12749
12751
12783
12785
12815
12817
12847
12849
12881
13579
13613
13615
13645
13647
13649
13679
13681
13713
13715
13747
13749
13779
13781
13811
13813
13845
15858
15892
15894
15924
15926
15928
15958
15960
15992
15994
16026
16028
16060
16062
16092
16094
16126
17229
17263
17265
17295
17297
17299
17329
17331
17363
17365
17397
17399
17431
17433
17465
17467
17499
18580
18614
18616
18646
18648
18650
18680
18682
18714
18716
18748
18750
18782
18784
18816
18818
18852
19893
19895
19925
19927
19929
19959
19961
19993
19995
20027
20029
20061
20063
20095
20097
20129
20131
21140
21142
21174
21176
21206
21208
21240
21242
21274
21276
21308
21310
21342
21344
21376
21378
21412
7308
27693
27720
7358
27742
27743
27745
7362
7406
27767
27769
7408
7412
7416
7456
27792
27794
7460
7466
7506
27477
27817
27819
7510
7514
8112
28104
28122
8146
28137
28138
28139
8148
8178
28154
28155
8180
8182
8212
28171
28172
8214
8246
28007
28188
28189
8248
8844
28470
28488
8878
28503
28504
28505
8880
8910
28520
28521
8912
8914
8944
28537
28538
8946
8978
28373
28554
28555
8980
9020
28574
28576
9024
9028
9062
28596
28597
9064
9094
28612
28613
9096
9132
28630
28632
9136
9140
9176
28653
28654
9178
9208
28669
28670
9210
9244
28688
9248
9252
9290
28711
9292
9322
28727
9324
9360
9364
9406
9438
9476
10404
29250
29268
10438
29283
29284
29285
10440
10470
29300
29301
10472
10474
10504
29317
29318
10506
10538
29153
29334
29335
10540
10572
29351
29352
10574
10604
29367
29368
10606
10636
29384
10638
10670
11372
29734
29752
11406
29767
29768
29769
11408
11438
29784
29785
11440
11442
11472
29801
29802
11474
11506
29637
29818
29819
11508
11540
29835
29836
11542
11572
29851
29852
11574
11604
29868
11606
11638
12616
30356
30374
12650
30389
30390
30391
12652
12682
30406
30407
12684
12686
12716
30423
30424
12718
12750
30259
30440
30441
12752
12784
30457
30458
12786
12816
30473
30474
12818
12848
30490
12850
12882
13580
30838
30856
13614
30871
30872
30873
13616
13646
30888
30889
13648
13650
13680
30905
30906
13682
13714
30741
30922
30923
13716
13748
30939
30940
13750
13780
30955
30956
13782
13812
30972
13814
13846
15859
31977
31995
15893
32010
32011
32012
15895
15925
32027
32028
15927
15929
15959
32044
32045
15961
15993
32061
32062
15995
16027
31881
32078
32079
16029
16061
32095
32096
16063
16093
32112
16095
16127
17230
32662
32680
17264
32695
32696
32697
17266
17296
32712
32713
17298
17300
17330
32729
32730
17332
17364
32746
32747
17366
17398
32763
32764
17400
17432
32567
32780
32781
17434
17466
32798
17468
17500
18581
33355
18615
33370
33371
33372
18617
18647
33387
33388
18649
18651
18681
33404
33405
18683
18715
33421
33422
18717
18749
33438
33439
18751
18783
33455
33456
18785
18817
33243
33472
33473
18819
18853
19894
33993
33994
34011
19896
19926
34026
34027
19928
19930
19960
34043
34044
19962
19994
34060
34061
19996
20028
34077
34078
20030
20062
34094
34095
20064
20096
34111
34112
20098
20130
33883
34129
20132
21141
34617
34634
21143
21175
27628
34523
34650
34651
21177
27632
21207
34666
34667
21209
27656
21241
34683
34684
21243
27681
21275
34700
34701
21277
27706
21309
34717
34718
21311
27731
21343
34734
34735
21345
27756
21377
34752
21379
27781
21413
27806
7363
7413
7417
7461
7463
7467
7471
7511
7515
7521
8149
8183
8185
8215
8217
8219
8249
8251
8881
8915
8917
8947
8949
8951
8981
8983
9025
9029
9033
9065
9067
9097
9099
9137
9141
9145
9179
9181
9211
9213
9249
9253
9257
9293
9295
9325
9327
9361
9365
9369
9407
9409
9439
9441
9477
9481
9523
9555
9593
10441
10475
10477
10507
10509
10511
10541
10543
10575
10577
10607
10609
10639
10641
10671
10673
10705
11409
11443
11445
11475
11477
11479
11509
11511
11543
11545
11575
11577
11607
11609
11639
11641
11673
12653
12687
12689
12719
12721
12723
12753
12755
12787
12789
12819
12821
12851
12853
12883
12885
12917
13617
13651
13653
13683
13685
13687
13717
13719
13751
13753
13783
13785
13815
13817
13847
13849
13881
15896
15930
15932
15962
15964
15966
15996
15998
16030
16032
16064
16066
16096
16098
16128
16130
16162
17267
17301
17303
17333
17335
17337
17367
17369
17401
17403
17435
17437
17469
17471
17501
17503
17535
18618
18652
18654
18684
18686
18688
18718
18720
18752
18754
18786
18788
18820
18822
18854
18856
18888
19897
19931
19933
19963
19965
19967
19997
19999
20031
20033
20065
20067
20099
20101
20133
20135
20169
21178
21180
21210
21212
21214
21244
21246
21278
21280
21312
21314
21346
21348
21380
21382
21414
21416
7364
27721
27748
7414
27770
27771
27773
7418
7462
27795
27797
7464
7468
7472
7512
27528
27820
27822
7516
7522
8150
28123
28141
8184
28156
28157
28158
8186
8216
28173
28174
8218
8220
8250
28025
28190
28191
8252
8882
28489
28507
8916
28522
28523
28524
8918
8948
28539
28540
8950
8952
8982
28391
28556
28557
8984
9026
28577
28579
9030
9034
9066
28598
28599
9068
9098
28614
28615
9100
9138
28633
28635
9142
9146
9180
28655
28656
9182
9212
28671
28672
9214
9250
28689
28691
9254
9258
9294
28712
28713
9296
9326
28728
28729
9328
9362
28747
9366
9370
9408
28770
9410
9440
28786
9442
9478
9482
9524
9556
9594
10442
29269
29287
10476
29302
29303
29304
10478
10508
29319
29320
10510
10512
10542
29171
29336
29337
10544
10576
29353
29354
10578
10608
29369
29370
10610
10640
29385
29386
10642
10672
29402
10674
10706
11410
29753
29771
11444
29786
29787
29788
11446
11476
29803
29804
11478
11480
11510
29655
29820
29821
11512
11544
29837
29838
11546
11576
29853
29854
11578
11608
29869
29870
11610
11640
29886
11642
11674
12654
30375
30393
12688
30408
30409
30410
12690
12720
30425
30426
12722
12724
12754
30277
30442
30443
12756
12788
30459
30460
12790
12820
30475
30476
12822
12852
30491
30492
12854
12884
30508
12886
12918
13618
30857
30875
13652
30890
30891
30892
13654
13684
30907
30908
13686
13688
13718
30759
30924
30925
13720
13752
30941
30942
13754
13784
30957
30958
13786
13816
30973
30974
13818
13848
30990
13850
13882
15897
31996
32014
15931
32029
32030
32031
15933
15963
32046
32047
15965
15967
15997
32063
32064
15999
16031
31899
32080
32081
16033
16065
32097
32098
16067
16097
32113
32114
16099
16129
32130
16131
16163
17268
32681
32699
17302
32714
32715
32716
17304
17334
32731
32732
17336
17338
17368
32748
32749
17370
17402
32765
32766
17404
17436
32585
32782
32783
17438
17470
32799
32800
17472
17502
32816
17504
17536
18619
33356
33374
18653
33389
33390
33391
18655
18685
33406
33407
18687
18689
18719
33423
33424
18721
18753
33440
33441
18755
18787
33457
33458
18789
18821
33261
33474
33475
18823
18855
33492
18857
18889
19898
34013
19932
34028
34029
34030
19934
19964
34045
34046
19966
19968
19998
34062
34063
20000
20032
34079
34080
20034
20066
34096
34097
20068
20100
34113
34114
20102
20134
33901
34130
34131
20136
20170
21179
34635
34636
34653
21181
27635
21211
34668
34669
21213
21215
27660
21245
34685
34686
21247
27684
21279
34702
34703
21281
27709
21313
34719
34720
21315
27734
21347
34736
34737
21349
27759
21381
34753
34754
21383
27784
21415
34525
34771
21417
27809
7419
7469
7473
7517
7519
7523
7527
8187
8221
8223
8253
8255
8257
8919
8953
8955
8985
8987
8989
9031
9035
9039
9069
9071
9101
9103
9143
9147
9151
9183
9185
9215
9217
9255
9259
9263
9297
9299
9329
9331
9367
9371
9375
9411
9413
9443
9445
9479
9483
9487
9525
9527
9557
9559
9595
9599
9641
9673
9711
10479
10513
10515
10545
10547
10549
10579
10581
10611
10613
10643
10645
10675
10677
10707
10709
10741
11447
11481
11483
11513
11515
11517
11547
11549
11579
11581
11611
11613
11643
11645
11675
11677
11709
12691
12725
12727
12757
12759
12761
12791
12793
12823
12825
12855
12857
12887
12889
12919
12921
12953
13655
13689
13691
13721
13723
13725
13755
13757
13787
13789
13819
13821
13851
13853
13883
13885
13917
15934
15968
15970
16000
16002
16004
16034
16036
16068
16070
16100
16102
16132
16134
16164
16166
16198
17305
17339
17341
17371
17373
17375
17405
17407
17439
17441
17473
17475
17505
17507
17537
17539
17571
18656
18690
18692
18722
18724
18726
18756
18758
18790
18792
18824
18826
18858
18860
18890
18892
18924
19935
19969
19971
20001
20003
20005
20035
20037
20069
20071
20103
20105
20137
20139
20171
20173
20205
21182
21216
21218
21248
21250
21252
21282
21284
21316
21318
21350
21352
21384
21386
21418
21420
21454
7420
27749
27776
7470
27798
27799
27801
7474
7518
27579
27823
27825
7520
7524
7528
8188
28142
28160
8222
28175
28176
28177
8224
8254
28043
28192
28193
8256
8258
8920
28508
28526
8954
28541
28542
28543
8956
8986
28409
28558
28559
8988
8990
9032
28580
28582
9036
9040
9070
28600
28601
9072
9102
28616
28617
9104
9144
28636
28638
9148
9152
9184
28657
28658
9186
9216
28673
28674
9218
9256
28692
28694
9260
9264
9298
28714
28715
9300
9330
28730
28731
9332
9368
28748
28750
9372
9376
9412
28771
28772
9414
9444
28787
28788
9446
9480
28806
9484
9488
9526
28829
9528
9558
28845
9560
9596
9600
9642
9674
9712
10480
29288
29306
10514
29321
29322
29323
10516
10546
29189
29338
29339
10548
10550
10580
29355
29356
10582
10612
29371
29372
10614
10644
29387
29388
10646
10676
29403
29404
10678
10708
29420
10710
10742
11448
29772
29790
11482
29805
29806
29807
11484
11514
29673
29822
29823
11516
11518
11548
29839
29840
11550
11580
29855
29856
11582
11612
29871
29872
11614
11644
29887
29888
11646
11676
29904
11678
11710
12692
30394
30412
12726
30427
30428
30429
12728
12758
30295
30444
30445
12760
12762
12792
30461
30462
12794
12824
30477
30478
12826
12856
30493
30494
12858
12888
30509
30510
12890
12920
30526
12922
12954
13656
30876
30894
13690
30909
30910
30911
13692
13722
30777
30926
30927
13724
13726
13756
30943
30944
13758
13788
30959
30960
13790
13820
30975
30976
13822
13852
30991
30992
13854
13884
31008
13886
13918
15935
32015
32033
15969
32048
32049
32050
15971
16001
32065
32066
16003
16005
16035
31917
32082
32083
16037
16069
32099
32100
16071
16101
32115
32116
16103
16133
32131
32132
16135
16165
32148
16167
16199
17306
32700
32718
17340
32733
32734
32735
17342
17372
32750
32751
17374
17376
17406
32767
32768
17408
17440
32603
32784
32785
17442
17474
32801
32802
17476
17506
32817
32818
17508
17538
32834
17540
17572
18657
33375
33393
18691
33408
33409
33410
18693
18723
33425
33426
18725
18727
18757
33442
33443
18759
18791
33459
33460
18793
18825
33279
33476
33477
18827
18859
33493
33494
18861
18891
33510
18893
18925
19936
34014
34032
19970
34047
34048
34049
19972
20002
34064
34065
20004
20006
20036
34081
34082
20038
20070
34098
34099
20072
20104
34115
34116
20106
20138
33919
34132
34133
20140
20172
34150
20174
20206
21183
34655
21217
34670
34671
34672
21219
27663
21249
34687
34688
21251
21253
27688
21283
34704
34705
21285
27712
21317
34721
34722
21319
27737
21351
34738
34739
21353
27762
21385
34755
34756
21387
27787
21419
34543
34772
34773
21421
27812
21455
28569
7475
7525
7529
8225
8259
8261
8957
8991
8993
8997
9037
9041
9045
9073
9075
9105
9107
9149
9153
9157
9187
9189
9219
9221
9261
9265
9269
9301
9303
9333
9335
9373
9377
9381
9415
9417
9447
9449
9485
9489
9493
9529
9531
9561
9563
9597
9601
9605
9643
9645
9675
9677
9713
9717
9759
9791
10517
10551
10553
10583
10585
10615
10617
10647
10649
10679
10681
10711
10713
10743
10745
10777
11485
11519
11521
11551
11553
11583
11585
11615
11617
11647
11649
11679
11681
11711
11713
11745
12729
12763
12765
12795
12797
12827
12829
12859
12861
12891
12893
12923
12925
12955
12957
12989
13693
13727
13729
13759
13761
13791
13793
13823
13825
13855
13857
13887
13889
13919
13921
13953
15972
16006
16008
16038
16040
16042
16072
16074
16104
16106
16136
16138
16168
16170
16200
16202
16234
17343
17377
17379
17409
17411
17413
17443
17445
17477
17479
17509
17511
17541
17543
17573
17575
17607
18694
18728
18730
18760
18762
18764
18794
18796
18828
18830
18862
18864
18894
18896
18926
18928
18960
19973
20007
20009
20039
20041
20043
20073
20075
20107
20109
20141
20143
20175
20177
20207
20209
20241
21220
21254
21256
21286
21288
21290
21320
21322
21354
21356
21388
21390
21422
21424
21456
21458
21490
7476
27777
27804
7526
27631
27826
27827
27829
7530
8226
28161
28179
8260
28062
28194
28195
28196
8262
8958
28527
28545
8992
28428
28560
28561
28562
8994
8998
9038
28583
28585
9042
9046
9074
28602
28603
9076
9106
28618
28619
9108
9150
28639
28641
9154
9158
9188
28659
28660
9190
9220
28675
28676
9222
9262
28695
28697
9266
9270
9302
28716
28717
9304
9334
28732
28733
9336
9374
28751
28753
9378
9382
9416
28773
28774
9418
9448
28789
28790
9450
9486
28807
28809
9490
9494
9530
28830
28831
9532
9562
28846
28847
9564
9598
28865
9602
9606
9644
28888
9646
9676
28904
9678
9714
9718
9760
9792
10518
29307
29325
10552
29208
29340
29341
29342
10554
10584
29357
29358
10586
10616
29373
29374
10618
10648
29389
29390
10650
10680
29405
29406
10682
10712
29421
29422
10714
10744
29438
10746
10778
11486
29791
29809
11520
29692
29824
29825
29826
11522
11552
29841
29842
11554
11584
29857
29858
11586
11616
29873
29874
11618
11648
29889
29890
11650
11680
29905
29906
11682
11712
29922
11714
11746
12730
30413
30431
12764
30314
30446
30447
30448
12766
12796
30463
30464
12798
12828
30479
30480
12830
12860
30495
30496
12862
12892
30511
30512
12894
12924
30527
30528
12926
12956
30544
12958
12990
13694
30895
30913
13728
30796
30928
30929
30930
13730
13760
30945
30946
13762
13792
30961
30962
13794
13824
30977
30978
13826
13856
30993
30994
13858
13888
31009
31010
13890
13920
31026
13922
13954
15973
32034
32052
16007
32067
32068
32069
16009
16039
31935
32084
32085
16041
16043
16073
32101
32102
16075
16105
32117
32118
16107
16137
32133
32134
16139
16169
32149
32150
16171
16201
32166
16203
16235
17344
32719
32737
17378
32752
32753
32754
17380
17410
32769
32770
17412
17414
17444
32621
32786
32787
17446
17478
32803
32804
17480
17510
32819
32820
17512
17542
32835
32836
17544
17574
32852
17576
17608
18695
33394
33412
18729
33427
33428
33429
18731
18761
33444
33445
18763
18765
18795
33461
33462
18797
18829
33297
33478
33479
18831
18863
33495
33496
18865
18895
33511
33512
18897
18927
33528
18929
18961
19974
34033
34051
20008
34066
34067
34068
20010
20040
34083
34084
20042
20044
20074
34100
34101
20076
20108
34117
34118
20110
20142
33937
34134
34135
20144
20176
34151
34152
20178
20208
34168
20210
20242
21221
34656
34674
21255
34689
34690
34691
21257
27691
21287
34706
34707
21289
21291
27716
21321
34723
34724
21323
27740
21355
34740
34741
21357
27765
21389
34757
34758
21391
27790
21423
34561
34774
34775
21425
27815
21457
34792
21459
28572
21491
28628
7531
8263
8995
8999
9043
9047
9077
9079
9109
9111
9115
9155
9159
9163
9191
9193
9223
9225
9267
9271
9275
9305
9307
9337
9339
9379
9383
9387
9419
9421
9451
9453
9491
9495
9499
9533
9535
9565
9567
9603
9607
9611
9647
9649
9679
9681
9715
9719
9723
9761
9763
9793
9795
10555
10557
10587
10589
10619
10621
10651
10653
10683
10685
10715
10717
10747
10749
10779
10781
11523
11525
11555
11557
11587
11589
11619
11621
11651
11653
11683
11685
11715
11717
11747
11749
11787
12767
12769
12799
12801
12831
12833
12863
12865
12895
12897
12927
12929
12959
12961
12991
12993
13731
13733
13763
13765
13795
13797
13827
13829
13859
13861
13891
13893
13923
13925
13955
13957
14293
16010
16044
16046
16076
16078
16108
16110
16140
16142
16172
16174
16204
16206
16236
16238
16270
17381
17415
17417
17447
17449
17451
17481
17483
17513
17515
17545
17547
17577
17579
17609
17611
17643
18732
18766
18768
18798
18800
18802
18832
18834
18866
18868
18898
18900
18930
18932
18962
18964
18996
20011
20045
20047
20077
20079
20081
20111
20113
20145
20147
20179
20181
20211
20213
20243
20245
20277
21258
21292
21294
21324
21326
21328
21358
21360
21392
21394
21426
21428
21460
21462
21492
21494
21526
7532
27805
27832
8264
28180
28198
8996
28546
28564
9000
9044
28586
28588
9048
9078
28604
28605
9080
9110
28620
28621
9112
9116
9156
28642
28644
9160
9164
9192
28661
28662
9194
9224
28677
28678
9226
9268
28698
28700
9272
9276
9306
28718
28719
9308
9338
28734
28735
9340
9380
28754
28756
9384
9388
9420
28775
28776
9422
9452
28791
28792
9454
9492
28810
28812
9496
9500
9534
28832
28833
9536
9566
28848
28849
9568
9604
28866
28868
9608
9612
9648
28889
28890
9650
9680
28905
28906
9682
9716
27634
28924
9720
9724
9762
28064
28947
9764
9794
28430
28963
9796
10556
29326
29344
10558
10588
29359
29360
10590
10620
29375
29376
10622
10652
29391
29392
10654
10684
29407
29408
10686
10716
29423
29424
10718
10748
29439
29440
10750
10780
29210
29456
10782
11524
29810
29828
11526
11556
29843
29844
11558
11588
29859
29860
11590
11620
29875
29876
11622
11652
29891
29892
11654
11684
29907
29908
11686
11716
29923
29924
11718
11748
29694
29940
11750
11788
12768
30432
30450
12770
12800
30465
30466
12802
12832
30481
30482
12834
12864
30497
30498
12866
12896
30513
30514
12898
12928
30529
30530
12930
12960
30545
30546
12962
12992
30316
30562
12994
13732
30914
30932
13734
13764
30947
30948
13766
13796
30963
30964
13798
13828
30979
30980
13830
13860
30995
30996
13862
13892
31011
31012
13894
13924
31027
31028
13926
13956
30798
31044
13958
14294
16011
32053
32071
16045
31954
32086
32087
32088
16047
16077
32103
32104
16079
16109
32119
32120
16111
16141
32135
32136
16143
16173
32151
32152
16175
16205
32167
32168
16207
16237
32184
16239
16271
17382
32738
32756
17416
32771
32772
32773
17418
17448
32639
32788
32789
17450
17452
17482
32805
32806
17484
17514
32821
32822
17516
17546
32837
32838
17548
17578
32853
32854
17580
17610
32870
17612
17644
18733
33413
33431
18767
33446
33447
33448
18769
18799
33463
33464
18801
18803
18833
33315
33480
33481
18835
18867
33497
33498
18869
18899
33513
33514
18901
18931
33529
33530
18933
18963
33546
18965
18997
20012
34052
34070
20046
34085
34086
34087
20048
20078
34102
34103
20080
20082
20112
34119
34120
20114
20146
33955
34136
34137
20148
20180
34153
34154
20182
20212
34169
34170
20214
20244
34186
20246
20278
21259
34675
34693
21293
34708
34709
34710
21295
27719
21325
34725
34726
21327
21329
27744
21359
34742
34743
21361
27768
21393
34759
34760
21395
27793
21427
34579
34776
34777
21429
27818
21461
34793
34794
21463
28575
21493
34810
21495
28631
21527
28687
9001
9049
9081
9113
9117
9161
9165
9195
9197
9227
9229
9233
9273
9277
9281
9309
9311
9341
9343
9385
9389
9393
9423
9425
9455
9457
9497
9501
9505
9537
9539
9569
9571
9609
9613
9617
9651
9653
9683
9685
9721
9725
9729
9765
9767
9797
9799
10559
10591
10593
10623
10625
10655
10657
10687
10689
10719
10721
10751
10753
10783
10785
11527
11559
11561
11591
11593
11623
11625
11655
11657
11687
11689
11719
11721
11751
11753
11789
11793
11835
11867
11905
12771
12803
12805
12835
12837
12867
12869
12899
12901
12931
12933
12963
12965
12995
12997
13029
13735
13767
13769
13799
13801
13831
13833
13863
13865
13895
13897
13927
13929
13959
13961
13993
14295
14297
14329
16048
16050
16080
16082
16112
16114
16144
16146
16176
16178
16208
16210
16240
16242
16272
16274
17419
17453
17455
17485
17487
17517
17519
17549
17551
17581
17583
17613
17615
17645
17647
17679
18770
18804
18806
18836
18838
18840
18870
18872
18902
18904
18934
18936
18966
18968
18998
19000
19032
20049
20083
20085
20115
20117
20119
20149
20151
20183
20185
20215
20217
20247
20249
20279
20281
20313
21296
21330
21332
21362
21364
21366
21396
21398
21430
21432
21464
21466
21496
21498
21528
21530
21562
9002
28567
9050
28589
28591
9082
28606
28607
9114
28622
28623
9118
9162
28645
28647
9166
9196
28663
28664
9198
9228
28679
28680
9230
9234
9274
28701
28703
9278
9282
9310
28720
28721
9312
9342
28736
28737
9344
9386
28757
28759
9390
9394
9424
28777
28778
9426
9456
28793
28794
9458
9498
28813
28815
9502
9506
9538
28834
28835
9540
9570
28850
28851
9572
9610
28869
28871
9614
9618
9652
28891
28892
9654
9684
28907
28908
9686
9722
27662
28925
28927
9726
9730
9766
28083
28948
28949
9768
9798
28449
28964
28965
9800
10560
29346
10592
29361
29362
10594
10624
29377
29378
10626
10656
29393
29394
10658
10688
29409
29410
10690
10720
29425
29426
10722
10752
29441
29442
10754
10784
29229
29457
29458
10786
11528
29830
11560
29845
29846
11562
11592
29861
29862
11594
11624
29877
29878
11626
11656
29893
29894
11658
11688
29909
29910
11690
11720
29925
29926
11722
11752
29713
29941
29942
11754
11790
11794
11836
11868
11906
12772
30452
12804
30467
30468
12806
12836
30483
30484
12838
12868
30499
30500
12870
12900
30515
30516
12902
12932
30531
30532
12934
12964
30547
30548
12966
12996
30335
30563
30564
12998
13030
13736
30934
13768
30949
30950
13770
13800
30965
30966
13802
13832
30981
30982
13834
13864
30997
30998
13866
13896
31013
31014
13898
13928
31029
31030
13930
13960
30817
31045
31046
13962
13994
14296
31214
14298
14330
16049
32072
32090
16051
16081
32105
32106
16083
16113
32121
32122
16115
16145
32137
32138
16147
16177
32153
32154
16179
16209
32169
32170
16211
16241
32185
32186
16243
16273
31956
32202
16275
17420
32757
32775
17454
32658
32790
32791
32792
17456
17486
32807
32808
17488
17518
32823
32824
17520
17550
32839
32840
17552
17582
32855
32856
17584
17614
32871
32872
17616
17646
32888
17648
17680
18771
33432
33450
18805
33465
33466
33467
18807
18837
33333
33482
33483
18839
18841
18871
33499
33500
18873
18903
33515
33516
18905
18935
33531
33532
18937
18967
33547
33548
18969
18999
33564
19001
19033
20050
34071
34089
20084
34104
34105
34106
20086
20116
34121
34122
20118
20120
20150
33973
34138
34139
20152
20184
34155
34156
20186
20216
34171
34172
20218
20248
34187
34188
20250
20280
34204
20282
20314
21297
34694
34712
21331
34727
34728
34729
21333
27747
21363
34744
34745
21365
21367
27772
21397
34761
34762
21399
27796
21431
34597
34778
34779
21433
27821
21465
34795
34796
21467
28578
21497
34811
34812
21499
28634
21529
34828
21531
28690
21563
28746
9119
9167
9199
9231
9235
9279
9283
9313
9315
9345
9347
9351
9391
9395
9399
9427
9429
9459
9461
9503
9507
9511
9541
9543
9573
9575
9615
9619
9623
9655
9657
9687
9689
9727
9731
9735
9769
9771
9801
9803
10595
10627
10629
10659
10661
10691
10693
10723
10725
10755
10757
10787
10789
11563
11595
11597
11627
11629
11659
11661
11691
11693
11723
11725
11755
11757
11791
11795
11799
11837
11839
11869
11871
11907
11911
11953
11985
12023
12807
12839
12841
12871
12873
12903
12905
12935
12937
12967
12969
12999
13001
13031
13033
13065
13771
13803
13805
13835
13837
13867
13869
13899
13901
13931
13933
13963
13965
13995
13997
14029
14299
14301
14331
14333
14365
16052
16084
16086
16116
16118
16148
16150
16180
16182
16212
16214
16244
16246
16276
16278
16310
17457
17459
17489
17491
17521
17523
17553
17555
17585
17587
17617
17619
17649
17651
17681
17683
18808
18842
18844
18874
18876
18906
18908
18938
18940
18970
18972
19002
19004
19034
19036
19068
20087
20121
20123
20153
20155
20157
20187
20189
20219
20221
20251
20253
20283
20285
20315
20317
20349
21334
21368
21370
21400
21402
21404
21434
21436
21468
21470
21500
21502
21532
21534
21564
21566
21598
9120
28568
28626
9168
28648
28650
9200
28665
28666
9232
28681
28682
9236
9280
28704
28706
9284
9314
28722
28723
9316
9346
28738
28739
9348
9352
9392
28760
28762
9396
9400
9428
28779
28780
9430
9460
28795
28796
9462
9504
28816
28818
9508
9512
9542
28836
28837
9544
9574
28852
28853
9576
9616
28872
28874
9620
9624
9656
28893
28894
9658
9688
28909
28910
9690
9728
27690
28928
28930
9732
9736
9770
28102
28950
28951
9772
9802
28468
28966
28967
9804
10596
29347
29364
10628
29379
29380
10630
10660
29395
29396
10662
10692
29411
29412
10694
10724
29427
29428
10726
10756
29443
29444
10758
10788
29248
29459
29460
10790
11564
29831
29848
11596
29863
29864
11598
11628
29879
29880
11630
11660
29895
29896
11662
11692
29911
29912
11694
11724
29927
29928
11726
11756
29732
29943
29944
11758
11792
29962
11796
11800
11838
29985
11840
11870
30001
11872
11908
11912
11954
11986
12024
12808
30453
30470
12840
30485
30486
12842
12872
30501
30502
12874
12904
30517
30518
12906
12936
30533
30534
12938
12968
30549
30550
12970
13000
30354
30565
30566
13002
13032
30582
13034
13066
13772
30935
30952
13804
30967
30968
13806
13836
30983
30984
13838
13868
30999
31000
13870
13900
31015
31016
13902
13932
31031
31032
13934
13964
30836
31047
31048
13966
13996
31064
13998
14030
14300
31215
31216
14302
14332
31232
14334
14366
16053
32092
16085
32107
32108
16087
16117
32123
32124
16119
16149
32139
32140
16151
16181
32155
32156
16183
16213
32171
32172
16215
16245
32187
32188
16247
16277
31975
32203
32204
16279
16311
17458
32776
32794
17460
17490
32809
32810
17492
17522
32825
32826
17524
17554
32841
32842
17556
17586
32857
32858
17588
17618
32873
32874
17620
17650
32889
32890
17652
17682
32660
32906
17684
18809
33451
33469
18843
33352
33484
33485
33486
18845
18875
33501
33502
18877
18907
33517
33518
18909
18939
33533
33534
18941
18971
33549
33550
18973
19003
33565
33566
19005
19035
33582
19037
19069
20088
34090
34108
20122
34123
34124
34125
20124
20154
33991
34140
34141
20156
20158
20188
34157
34158
20190
20220
34173
34174
20222
20252
34189
34190
20254
20284
34205
34206
20286
20316
34222
20318
20350
21335
34713
34731
21369
34746
34747
34748
21371
27775
21401
34763
34764
21403
21405
27800
21435
34615
34780
34781
21437
27824
21469
34797
34798
21471
28581
21501
34813
34814
21503
28637
21533
34829
34830
21535
28693
21565
34846
21567
28749
21599
28805
9237
9285
9317
9349
9353
9397
9401
9431
9433
9463
9465
9469
9509
9513
9517
9545
9547
9577
9579
9621
9625
9629
9659
9661
9691
9693
9733
9737
9741
9773
9775
9805
9807
10631
10663
10665
10695
10697
10727
10729
10759
10761
10791
10793
11599
11631
11633
11663
11665
11695
11697
11727
11729
11759
11761
11797
11801
11805
11841
11843
11873
11875
11909
11913
11917
11955
11957
11987
11989
12025
12029
12071
12103
12843
12875
12877
12907
12909
12939
12941
12971
12973
13003
13005
13035
13037
13067
13069
13101
13807
13839
13841
13871
13873
13903
13905
13935
13937
13967
13969
13999
14001
14031
14033
14065
14303
14305
14335
14337
14367
14369
14401
16088
16120
16122
16152
16154
16184
16186
16216
16218
16248
16250
16280
16282
16312
16314
16346
17461
17493
17495
17525
17527
17557
17559
17589
17591
17621
17623
17653
17655
17685
17687
17719
18846
18848
18878
18880
18910
18912
18942
18944
18974
18976
19006
19008
19038
19040
19070
19072
20125
20159
20161
20191
20193
20223
20225
20255
20257
20287
20289
20319
20321
20351
20353
20385
21372
21406
21408
21438
21440
21442
21472
21474
21504
21506
21536
21538
21568
21570
21600
21602
21634
9238
28627
28685
9286
28707
28709
9318
28724
28725
9350
28740
28741
9354
9398
28763
28765
9402
9432
28781
28782
9434
9464
28797
28798
9466
9470
9510
28819
28821
9514
9518
9546
28838
28839
9548
9578
28854
28855
9580
9622
28875
28877
9626
9630
9660
28895
28896
9662
9692
28911
28912
9694
9734
27718
28931
28933
9738
9742
9774
28121
28952
28953
9776
9806
28487
28968
28969
9808
10632
29365
29382
10664
29397
29398
10666
10696
29413
29414
10698
10728
29429
29430
10730
10760
29445
29446
10762
10792
29267
29461
29462
10794
11600
29849
29866
11632
29881
29882
11634
11664
29897
29898
11666
11696
29913
29914
11698
11728
29929
29930
11730
11760
29751
29945
29946
11762
11798
29963
29965
11802
11806
11842
29986
29987
11844
11874
30002
30003
11876
11910
30021
11914
11918
11956
30044
11958
11988
30060
11990
12026
12030
12072
12104
12844
30471
30488
12876
30503
30504
12878
12908
30519
30520
12910
12940
30535
30536
12942
12972
30551
30552
12974
13004
30373
30567
30568
13006
13036
30583
30584
13038
13068
30600
13070
13102
13808
30953
30970
13840
30985
30986
13842
13872
31001
31002
13874
13904
31017
31018
13906
13936
31033
31034
13938
13968
30855
31049
31050
13970
14000
31065
31066
14002
14032
31082
14034
14066
14304
31217
31218
14306
14336
31233
31234
14338
14368
31250
14370
14402
16089
32093
32110
16121
32125
32126
16123
16153
32141
32142
16155
16185
32157
32158
16187
16217
32173
32174
16219
16249
32189
32190
16251
16281
31994
32205
32206
16283
16313
32222
16315
16347
17462
32796
17494
32811
32812
17496
17526
32827
32828
17528
17558
32843
32844
17560
17590
32859
32860
17592
17622
32875
32876
17624
17654
32891
32892
17656
17686
32679
32907
32908
17688
17720
18847
33470
33488
18849
18879
33503
33504
18881
18911
33519
33520
18913
18943
33535
33536
18945
18975
33551
33552
18977
19007
33567
33568
19009
19039
33583
33584
19041
19071
33354
33600
19073
20126
34109
34127
20160
34010
34142
34143
34144
20162
20192
34159
34160
20194
20224
34175
34176
20226
20256
34191
34192
20258
20288
34207
34208
20290
20320
34223
34224
20322
20352
34240
20354
20386
21373
34732
34750
21407
34765
34766
34767
21409
27803
21439
34633
34782
34783
21441
21443
27828
21473
34799
34800
21475
28584
21505
34815
34816
21507
28640
21537
34831
34832
21539
28696
21569
34847
34848
21571
28752
21601
34864
21603
28808
21635
28864
9355
9403
9435
9467
9471
9515
9519
9549
9551
9581
9583
9587
9627
9631
9635
9663
9665
9695
9697
9739
9743
9747
9777
9779
9809
9811
10667
10699
10701
10731
10733
10763
10765
10795
10797
11635
11667
11669
11699
11701
11731
11733
11763
11765
11803
11807
11811
11845
11847
11877
11879
11915
11919
11923
11959
11961
11991
11993
12027
12031
12035
12073
12075
12105
12107
12879
12911
12913
12943
12945
12975
12977
13007
13009
13039
13041
13071
13073
13103
13105
13843
13875
13877
13907
13909
13939
13941
13971
13973
14003
14005
14035
14037
14067
14069
14307
14309
14339
14341
14371
14373
14403
14405
16124
16156
16158
16188
16190
16220
16222
16252
16254
16284
16286
16316
16318
16348
16350
16382
17497
17529
17531
17561
17563
17593
17595
17625
17627
17657
17659
17689
17691
17721
17723
17755
18850
18882
18884
18914
18916
18946
18948
18978
18980
19010
19012
19042
19044
19074
19076
19108
20163
20165
20195
20197
20227
20229
20259
20261
20291
20293
20323
20325
20355
20357
20387
20389
21410
21444
21446
21476
21478
21508
21510
21540
21542
21572
21574
21604
21606
21636
21638
21670
9356
28686
28744
9404
28766
28768
9436
28783
28784
9468
28799
28800
9472
9516
28822
28824
9520
9550
28840
28841
9552
9582
28856
28857
9584
9588
9628
28878
28880
9632
9636
9664
28897
28898
9666
9696
28913
28914
9698
9740
27746
28934
28936
9744
9748
9778
28140
28954
28955
9780
9810
28506
28970
28971
9812
10668
29383
29400
10700
29415
29416
10702
10732
29431
29432
10734
10764
29447
29448
10766
10796
29286
29463
29464
10798
11636
29867
29884
11668
29899
29900
11670
11700
29915
29916
11702
11732
29931
29932
11734
11764
29770
29947
29948
11766
11804
29966
29968
11808
11812
11846
29988
29989
11848
11878
30004
30005
11880
11916
30022
30024
11920
11924
11960
30045
30046
11962
11992
30061
30062
11994
12028
30080
12032
12036
12074
30103
12076
12106
28565
30119
12108
12880
30489
30506
12912
30521
30522
12914
12944
30537
30538
12946
12976
30553
30554
12978
13008
30392
30569
30570
13010
13040
30585
30586
13042
13072
30601
30602
13074
13104
29345
30618
13106
13844
30971
30988
13876
31003
31004
13878
13908
31019
31020
13910
13940
31035
31036
13942
13972
30874
31051
31052
13974
14004
31067
31068
14006
14036
31083
31084
14038
14068
29829
31100
14070
14308
31219
31220
14310
14340
31235
31236
14342
14372
31251
31252
14374
14404
30451
30933
31268
14406
16125
32111
32128
16157
32143
32144
16159
16189
32159
32160
16191
16221
32175
32176
16223
16253
32191
32192
16255
16285
32013
32207
32208
16287
16317
32223
32224
16319
16349
32240
16351
16383
17498
32797
32814
17530
32829
32830
17532
17562
32845
32846
17564
17594
32861
32862
17596
17626
32877
32878
17628
17658
32893
32894
17660
17690
32698
32909
32910
17692
17722
32926
17724
17756
18851
33490
18883
33505
33506
18885
18915
33521
33522
18917
18947
33537
33538
18949
18979
33553
33554
18981
19011
33569
33570
19013
19043
33585
33586
19045
19075
33373
33601
33602
19077
19109
20164
34128
34146
20166
20196
34161
34162
20198
20228
34177
34178
20230
20260
34193
34194
20262
20292
34209
34210
20294
20324
34225
34226
20326
20356
34241
34242
20358
20388
34012
34258
20390
21411
34751
34769
21445
34652
34784
34785
34786
21447
27831
21477
34801
34802
21479
28587
21509
34817
34818
21511
28643
21541
34833
34834
21543
28699
21573
34849
34850
21575
28755
21605
34865
34866
21607
28811
21637
34882
21639
28867
21671
28923
9473
9521
9553
9585
9589
9633
9637
9667
9669
9699
9701
9705
9745
9749
9753
9781
9783
9813
9815
10703
10735
10737
10767
10769
10799
10801
11671
11703
11705
11735
11737
11767
11769
11809
11813
11817
11849
11851
11881
11883
11921
11925
11929
11963
11965
11995
11997
12033
12037
12041
12077
12079
12109
12111
12915
12947
12949
12979
12981
13011
13013
13043
13045
13075
13077
13107
13109
13879
13911
13913
13943
13945
13975
13977
14007
14009
14039
14041
14071
14073
14311
14313
14343
14345
14375
14377
14407
14409
16160
16192
16194
16224
16226
16256
16258
16288
16290
16320
16322
16352
16354
16384
16386
17533
17565
17567
17597
17599
17629
17631
17661
17663
17693
17695
17725
17727
17757
17759
17791
18886
18918
18920
18950
18952
18982
18984
19014
19016
19046
19048
19078
19080
19110
19112
19144
20167
20199
20201
20231
20233
20263
20265
20295
20297
20327
20329
20359
20361
20391
20393
20425
21448
21450
21480
21482
21512
21514
21544
21546
21576
21578
21608
21610
21640
21642
21672
21674
9474
28745
28803
9522
28825
28827
9554
28842
28843
9586
28858
28859
9590
9634
28881
28883
9638
9668
28899
28900
9670
9700
28915
28916
9702
9706
9746
27774
28937
28939
9750
9754
9782
28159
28956
28957
9784
9814
28525
28972
28973
9816
10704
29401
29418
10736
29433
29434
10738
10768
29449
29450
10770
10800
29305
29465
29466
10802
11672
29885
29902
11704
29917
29918
11706
11736
29933
29934
11738
11768
29789
29949
29950
11770
11810
29969
29971
11814
11818
11850
29990
29991
11852
11882
30006
30007
11884
11922
30025
30027
11926
11930
11964
30047
30048
11966
11996
30063
30064
11998
12034
30081
30083
12038
12042
12078
30104
30105
12080
12110
28624
30120
30121
12112
12916
30507
30524
12948
30539
30540
12950
12980
30555
30556
12982
13012
30411
30571
30572
13014
13044
30587
30588
13046
13076
30603
30604
13078
13108
29363
30619
30620
13110
13880
30989
31006
13912
31021
31022
13914
13944
31037
31038
13946
13976
30893
31053
31054
13978
14008
31069
31070
14010
14040
31085
31086
14042
14072
29847
31101
31102
14074
14312
31221
31222
14314
14344
31237
31238
14346
14376
31253
31254
14378
14408
30469
30951
31269
31270
14410
16161
32129
32146
16193
32161
32162
16195
16225
32177
32178
16227
16257
32193
32194
16259
16289
32032
32209
32210
16291
16321
32225
32226
16323
16353
32241
32242
16355
16385
28199
32258
16387
17534
32815
32832
17566
32847
32848
17568
17598
32863
32864
17600
17630
32879
32880
17632
17662
32895
32896
17664
17694
32717
32911
32912
17696
17726
32927
32928
17728
17758
32944
17760
17792
18887
33491
33508
18919
33523
33524
18921
18951
33539
33540
18953
18983
33555
33556
18985
19015
33571
33572
19017
19047
33587
33588
19049
19079
33392
33603
33604
19081
19111
33620
19113
19145
20168
34148
20200
34163
34164
20202
20232
34179
34180
20234
20264
34195
34196
20266
20296
34211
34212
20298
20328
34227
34228
20330
20360
34243
34244
20362
20392
34031
34259
34260
20394
20426
21449
34770
34788
21451
21481
34803
34804
21483
28590
21513
34819
34820
21515
28646
21545
34835
34836
21547
28702
21577
34851
34852
21579
28758
21609
34867
34868
21611
28814
21641
34883
34884
21643
28870
21673
34654
34900
21675
28926
9591
9639
9671
9703
9707
9751
9755
9785
9787
9817
9819
9823
10739
10771
10773
10803
10805
11707
11739
11741
11771
11773
11815
11819
11823
11853
11855
11885
11887
11927
11931
11935
11967
11969
11999
12001
12039
12043
12047
12081
12083
12113
12115
12951
12983
12985
13015
13017
13047
13049
13079
13081
13111
13113
13915
13947
13949
13979
13981
14011
14013
14043
14045
14075
14077
14315
14317
14347
14349
14379
14381
14411
14413
16196
16228
16230
16260
16262
16292
16294
16324
16326
16356
16358
16388
16390
17569
17601
17603
17633
17635
17665
17667
17697
17699
17729
17731
17761
17763
17793
17795
18922
18954
18956
18986
18988
19018
19020
19050
19052
19082
19084
19114
19116
19146
19148
19180
20203
20235
20237
20267
20269
20299
20301
20331
20333
20363
20365
20395
20397
20427
20429
20461
21452
21484
21486
21516
21518
21548
21550
21580
21582
21612
21614
21644
21646
21676
21678
21710
22139
9592
28804
28862
9640
28884
28886
9672
28901
28902
9704
28917
28918
9708
9752
27802
28940
28942
9756
9786
28178
28958
28959
9788
9818
28544
28974
28975
9820
9824
10740
29419
29436
10772
29451
29452
10774
10804
29324
29467
29468
10806
11708
29903
29920
11740
29935
29936
11742
11772
29808
29951
29952
11774
11816
29972
29974
11820
11824
11854
29992
29993
11856
11886
30008
30009
11888
11928
30028
30030
11932
11936
11968
30049
30050
11970
12000
30065
30066
12002
12040
30084
30086
12044
12048
12082
30106
30107
12084
12114
28683
30122
30123
12116
12952
30525
30542
12984
30557
30558
12986
13016
30430
30573
30574
13018
13048
30589
30590
13050
13080
30605
30606
13082
13112
29381
30621
30622
13114
13916
31007
31024
13948
31039
31040
13950
13980
30912
31055
31056
13982
14012
31071
31072
14014
14044
31087
31088
14046
14076
29865
31103
31104
14078
14316
31223
31224
14318
14348
31239
31240
14350
14380
31255
31256
14382
14412
30487
30969
31271
31272
14414
16197
32147
32164
16229
32179
32180
16231
16261
32195
32196
16263
16293
32051
32211
32212
16295
16325
32227
32228
16327
16357
32243
32244
16359
16389
28608
32259
32260
16391
17570
32833
32850
17602
32865
32866
17604
17634
32881
32882
17636
17666
32897
32898
17668
17698
32736
32913
32914
17700
17730
32929
32930
17732
17762
32945
32946
17764
17794
27833
32962
17796
18923
33509
33526
18955
33541
33542
18957
18987
33557
33558
18989
19019
33573
33574
19021
19051
33589
33590
19053
19083
33411
33605
33606
19085
19115
33621
33622
19117
19147
33638
19149
19181
20204
34149
34166
20236
34181
34182
20238
20268
34197
34198
20270
20300
34213
34214
20302
20332
34229
34230
20334
20364
34245
34246
20366
20396
34050
34261
34262
20398
20428
34278
20430
20462
21453
34790
21485
34805
34806
21487
21517
34821
34822
21519
28649
21549
34837
34838
21551
28705
21581
34853
34854
21583
28761
21613
34869
34870
21615
28817
21645
34885
34886
21647
28873
21677
34673
34901
34902
21679
28929
21711
22140
28566
9709
9757
9789
9821
9825
10775
10807
10809
11743
11775
11777
11781
11821
11825
11829
11857
11859
11889
11891
11933
11937
11941
11971
11973
12003
12005
12045
12049
12053
12085
12087
12117
12119
12987
13019
13021
13051
13053
13083
13085
13115
13117
13951
13983
13985
14015
14017
14047
14049
14079
14081
14319
14321
14351
14353
14383
14385
14415
14417
16232
16264
16266
16296
16298
16328
16330
16360
16362
16392
16394
17605
17637
17639
17669
17671
17701
17703
17733
17735
17765
17767
17797
17799
18958
18990
18992
19022
19024
19054
19056
19086
19088
19118
19120
19150
19152
19182
19184
20239
20271
20273
20303
20305
20335
20337
20367
20369
20399
20401
20431
20433
20463
20465
20497
21488
21520
21522
21552
21554
21584
21586
21616
21618
21648
21650
21680
21682
21712
21714
21746
22141
22143
22175
9710
28863
28921
9758
27830
28943
28945
9790
28197
28960
28961
9822
28563
28976
28977
9826
10776
29437
29454
10808
29343
29469
29470
10810
11744
29921
29938
11776
29827
29953
29954
11778
11782
11822
29975
29977
11826
11830
11858
29994
29995
11860
11890
30010
30011
11892
11934
30031
30033
11938
11942
11972
30051
30052
11974
12004
30067
30068
12006
12046
30087
30089
12050
12054
12086
30108
30109
12088
12118
28742
30124
30125
12120
12988
30543
30560
13020
30449
30575
30576
13022
13052
30591
30592
13054
13084
30607
30608
13086
13116
29399
30623
30624
13118
13952
31025
31042
13984
30931
31057
31058
13986
14016
31073
31074
14018
14048
31089
31090
14050
14080
29883
31105
31106
14082
14320
31225
31226
14322
14352
31241
31242
14354
14384
31257
31258
14386
14416
30505
30987
31273
31274
14418
16233
32165
32182
16265
32197
32198
16267
16297
32070
32213
32214
16299
16329
32229
32230
16331
16361
32245
32246
16363
16393
28667
32261
32262
16395
17606
32851
32868
17638
32883
32884
17640
17670
32899
32900
17672
17702
32755
32915
32916
17704
17734
32931
32932
17736
17766
32947
32948
17768
17798
28592
32963
32964
17800
18959
33527
33544
18991
33559
33560
18993
19023
33575
33576
19025
19055
33591
33592
19057
19087
33430
33607
33608
19089
19119
33623
33624
19121
19151
33639
33640
19153
19183
32091
33656
19185
20240
34167
34184
20272
34199
34200
20274
20304
34215
34216
20306
20336
34231
34232
20338
20368
34247
34248
20370
20400
34069
34263
34264
20402
20432
34279
34280
20434
20464
34296
20466
20498
21489
34791
34808
21521
34823
34824
21523
21553
34839
34840
21555
28708
21585
34855
34856
21587
28764
21617
34871
34872
21619
28820
21649
34887
34888
21651
28876
21681
34692
34903
34904
21683
28932
21713
34920
21715
21747
22142
35134
22144
28625
22176
29961
9827
10811
11779
11783
11827
11831
11861
11863
11893
11895
11899
11939
11943
11947
11975
11977
12007
12009
12051
12055
12059
12089
12091
12121
12123
13023
13025
13055
13057
13087
13089
13119
13121
13987
13989
14019
14021
14051
14053
14083
14085
14107
14323
14325
14355
14357
14387
14389
14419
14421
14501
16268
16300
16302
16332
16334
16364
16366
16396
16398
17641
17673
17675
17705
17707
17737
17739
17769
17771
17801
17803
18994
19026
19028
19058
19060
19090
19092
19122
19124
19154
19156
19186
19188
20275
20307
20309
20339
20341
20371
20373
20403
20405
20435
20437
20467
20469
20499
20501
21524
21556
21558
21588
21590
21620
21622
21652
21654
21684
21686
21716
21718
21748
21750
21782
22145
22147
22177
22179
22211
9828
28922
28980
10812
29455
29472
11780
29939
29956
11784
11828
29978
29980
11832
11862
29996
29997
11864
11894
30012
30013
11896
11900
11940
30034
30036
11944
11948
11976
30053
30054
11978
12008
30069
30070
12010
12052
30090
30092
12056
12060
12090
30110
30111
12092
12122
28801
30126
30127
12124
13024
30561
30578
13026
13056
30593
30594
13058
13088
30609
30610
13090
13120
29417
30625
30626
13122
13988
31043
31060
13990
14020
31075
31076
14022
14052
31091
31092
14054
14084
29901
31107
31108
14086
14108
14324
31227
31228
14326
14356
31243
31244
14358
14388
31259
31260
14390
14420
30523
31005
31275
31276
14422
14502
16269
32183
32200
16301
32089
32215
32216
16303
16333
32231
32232
16335
16365
32247
32248
16367
16397
28726
32263
32264
16399
17642
32869
32886
17674
32901
32902
17676
17706
32774
32917
32918
17708
17738
32933
32934
17740
17770
32949
32950
17772
17802
28651
32965
32966
17804
18995
33545
33562
19027
33577
33578
19029
19059
33593
33594
19061
19091
33449
33609
33610
19093
19123
33625
33626
19125
19155
33641
33642
19157
19187
32109
33657
33658
19189
20276
34185
34202
20308
34217
34218
20310
20340
34233
34234
20342
20372
34249
34250
20374
20404
34088
34265
34266
20406
20436
34281
34282
20438
20468
34297
34298
20470
20500
32795
34314
20502
21525
34809
34826
21557
34841
34842
21559
21589
34857
34858
21591
28767
21621
34873
34874
21623
28823
21653
34889
34890
21655
28879
21685
34711
34905
34906
21687
28935
21717
34921
34922
21719
21749
34938
21751
21783
22146
35135
35136
22148
28684
22178
35152
22180
29964
22212
30020
11785
11833
11865
11897
11901
11945
11949
11979
11981
12011
12013
12017
12057
12061
12065
12093
12095
12125
12127
13027
13059
13061
13091
13093
13123
13125
13991
14023
14025
14055
14057
14087
14089
14109
14113
14131
14147
14169
14327
14359
14361
14391
14393
14423
14425
14441
14503
14505
14521
16304
16306
16336
16338
16368
16370
16400
16402
17677
17709
17711
17741
17743
17773
17775
17805
17807
19030
19062
19064
19094
19096
19126
19128
19158
19160
19190
19192
20311
20343
20345
20375
20377
20407
20409
20439
20441
20471
20473
20503
20505
21560
21592
21594
21624
21626
21656
21658
21688
21690
21720
21722
21752
21754
21784
21786
22149
22151
22181
22183
22213
22215
22247
11786
29959
11834
29981
29983
11866
29998
29999
11898
30014
30015
11902
11946
30037
30039
11950
11980
30055
30056
11982
12012
30071
30072
12014
12018
12058
30093
30095
12062
12066
12094
30112
30113
12096
12126
28860
30128
30129
12128
13028
30580
13060
30595
30596
13062
13092
30611
30612
13094
13124
29435
30627
30628
13126
13992
31062
14024
31077
31078
14026
14056
31093
31094
14058
14088
29919
31109
31110
14090
14110
14114
14132
14148
14170
14328
31230
14360
31245
31246
14362
14392
31261
31262
14394
14424
30541
31023
31277
31278
14426
14442
14504
31318
14506
14522
16305
32201
32218
16307
16337
32233
32234
16339
16369
32249
32250
16371
16401
28785
32265
32266
16403
17678
32887
32904
17710
32793
32919
32920
17712
17742
32935
32936
17744
17774
32951
32952
17776
17806
28710
32967
32968
17808
19031
33563
33580
19063
33595
33596
19065
19095
33468
33611
33612
19097
19127
33627
33628
19129
19159
33643
33644
19161
19191
32127
33659
33660
19193
20312
34203
34220
20344
34235
34236
20346
20376
34251
34252
20378
20408
34107
34267
34268
20410
20440
34283
34284
20442
20472
34299
34300
20474
20504
32813
34315
34316
20506
21561
34827
34844
21593
34859
34860
21595
21625
34875
34876
21627
28826
21657
34891
34892
21659
28882
21689
34730
34907
34908
21691
28938
21721
34923
34924
21723
21753
34939
34940
21755
21785
33489
34956
21787
22150
35137
35138
22152
28743
22182
35153
35154
22184
29967
22214
35170
22216
30023
22248
30079
11903
11951
11983
12015
12019
12063
12067
12097
12099
12129
12131
12135
13063
13095
13097
13127
13129
14027
14059
14061
14091
14093
14111
14115
14119
14133
14135
14149
14151
14171
14175
14193
14209
14231
14363
14395
14397
14427
14429
14443
14445
14461
14507
14509
14523
14525
14541
16308
16340
16342
16372
16374
16404
16406
16422
17713
17715
17745
17747
17777
17779
17809
17811
19066
19098
19100
19130
19132
19162
19164
19194
19196
20347
20379
20381
20411
20413
20443
20445
20475
20477
20507
20509
21596
21628
21630
21660
21662
21692
21694
21724
21726
21756
21758
21788
21790
22153
22155
22185
22187
22217
22219
22249
22251
11904
29960
30018
11952
30040
30042
11984
30057
30058
12016
30073
30074
12020
12064
30096
30098
12068
12098
30114
30115
12100
12130
28919
30130
30131
12132
12136
13064
30581
30598
13096
30613
30614
13098
13128
29453
30629
30630
13130
14028
31063
31080
14060
31095
31096
14062
14092
29937
31111
31112
14094
14112
31122
14116
14120
14134
31133
14136
14150
31141
14152
14172
14176
14194
14210
14232
14364
31231
31248
14396
31263
31264
14398
14428
30559
31041
31279
31280
14430
14444
31288
14446
14462
14508
31319
31320
14510
14524
31328
14526
14542
16309
32220
16341
32235
32236
16343
16373
32251
32252
16375
16405
28844
32267
32268
16407
16423
17714
32905
32922
17716
17746
32937
32938
17748
17778
32953
32954
17780
17810
28769
32969
32970
17812
19067
33581
33598
19099
33487
33613
33614
19101
19131
33629
33630
19133
19163
33645
33646
19165
19195
32145
33661
33662
19197
20348
34221
34238
20380
34253
34254
20382
20412
34126
34269
34270
20414
20444
34285
34286
20446
20476
34301
34302
20478
20508
32831
34317
34318
20510
21597
34845
34862
21629
34877
34878
21631
21661
34893
34894
21663
28885
21693
34749
34909
34910
21695
28941
21725
34925
34926
21727
21757
34941
34942
21759
21789
33507
34957
34958
21791
22154
35139
35140
22156
28802
22186
35155
35156
22188
29970
22218
35171
35172
22220
30026
22250
34147
34789
35188
22252
30082
12021
12069
12101
12133
12137
13099
13131
13133
14063
14095
14097
14101
14117
14121
14125
14137
14139
14153
14155
14173
14177
14181
14195
14197
14211
14213
14233
14237
14255
14271
14399
14431
14433
14447
14449
14463
14465
14481
14511
14513
14527
14529
14543
14545
14561
16344
16376
16378
16408
16410
16424
16426
16442
17717
17749
17751
17781
17783
17813
17815
17831
19102
19104
19134
19136
19166
19168
19198
19200
20383
20415
20417
20447
20449
20479
20481
20511
20513
21632
21664
21666
21696
21698
21728
21730
21760
21762
21792
21794
22157
22159
22189
22191
22221
22223
22253
22255
12022
30019
30077
12070
30099
30101
12102
30116
30117
12134
28978
30132
30133
12138
13100
30599
30616
13132
29471
30631
30632
13134
14064
31081
31098
14096
29955
31113
31114
14098
14102
14118
31123
31125
14122
14126
14138
31134
31135
14140
14154
31142
31143
14156
14174
31153
14178
14182
14196
31164
14198
14212
31172
14214
14234
14238
14256
14272
14400
31249
31266
14432
30577
31059
31281
31282
14434
14448
31289
31290
14450
14464
31298
14466
14482
14512
31321
31322
14514
14528
31329
31330
14530
14544
31338
14546
14562
16345
32221
32238
16377
32253
32254
16379
16409
28903
32269
32270
16411
16425
32278
16427
16443
17718
32924
17750
32939
32940
17752
17782
32955
32956
17784
17814
28828
32971
32972
17816
17832
19103
33599
33616
19105
19135
33631
33632
19137
19167
33647
33648
19169
19199
32163
33663
33664
19201
20384
34239
34256
20416
34145
34271
34272
20418
20448
34287
34288
20450
20480
34303
34304
20482
20512
32849
34319
34320
20514
21633
34863
34880
21665
34895
34896
21667
21697
34768
34911
34912
21699
28944
21729
34927
34928
21731
21761
34943
34944
21763
21793
33525
34959
34960
21795
22158
35141
35142
22160
28861
22190
35157
35158
22192
29973
22222
35173
35174
22224
30029
22254
34165
34807
35189
35190
22256
30085
12139
13135
14099
14103
14123
14127
14141
14143
14157
14159
14163
14179
14183
14187
14199
14201
14215
14217
14235
14239
14243
14257
14259
14273
14275
14435
14437
14451
14453
14467
14469
14483
14485
14515
14517
14531
14533
14547
14549
14563
14565
14587
14773
16380
16412
16414
16428
16430
16444
16446
16462
17753
17785
17787
17817
17819
17833
17835
17851
19106
19138
19140
19170
19172
19202
19204
19220
20419
20421
20451
20453
20483
20485
20515
20517
21668
21700
21702
21732
21734
21764
21766
21796
21798
22161
22163
22193
22195
22225
22227
22257
22259
12140
30078
30136
13136
30617
30634
14100
31099
31116
14104
14124
31126
31128
14128
14142
31136
31137
14144
14158
31144
31145
14160
14164
14180
31154
31156
14184
14188
14200
31165
31166
14202
14216
31173
31174
14218
14236
31184
14240
14244
14258
31195
14260
14274
31203
14276
14436
31267
31284
14438
14452
31291
31292
14454
14468
31299
31300
14470
14484
31308
14486
14516
31323
31324
14518
14532
31331
31332
14534
14548
31339
31340
14550
14564
31348
14566
14588
14774
16381
32239
32256
16413
28962
32271
32272
16415
16429
32279
32280
16431
16445
32288
16447
16463
17754
32925
32942
17786
32957
32958
17788
17818
28887
32973
32974
17820
17834
32982
17836
17852
19107
33618
19139
33633
33634
19141
19171
33649
33650
19173
19203
32181
33665
33666
19205
19221
20420
34257
34274
20422
20452
34289
34290
20454
20484
34305
34306
20486
20516
32867
34321
34322
20518
21669
34881
34898
21701
34787
34913
34914
21703
21733
34929
34930
21735
21765
34945
34946
21767
21797
33543
34961
34962
21799
22162
35143
35144
22164
28920
22194
35159
35160
22196
29976
22226
35175
35176
22228
30032
22258
34183
34825
35191
35192
22260
30088
14105
14129
14145
14161
14165
14185
14189
14203
14205
14219
14221
14225
14241
14245
14249
14261
14263
14277
14279
14439
14455
14457
14471
14473
14487
14489
14519
14535
14537
14551
14553
14567
14569
14589
14593
14611
14627
14649
14775
14777
14793
16416
16418
16432
16434
16448
16450
16464
16466
17789
17821
17823
17837
17839
17853
17855
17871
19142
19174
19176
19206
19208
19222
19224
19240
20423
20455
20457
20487
20489
20519
20521
20537
21704
21706
21736
21738
21768
21770
21800
21802
22165
22167
22197
22199
22229
22231
22261
22263
14106
31119
14130
31129
31131
14146
31138
31139
14162
31146
31147
14166
14186
31157
31159
14190
14204
31167
31168
14206
14220
31175
31176
14222
14226
14242
31185
31187
14246
14250
14262
31196
31197
14264
14278
31204
31205
14280
14440
31286
14456
31293
31294
14458
14472
31301
31302
14474
14488
31309
31310
14490
14520
31326
14536
31333
31334
14538
14552
31341
31342
14554
14568
31349
31350
14570
14590
14594
14612
14628
14650
14776
31454
14778
14794
16417
32257
32274
16419
16433
32281
32282
16435
16449
32289
32290
16451
16465
32298
16467
17790
32943
32960
17822
28946
32975
32976
17824
17838
32983
32984
17840
17854
32992
17856
17872
19143
33619
33636
19175
33651
33652
19177
19207
32199
33667
33668
19209
19223
33676
19225
19241
20424
34276
20456
34291
34292
20458
20488
34307
34308
20490
20520
32885
34323
34324
20522
20538
21705
34899
34916
21707
21737
34931
34932
21739
21769
34947
34948
21771
21801
33561
34963
34964
21803
22166
35145
35146
22168
28979
22198
35161
35162
22200
29979
22230
35177
35178
22232
30035
22262
34201
34843
35193
35194
22264
30091
14167
14191
14207
14223
14227
14247
14251
14265
14267
14281
14283
14287
14459
14475
14477
14491
14493
14539
14555
14557
14571
14573
14591
14595
14599
14613
14615
14629
14631
14651
14655
14673
14689
14711
14779
14781
14795
14797
14813
16420
16436
16438
16452
16454
16468
16470
16486
17825
17827
17841
17843
17857
17859
17873
17875
19178
19210
19212
19226
19228
19242
19244
19260
20459
20491
20493
20523
20525
20539
20541
20557
21708
21740
21742
21772
21774
21804
21806
21822
22169
22171
22201
22203
22233
22235
22265
22267
14168
31120
31150
14192
31160
31162
14208
31169
31170
14224
31177
31178
14228
14248
31188
31190
14252
14266
31198
31199
14268
14282
31206
31207
14284
14288
14460
31287
31296
14476
31303
31304
14478
14492
31311
31312
14494
14540
31327
31336
14556
31343
31344
14558
14572
31351
31352
14574
14592
31362
14596
14600
14614
31373
14616
14630
31381
14632
14652
14656
14674
14690
14712
14780
31455
31456
14782
14796
31464
14798
14814
16421
32276
16437
32283
32284
16439
16453
32291
32292
16455
16469
32299
32300
16471
16487
17826
32961
32978
17828
17842
32985
32986
17844
17858
32993
32994
17860
17874
33002
17876
19179
33637
33654
19211
32217
33669
33670
19213
19227
33677
33678
19229
19243
33686
19245
19261
20460
34277
34294
20492
34309
34310
20494
20524
32903
34325
34326
20526
20540
34334
20542
20558
21709
34918
21741
34933
34934
21743
21773
34949
34950
21775
21805
33579
34965
34966
21807
21823
22170
35147
35148
22172
22202
35163
35164
22204
29982
22234
35179
35180
22236
30038
22266
34219
34861
35195
35196
22268
30094
14229
14253
14269
14285
14289
14479
14495
14497
14559
14575
14577
14581
14597
14601
14605
14617
14619
14633
14635
14653
14657
14661
14675
14677
14691
14693
14713
14717
14735
14751
14783
14785
14799
14801
14815
14817
14833
16440
16456
16458
16472
16474
16488
16490
16506
17829
17845
17847
17861
17863
17877
17879
17895
19214
19216
19230
19232
19246
19248
19262
19264
20495
20527
20529
20543
20545
20559
20561
20577
21744
21776
21778
21808
21810
21824
21826
21842
22173
22205
22207
22237
22239
22269
22271
22287
22604
14230
31151
31181
14254
31191
31193
14270
31200
31201
14286
31208
31209
14290
14480
31297
31306
14496
31313
31314
14498
14560
31337
31346
14576
31353
31354
14578
14582
14598
31363
31365
14602
14606
14618
31374
31375
14620
14634
31382
31383
14636
14654
31393
14658
14662
14676
31404
14678
14692
31412
14694
14714
14718
14736
14752
14784
31457
31458
14786
14800
31465
31466
14802
14816
31474
14818
14834
16441
32277
32286
16457
32293
32294
16459
16473
32301
32302
16475
16489
32310
16491
16507
17830
32980
17846
32987
32988
17848
17862
32995
32996
17864
17878
33003
33004
17880
17896
19215
33655
33672
19217
19231
33679
33680
19233
19247
33687
33688
19249
19263
33696
19265
20496
34295
34312
20528
32921
34327
34328
20530
20544
34335
34336
20546
20560
34344
20562
20578
21745
34919
34936
21777
34951
34952
21779
21809
33597
34967
34968
21811
21825
34976
21827
21843
22174
35150
22206
35165
35166
22208
22238
35181
35182
22240
30041
22270
34237
34879
35197
35198
22272
30097
22288
22605
29958
14291
14499
14579
14583
14603
14607
14621
14623
14637
14639
14643
14659
14663
14667
14679
14681
14695
14697
14715
14719
14723
14737
14739
14753
14755
14787
14789
14803
14805
14819
14821
14835
14837
14853
14875
16460
16476
16478
16492
16494
16508
16510
16526
17849
17865
17867
17881
17883
17897
17899
17915
19218
19234
19236
19250
19252
19266
19268
19284
20531
20533
20547
20549
20563
20565
20579
20581
21780
21812
21814
21828
21830
21844
21846
21862
22209
22241
22243
22273
22275
22289
22291
22307
22606
22608
22624
14292
29957
31182
31212
14500
30579
31307
31316
14580
31061
31347
31356
14584
14604
31366
31368
14608
14622
31376
31377
14624
14638
31384
31385
14640
14644
14660
31394
31396
14664
14668
14680
31405
31406
14682
14696
31413
31414
14698
14716
31424
14720
14724
14738
31435
14740
14754
31117
31443
14756
14788
31229
31459
31460
14790
14804
31467
31468
14806
14820
31475
31476
14822
14836
31285
31325
31484
14838
14854
14876
16461
32287
32296
16477
32303
32304
16479
16493
32311
32312
16495
16509
32320
16511
16527
17850
32981
32990
17866
32997
32998
17868
17882
33005
33006
17884
17898
33014
17900
17916
19219
33674
19235
33681
33682
19237
19251
33689
33690
19253
19267
33697
33698
19269
19285
20532
34313
34330
20534
20548
34337
34338
20550
20564
34345
34346
20566
20580
34354
20582
21781
34937
34954
21813
33615
34969
34970
21815
21829
34977
34978
21831
21845
34986
21847
21863
22210
35151
35168
22242
35183
35184
22244
22274
34255
34897
35199
35200
22276
30100
22290
35208
22292
22308
22607
35366
22609
30017
22625
31121
14585
14609
14625
14641
14645
14665
14669
14683
14685
14699
14701
14705
14721
14725
14729
14741
14743
14757
14759
14791
14807
14809
14823
14825
14839
14841
14855
14857
14877
14881
14899
14915
14937
16480
16482
16496
16498
16512
16514
16528
16530
17869
17885
17887
17901
17903
17917
17919
17935
19238
19254
19256
19270
19272
19286
19288
19304
20535
20551
20553
20567
20569
20583
20585
20601
21816
21818
21832
21834
21848
21850
21864
21866
22245
22277
22279
22293
22295
22309
22311
22327
22610
22612
22626
22628
22644
14586
31359
14610
30016
31369
31371
14626
30597
31378
31379
14642
31079
31386
31387
14646
14666
31397
31399
14670
14684
31407
31408
14686
14700
31415
31416
14702
14706
14722
31425
31427
14726
14730
14742
31436
31437
14744
14758
31148
31444
31445
14760
14792
31462
14808
31247
31469
31470
14810
14824
31477
31478
14826
14840
31295
31335
31485
31486
14842
14856
31494
14858
14878
14882
14900
14916
14938
16481
29473
32297
32306
16483
16497
32313
32314
16499
16513
32321
32322
16515
16529
30635
32330
16531
17870
32991
33000
17886
33007
33008
17888
17902
33015
33016
17904
17918
33024
17920
17936
19239
33675
33684
19255
33691
33692
19257
19271
33699
33700
19273
19287
33708
19289
19305
20536
34332
20552
34339
34340
20554
20568
34347
34348
20570
20584
34355
34356
20586
20602
21817
34955
34972
21819
21833
34979
34980
21835
21849
34987
34988
21851
21865
34996
21867
22246
35169
35186
22278
34273
34915
35201
35202
22280
22294
35209
35210
22296
22310
35218
22312
22328
22611
35367
35368
22613
30076
22627
35376
22629
31124
22645
31152
14647
14671
14687
14703
14707
14727
14731
14745
14747
14761
14763
14767
14811
14827
14829
14843
14845
14859
14861
14879
14883
14887
14901
14903
14917
14919
14939
14943
14961
14977
14999
16484
16500
16502
16516
16518
16532
16534
16550
17889
17891
17905
17907
17921
17923
17937
17939
19258
19274
19276
19290
19292
19306
19308
19324
20555
20571
20573
20587
20589
20603
20605
20621
21820
21836
21838
21852
21854
21868
21870
21886
22281
22283
22297
22299
22313
22315
22329
22331
22614
22616
22630
22632
22646
22648
22664
14648
31360
31390
14672
30075
31400
31402
14688
30615
31409
31410
14704
31097
31417
31418
14708
14728
31428
31430
14732
14746
31438
31439
14748
14762
31179
31446
31447
14764
14768
14812
31463
31472
14828
31265
31479
31480
14830
14844
31305
31345
31487
31488
14846
14860
31495
31496
14862
14880
31506
14884
14888
14902
31517
14904
14918
31525
14920
14940
14944
14962
14978
15000
16485
32308
16501
30000
32315
32316
16503
16517
32323
32324
16519
16533
31140
32331
32332
16535
16551
17890
28981
33001
33010
17892
17906
33017
33018
17908
17922
33025
33026
17924
17938
30137
33034
17940
19259
33685
33694
19275
33701
33702
19277
19291
33709
33710
19293
19307
33718
19309
19325
20556
34333
34342
20572
34349
34350
20574
20588
34357
34358
20590
20604
34366
20606
20622
21821
34974
21837
34981
34982
21839
21853
34989
34990
21855
21869
34997
34998
21871
21887
22282
35187
35204
22284
22298
35211
35212
22300
22314
35219
35220
22316
22330
35228
22332
22615
35369
35370
22617
30135
22631
35377
35378
22633
31127
22647
35386
22649
31155
22665
31183
14709
14733
14749
14765
14769
14831
14847
14849
14863
14865
14869
14885
14889
14893
14905
14907
14921
14923
14941
14945
14949
14963
14965
14979
14981
15001
15005
15023
15039
16504
16520
16522
16536
16538
16552
16554
16570
17893
17909
17911
17925
17927
17941
17943
17959
19278
19280
19294
19296
19310
19312
19326
19328
20575
20591
20593
20607
20609
20623
20625
20641
21840
21856
21858
21872
21874
21888
21890
21906
22285
22301
22303
22317
22319
22333
22335
22351
22618
22620
22634
22636
22650
22652
22666
22668
14710
31391
31421
14734
30134
31431
31433
14750
30633
31440
31441
14766
31115
31210
31448
31449
14770
14832
31473
31482
14848
31283
31315
31355
31489
31490
14850
14864
31497
31498
14866
14870
14886
31507
31509
14890
14894
14906
31518
31519
14908
14922
31526
31527
14924
14942
31537
14946
14950
14964
31548
14966
14980
31556
14982
15002
15006
15024
15040
16505
32309
32318
16521
30059
32325
32326
16523
16537
31171
32333
32334
16539
16553
32342
16555
16571
17894
33012
17910
29984
33019
33020
17912
17926
33027
33028
17928
17942
31132
33035
33036
17944
17960
19279
32219
33695
33704
19281
19295
33711
33712
19297
19311
33719
33720
19313
19327
32275
33728
19329
20576
34343
34352
20592
34359
34360
20594
20608
34367
34368
20610
20624
34376
20626
20642
21841
34975
34984
21857
34991
34992
21859
21873
34999
35000
21875
21889
35008
21891
21907
22286
35206
22302
35213
35214
22304
22318
35221
35222
22320
22334
35229
35230
22336
22352
22619
35371
35372
22621
22635
35379
35380
22637
31130
22651
35387
35388
22653
31158
22667
35396
22669
31186
14771
14851
14867
14871
14891
14895
14909
14911
14925
14927
14931
14947
14951
14955
14967
14969
14983
14985
15003
15007
15011
15025
15027
15041
15043
15061
15083
16524
16540
16542
16556
16558
16572
16574
16590
17913
17929
17931
17945
17947
17961
17963
17979
19282
19298
19300
19314
19316
19330
19332
19348
20595
20597
20611
20613
20627
20629
20643
20645
21860
21876
21878
21892
21894
21908
21910
21926
22305
22321
22323
22337
22339
22353
22355
22371
22622
22638
22640
22654
22656
22670
22672
22688
22941
14772
31422
31452
14852
31483
31492
14868
31499
31500
14872
14892
31510
31512
14896
14910
31520
31521
14912
14926
31528
31529
14928
14932
14948
31538
31540
14952
14956
14968
31549
31550
14970
14984
31557
31558
14986
15004
31568
15008
15012
15026
31579
15028
15042
31357
31461
31587
15044
15062
15084
16525
32319
32328
16541
30118
31202
32335
32336
16543
16557
32343
32344
16559
16573
32352
16575
16591
17914
33013
33022
17930
30043
33029
33030
17932
17946
31163
33037
33038
17948
17962
33046
17964
17980
19283
33706
19299
32237
33713
33714
19301
19315
33721
33722
19317
19331
32285
33729
33730
19333
19349
20596
32923
34353
34362
20598
20612
34369
34370
20614
20628
34377
34378
20630
20644
32979
34386
20646
21861
34985
34994
21877
35001
35002
21879
21893
35009
35010
21895
21909
35018
21911
21927
22306
35207
35216
22322
35223
35224
22324
22338
35231
35232
22340
22354
35240
22356
22372
22623
35374
22639
35381
35382
22641
22655
35389
35390
22657
31161
22671
35397
35398
22673
31189
22689
22942
31118
14873
14897
14913
14929
14933
14953
14957
14971
14973
14987
14989
14993
15009
15013
15017
15029
15031
15045
15047
15063
15065
15085
15089
15107
15129
16544
16546
16560
16562
16576
16578
16592
16594
17933
17949
17951
17965
17967
17981
17983
17999
19302
19318
19320
19334
19336
19350
19352
19368
20599
20615
20617
20631
20633
20647
20649
20665
21880
21882
21896
21898
21912
21914
21928
21930
22325
22341
22343
22357
22359
22373
22375
22391
22642
22658
22660
22674
22676
22690
22692
22708
22943
22945
22961
14874
31503
14898
31513
31515
14914
31522
31523
14930
31530
31531
14934
14954
31541
31543
14958
14972
31551
31552
14974
14988
31559
31560
14990
14994
15010
31569
31571
15014
15018
15030
31580
31581
15032
15046
31388
31471
31588
31589
15048
15064
31598
15066
15086
15090
15108
15130
16545
32329
32338
16547
16561
32345
32346
16563
16577
32353
32354
16579
16593
31317
32362
16595
17934
33023
33032
17950
30102
31194
33039
33040
17952
17966
33047
33048
17968
17982
33056
17984
18000
19303
33707
33716
19319
32255
33723
33724
19321
19335
32295
33731
33732
19337
19351
33740
19353
19369
20600
34364
20616
32941
34371
34372
20618
20632
34379
34380
20634
20648
32989
34387
34388
20650
20666
21881
33617
34995
35004
21883
21897
35011
35012
21899
21913
35019
35020
21915
21929
33673
35028
21931
22326
35217
35226
22342
35233
35234
22344
22358
35241
35242
22360
22374
35250
22376
22392
22643
35375
35384
22659
35391
35392
22661
22675
35399
35400
22677
31192
22691
35408
22693
22709
22944
35534
22946
31149
22962
31361
14935
14959
14975
14991
14995
15015
15019
15033
15035
15049
15051
15055
15067
15069
15087
15091
15095
15109
15111
15131
15135
15153
15175
16548
16564
16566
16580
16582
16596
16598
16614
17953
17955
17969
17971
17985
17987
18001
18003
19322
19338
19340
19354
19356
19370
19372
19388
20619
20635
20637
20651
20653
20667
20669
20685
21884
21900
21902
21916
21918
21932
21934
21950
22345
22347
22361
22363
22377
22379
22393
22395
22662
22678
22680
22694
22696
22710
22712
22728
22947
22949
22963
22965
22981
14936
31504
31534
14960
31544
31546
14976
31553
31554
14992
31561
31562
14996
15016
31572
31574
15020
15034
31582
31583
15036
15050
31419
31481
31590
31591
15052
15056
15068
31599
31600
15070
15088
31610
15092
15096
15110
31621
15112
15132
15136
15154
15176
16549
32340
16565
32347
32348
16567
16581
32355
32356
16583
16597
31380
32363
32364
16599
16615
17954
33033
33042
17956
17970
33049
33050
17972
17986
33057
33058
17988
18002
31213
33066
18004
19323
33717
33726
19339
32273
32305
33733
33734
19341
19355
33741
33742
19357
19371
33750
19373
19389
20620
34365
34374
20636
32959
34381
34382
20638
20652
32999
34389
34390
20654
20668
34398
20670
20686
21885
35006
21901
33635
35013
35014
21903
21917
35021
35022
21919
21933
33683
35029
35030
21935
21951
22346
34275
35227
35236
22348
22362
35243
35244
22364
22378
35251
35252
22380
22394
34331
35260
22396
22663
35385
35394
22679
35401
35402
22681
22695
35409
35410
22697
22711
35418
22713
22729
22948
35535
35536
22950
31180
22964
35544
22966
31364
22982
31392
14997
15021
15037
15053
15057
15071
15073
15077
15093
15097
15101
15113
15115
15133
15137
15141
15155
15157
15177
15181
15199
16568
16584
16586
16600
16602
16616
16618
16634
17957
17973
17975
17989
17991
18005
18007
18023
19342
19344
19358
19360
19374
19376
19390
19392
20639
20655
20657
20671
20673
20687
20689
20705
21904
21920
21922
21936
21938
21952
21954
21970
22349
22365
22367
22381
22383
22397
22399
22415
22682
22684
22698
22700
22714
22716
22730
22732
22951
22953
22967
22969
22983
22985
23001
14998
31535
31565
15022
31575
31577
15038
31584
31585
15054
31450
31491
31592
31593
15058
15072
31601
31602
15074
15078
15094
31611
31613
15098
15102
15114
31622
31623
15116
15134
31633
15138
15142
15156
31644
15158
15178
15182
15200
16569
32341
32350
16585
32357
32358
16587
16601
31411
32365
32366
16603
16617
32374
16619
16635
17958
33044
17974
33051
33052
17976
17990
33059
33060
17992
18006
31372
33067
33068
18008
18024
19343
33727
33736
19345
19359
33743
33744
19361
19375
33751
33752
19377
19391
32307
33760
19393
20640
34375
34384
20656
32977
33009
34391
34392
20658
20672
34399
34400
20674
20688
34408
20690
20706
21905
35007
35016
21921
33653
35023
35024
21923
21937
33693
35031
35032
21939
21953
35040
21955
21971
22350
35238
22366
34293
35245
35246
22368
22382
35253
35254
22384
22398
34341
35261
35262
22400
22416
22683
34917
35395
35404
22685
22699
35411
35412
22701
22715
35419
35420
22717
22731
34973
35428
22733
22952
35537
35538
22954
31211
22968
35545
35546
22970
31367
22984
35554
22986
31395
23002
31423
15059
15075
15079
15099
15103
15117
15119
15123
15139
15143
15147
15159
15161
15179
15183
15187
15201
15203
15227
16588
16604
16606
16620
16622
16636
16638
16654
17977
17993
17995
18009
18011
18025
18027
18043
19346
19362
19364
19378
19380
19394
19396
19412
20659
20661
20675
20677
20691
20693
20707
20709
21924
21940
21942
21956
21958
21972
21974
21990
22369
22385
22387
22401
22403
22417
22419
22435
22686
22702
22704
22718
22720
22734
22736
22752
22955
22957
22971
22973
22987
22989
23003
23005
15060
31566
31596
15076
31603
31604
15080
15100
31614
31616
15104
15118
31624
31625
15120
15124
15140
31634
31636
15144
15148
15160
31645
31646
15162
15180
31656
15184
15188
15202
31501
31667
15204
15228
16589
32351
32360
16605
31442
32367
32368
16607
16621
32375
32376
16623
16637
32384
16639
16655
17978
33045
33054
17994
33061
33062
17996
18010
31403
33069
33070
18012
18026
33078
18028
18044
19347
33738
19363
33745
33746
19365
19379
33753
33754
19381
19395
32317
33761
33762
19397
19413
20660
34385
34394
20662
20676
34401
34402
20678
20692
34409
34410
20694
20708
33011
34418
20710
21925
35017
35026
21941
33671
33703
35033
35034
21943
21957
35041
35042
21959
21973
35050
21975
21991
22370
35239
35248
22386
34311
35255
35256
22388
22402
34351
35263
35264
22404
22418
35272
22420
22436
22687
35406
22703
34935
35413
35414
22705
22719
35421
35422
22721
22735
34983
35429
35430
22737
22753
22956
35149
35539
35540
22958
22972
35547
35548
22974
31370
22988
35555
35556
22990
31398
23004
35205
35373
35564
23006
31426
15081
15105
15121
15125
15145
15149
15163
15165
15169
15185
15189
15193
15205
15207
15229
15233
15257
16608
16610
16624
16626
16640
16642
16656
16658
17997
18013
18015
18029
18031
18045
18047
18063
19366
19382
19384
19398
19400
19414
19416
19432
20663
20679
20681
20695
20697
20711
20713
20729
21944
21946
21960
21962
21976
21978
21992
21994
22389
22405
22407
22421
22423
22437
22439
22455
22706
22722
22724
22738
22740
22754
22756
22772
22959
22975
22977
22991
22993
23007
23009
23025
23214
15082
31607
15106
31617
31619
15122
31626
31627
15126
15146
31637
31639
15150
15164
31647
31648
15166
15170
15186
31657
31659
15190
15194
15206
31532
31668
31669
15208
15230
15234
15258
16609
32361
32370
16611
16625
32377
32378
16627
16641
32385
32386
16643
16657
31493
32394
16659
17998
33055
33064
18014
31434
33071
33072
18016
18030
33079
33080
18032
18046
33088
18048
18064
19367
33739
33748
19383
33755
33756
19385
19399
32327
33763
33764
19401
19415
33772
19417
19433
20664
34396
20680
34403
34404
20682
20696
34411
34412
20698
20712
33021
34419
34420
20714
20730
21945
35027
35036
21947
21961
35043
35044
21963
21977
35051
35052
21979
21993
33705
35060
21995
22390
35249
35258
22406
34329
34361
35265
35266
22408
22422
35273
35274
22424
22438
35282
22440
22456
22707
35407
35416
22723
34953
35423
35424
22725
22739
34993
35431
35432
22741
22755
35440
22757
22773
22960
35542
22976
35167
35549
35550
22978
22992
35557
35558
22994
31401
23008
35215
35383
35565
35566
23010
31429
23026
23215
31358
15127
15151
15167
15171
15191
15195
15209
15211
15215
15231
15235
15239
15259
15263
15287
16612
16628
16630
16644
16646
16660
16662
16678
18017
18019
18033
18035
18049
18051
18065
18067
19386
19402
19404
19418
19420
19434
19436
19452
20683
20699
20701
20715
20717
20731
20733
20749
21948
21964
21966
21980
21982
21996
21998
22014
22409
22411
22425
22427
22441
22443
22457
22459
22726
22742
22744
22758
22760
22774
22776
22792
22979
22995
22997
23011
23013
23027
23029
23045
23216
23218
23234
15128
31608
31630
15152
31640
31642
15168
31649
31650
15172
15192
31660
31662
15196
15210
31563
31670
31671
15212
15216
15232
31682
15236
15240
15260
15264
15288
16613
32372
16629
32379
32380
16631
16645
32387
32388
16647
16661
31524
32395
32396
16663
16679
18018
33065
33074
18020
18034
33081
33082
18036
18050
33089
33090
18052
18066
31453
33098
18068
19387
33749
33758
19403
32337
33765
33766
19405
19419
33773
33774
19421
19435
33782
19437
19453
20684
34397
34406
20700
34413
34414
20702
20716
33031
34421
34422
20718
20732
34430
20734
20750
21949
35038
21965
35045
35046
21967
21981
35053
35054
21983
21997
33715
35061
35062
21999
22015
22410
35259
35268
22412
22426
35275
35276
22428
22442
35283
35284
22444
22458
34363
35292
22460
22727
35417
35426
22743
34971
35003
35433
35434
22745
22759
35441
35442
22761
22775
35450
22777
22793
22980
35543
35552
22996
35185
35559
35560
22998
23012
35225
35393
35567
35568
23014
31432
23028
35576
23030
23046
23217
35670
23219
31389
23235
31505
15173
15197
15213
15217
15221
15237
15241
15245
15261
15265
15269
15289
15293
16632
16648
16650
16664
16666
16680
16682
16698
18021
18037
18039
18053
18055
18069
18071
18087
19406
19408
19422
19424
19438
19440
19454
19456
20703
20719
20721
20735
20737
20751
20753
20769
21968
21984
21986
22000
22002
22016
22018
22034
22413
22429
22431
22445
22447
22461
22463
22479
22746
22748
22762
22764
22778
22780
22794
22796
22999
23015
23017
23031
23033
23047
23049
23065
23220
23222
23236
23238
23254
15174
31631
31653
15198
31663
31665
15214
31594
31672
31673
15218
15222
15238
31683
31685
15242
15246
15262
31697
15266
15270
15290
15294
16633
32373
32382
16649
32389
32390
16651
16665
31555
32397
32398
16667
16681
32406
16683
16699
18022
33076
18038
33083
33084
18040
18054
33091
33092
18056
18070
31516
33099
33100
18072
18088
19407
33759
33768
19409
19423
33775
33776
19425
19439
33783
33784
19441
19455
32339
33792
19457
20704
34407
34416
20720
33041
34423
34424
20722
20736
34431
34432
20738
20752
34440
20754
20770
21969
35039
35048
21985
35055
35056
21987
22001
33725
35063
35064
22003
22017
35072
22019
22035
22414
35270
22430
35277
35278
22432
22446
35285
35286
22448
22462
34373
35293
35294
22464
22480
22747
35427
35436
22749
22763
35443
35444
22765
22779
35451
35452
22781
22795
35005
35460
22797
23000
35553
35562
23016
35203
35235
35403
35569
35570
23018
23032
35577
35578
23034
23048
35586
23050
23066
23221
35671
35672
23223
31420
23237
35680
23239
31508
23255
31536
15219
15223
15243
15247
15251
15267
15271
15275
15291
15295
15299
16652
16668
16670
16684
16686
16700
16702
16718
18041
18057
18059
18073
18075
18089
18091
18107
19410
19426
19428
19442
19444
19458
19460
19476
20723
20725
20739
20741
20755
20757
20771
20773
21988
22004
22006
22020
22022
22036
22038
22054
22433
22449
22451
22465
22467
22481
22483
22499
22750
22766
22768
22782
22784
22798
22800
22816
23019
23021
23035
23037
23051
23053
23067
23069
23224
23226
23240
23242
23256
23258
23274
15220
31654
31676
15224
15244
31686
31688
15248
15252
15268
31698
31700
15272
15276
15292
31712
15296
15300
16653
32383
32392
16669
31586
32399
32400
16671
16685
32407
32408
16687
16701
32416
16703
16719
18042
33077
33086
18058
33093
33094
18060
18074
31547
33101
33102
18076
18090
33110
18092
18108
19411
33770
19427
33777
33778
19429
19443
33785
33786
19445
19459
32349
33793
33794
19461
19477
20724
34417
34426
20726
20740
34433
34434
20742
20756
34441
34442
20758
20772
33043
34450
20774
21989
35049
35058
22005
33735
35065
35066
22007
22021
35073
35074
22023
22037
35082
22039
22055
22434
35271
35280
22450
35287
35288
22452
22466
34383
35295
35296
22468
22482
35304
22484
22500
22751
35438
22767
35445
35446
22769
22783
35453
35454
22785
22799
35015
35461
35462
22801
22817
23020
35563
35572
23022
23036
35579
35580
23038
23052
35587
35588
23054
23068
35237
35596
23070
23225
35673
35674
23227
31451
23241
35681
35682
23243
31511
23257
35690
23259
31539
23275
31567
15225
15249
15253
15273
15277
15281
15297
15301
15305
16672
16674
16688
16690
16704
16706
16720
16722
18061
18077
18079
18093
18095
18109
18111
18127
19430
19446
19448
19462
19464
19478
19480
19496
20727
20743
20745
20759
20761
20775
20777
20793
22008
22010
22024
22026
22040
22042
22056
22058
22453
22469
22471
22485
22487
22501
22503
22519
22770
22786
22788
22802
22804
22818
22820
22836
23023
23039
23041
23055
23057
23071
23073
23089
23228
23230
23244
23246
23260
23262
23276
23278
15226
31679
15250
31689
31691
15254
15274
31701
31703
15278
15282
15298
31713
31715
15302
15306
16673
32393
32402
16675
16689
32409
32410
16691
16705
32417
32418
16707
16721
31605
32426
16723
18062
33087
33096
18078
31578
33103
33104
18080
18094
33111
33112
18096
18110
33120
18112
18128
19431
33771
33780
19447
33787
33788
19449
19463
32359
33795
33796
19465
19479
33804
19481
19497
20728
34428
20744
34435
34436
20746
20760
34443
34444
20762
20776
33053
34451
34452
20778
20794
22009
35059
35068
22011
22025
35075
35076
22027
22041
35083
35084
22043
22057
33737
35092
22059
22454
35281
35290
22470
34393
35297
35298
22472
22486
35305
35306
22488
22502
35314
22504
22520
22771
35439
35448
22787
35455
35456
22789
22803
35025
35463
35464
22805
22819
35472
22821
22837
23024
35574
23040
35581
35582
23042
23056
35589
35590
23058
23072
35247
35597
35598
23074
23090
23229
35675
35676
23231
23245
35683
35684
23247
31514
23261
35691
35692
23263
31542
23277
35405
35541
35700
23279
31570
15255
15279
15283
15303
15307
15311
16676
16692
16694
16708
16710
16724
16726
18081
18083
18097
18099
18113
18115
18129
18131
19450
19466
19468
19482
19484
19498
19500
19516
20747
20763
20765
20779
20781
20795
20797
20813
22012
22028
22030
22044
22046
22060
22062
22078
22473
22475
22489
22491
22505
22507
22521
22523
22790
22806
22808
22822
22824
22838
22840
22856
23043
23059
23061
23075
23077
23091
23093
23109
23232
23248
23250
23264
23266
23280
23282
23298
23423
15256
31680
31694
15280
31704
31706
15284
15304
31716
31718
15308
15312
16677
32404
16693
32411
32412
16695
16709
32419
32420
16711
16725
31628
32427
32428
16727
18082
33097
33106
18084
18098
33113
33114
18100
18114
33121
33122
18116
18130
31597
33130
18132
19451
33781
33790
19467
32369
33797
33798
19469
19483
33805
33806
19485
19499
33814
19501
19517
20748
34429
34438
20764
34445
34446
20766
20780
33063
34453
34454
20782
20796
34462
20798
20814
22013
35070
22029
35077
35078
22031
22045
35085
35086
22047
22061
33747
35093
35094
22063
22079
22474
35291
35300
22476
22490
35307
35308
22492
22506
35315
35316
22508
22522
34395
35324
22524
22791
35449
35458
22807
35035
35465
35466
22809
22823
35473
35474
22825
22839
35482
22841
22857
23044
35575
35584
23060
35591
35592
23062
23076
35257
35599
35600
23078
23092
35608
23094
23110
23233
35678
23249
35685
35686
23251
23265
35693
35694
23267
31545
23281
35415
35551
35701
35702
23283
31573
23299
23424
31502
15285
15309
15313
16696
16712
16714
16728
16730
18085
18101
18103
18117
18119
18133
18135
19470
19472
19486
19488
19502
19504
19518
19520
20767
20783
20785
20799
20801
20815
20817
20833
22032
22048
22050
22064
22066
22080
22082
22098
22477
22493
22495
22509
22511
22525
22527
22543
22810
22812
22826
22828
22842
22844
22858
22860
23063
23079
23081
23095
23097
23111
23113
23129
23252
23268
23270
23284
23286
23300
23302
23318
23425
23427
23443
15286
31695
31709
15310
31719
31721
15314
16697
32405
32414
16713
32421
32422
16715
16729
31651
32429
32430
16731
18086
33108
18102
33115
33116
18104
18118
33123
33124
18120
18134
31620
33131
33132
18136
19471
33791
33800
19473
19487
33807
33808
19489
19503
33815
33816
19505
19519
32371
33824
19521
20768
34439
34448
20784
33073
34455
34456
20786
20800
34463
34464
20802
20816
34472
20818
20834
22033
35071
35080
22049
35087
35088
22051
22065
33757
35095
35096
22067
22081
35104
22083
22099
22478
35302
22494
35309
35310
22496
22510
35317
35318
22512
22526
34405
35325
35326
22528
22544
22811
35459
35468
22813
22827
35475
35476
22829
22843
35483
35484
22845
22859
35037
35492
22861
23064
35585
35594
23080
35267
35601
35602
23082
23096
35609
35610
23098
23112
35618
23114
23130
23253
35679
35688
23269
35695
35696
23271
23285
35425
35561
35703
35704
23287
31576
23301
35712
23303
23319
23426
35774
23428
31533
23444
31609
15315
16716
16732
16734
18105
18121
18123
18137
18139
19474
19490
19492
19506
19508
19522
19524
20787
20789
20803
20805
20819
20821
20835
20837
22052
22068
22070
22084
22086
22100
22102
22118
22497
22513
22515
22529
22531
22545
22547
22563
22814
22830
22832
22846
22848
22862
22864
22880
23083
23085
23099
23101
23115
23117
23131
23133
23272
23288
23290
23304
23306
23320
23322
23338
23429
23431
23445
23447
23463
15316
31710
31724
16717
32415
32424
16733
31674
32431
32432
16735
18106
33109
33118
18122
33125
33126
18124
18138
31643
33133
33134
18140
19475
33802
19491
33809
33810
19493
19507
33817
33818
19509
19523
32381
33825
33826
19525
20788
34449
34458
20790
20804
34465
34466
20806
20820
34473
34474
20822
20836
33075
34482
20838
22053
35081
35090
22069
33767
35097
35098
22071
22085
35105
35106
22087
22101
35114
22103
22119
22498
35303
35312
22514
35319
35320
22516
22530
34415
35327
35328
22532
22546
35336
22548
22564
22815
35470
22831
35477
35478
22833
22847
35485
35486
22849
22863
35047
35493
35494
22865
22881
23084
35595
35604
23086
23100
35611
35612
23102
23116
35619
35620
23118
23132
35269
35628
23134
23273
35689
35698
23289
35435
35571
35705
35706
23291
23305
35713
35714
23307
23321
35722
23323
23339
23430
35775
35776
23432
31564
23446
35784
23448
31612
23464
31632
16736
18125
18141
18143
19494
19510
19512
19526
19528
20791
20807
20809
20823
20825
20839
20841
22072
22074
22088
22090
22104
22106
22120
22122
22517
22533
22535
22549
22551
22565
22567
22583
22834
22850
22852
22866
22868
22882
22884
22900
23087
23103
23105
23119
23121
23135
23137
23153
23292
23294
23308
23310
23324
23326
23340
23342
23433
23435
23449
23451
23465
23467
23483
15317
31725
16737
32425
32434
18126
33119
33128
18142
31666
33135
33136
18144
19495
33803
33812
19511
33819
33820
19513
19527
32391
33827
33828
19529
20792
34460
20808
34467
34468
20810
20824
34475
34476
20826
20840
33085
34483
34484
20842
22073
35091
35100
22075
22089
35107
35108
22091
22105
35115
35116
22107
22121
33769
35124
22123
22518
35313
35322
22534
34425
35329
35330
22536
22550
35337
35338
22552
22566
35346
22568
22584
22835
35471
35480
22851
35487
35488
22853
22867
35057
35495
35496
22869
22883
35504
22885
22901
23088
35606
23104
35613
35614
23106
23120
35621
35622
23122
23136
35279
35629
35630
23138
23154
23293
35699
35708
23295
23309
35715
35716
23311
23325
35723
35724
23327
23341
35437
35732
23343
23434
35777
35778
23436
31595
23450
35785
35786
23452
31615
23466
35794
23468
31635
23484
31655
18145
19514
19530
19532
20811
20827
20829
20843
20845
22076
22092
22094
22108
22110
22124
22126
22537
22539
22553
22555
22569
22571
22585
22587
22854
22870
22872
22886
22888
22902
22904
22920
23107
23123
23125
23139
23141
23155
23157
23173
23296
23312
23314
23328
23330
23344
23346
23362
23437
23439
23453
23455
23469
23471
23485
23487
16738
32435
18146
33129
33138
19515
33813
33822
19531
32401
33829
33830
19533
20812
34461
34470
20828
34477
34478
20830
20844
33095
34485
34486
20846
22077
35102
22093
35109
35110
22095
22109
35117
35118
22111
22125
33779
35125
35126
22127
22538
35323
35332
22540
22554
35339
35340
22556
22570
35347
35348
22572
22586
34427
35356
22588
22855
35481
35490
22871
35067
35497
35498
22873
22887
35505
35506
22889
22903
35514
22905
22921
23108
35607
35616
23124
35623
35624
23126
23140
35289
35631
35632
23142
23156
35640
23158
23174
23297
35710
23313
35717
35718
23315
23329
35725
35726
23331
23345
35447
35733
35734
23347
23363
23438
35779
35780
23440
23454
35787
35788
23456
31618
23470
35795
35796
23472
31638
23486
35573
35677
35804
23488
31658
19534
20831
20847
20849
22096
22112
22114
22128
22130
22541
22557
22559
22573
22575
22589
22591
22874
22876
22890
22892
22906
22908
22922
22924
23127
23143
23145
23159
23161
23175
23177
23193
23316
23332
23334
23348
23350
23364
23366
23382
23441
23457
23459
23473
23475
23489
23491
23507
23568
18147
33139
19535
33823
33832
20832
34471
34480
20848
33105
34487
34488
20850
22097
35103
35112
22113
35119
35120
22115
22129
33789
35127
35128
22131
22542
35334
22558
35341
35342
22560
22574
35349
35350
22576
22590
34437
35357
35358
22592
22875
35491
35500
22877
22891
35507
35508
22893
22907
35515
35516
22909
22923
35069
35524
22925
23128
35617
35626
23144
35299
35633
35634
23146
23160
35641
35642
23162
23176
35650
23178
23194
23317
35711
35720
23333
35727
35728
23335
23349
35457
35735
35736
23351
23365
35744
23367
23383
23442
35782
23458
35789
35790
23460
23474
35797
35798
23476
31641
23490
35583
35687
35805
35806
23492
31661
23508
23569
31606
20851
22116
22132
22134
22561
22577
22579
22593
22595
22878
22894
22896
22910
22912
22926
22928
23147
23149
23163
23165
23179
23181
23195
23197
23336
23352
23354
23368
23370
23384
23386
23402
23461
23477
23479
23493
23495
23509
23511
23527
23570
23572
23588
19536
33833
20852
34481
34490
22117
35113
35122
22133
33799
35129
35130
22135
22562
35335
35344
22578
35351
35352
22580
22594
34447
35359
35360
22596
22879
35502
22895
35509
35510
22897
22911
35517
35518
22913
22927
35079
35525
35526
22929
23148
35627
35636
23150
23164
35643
35644
23166
23180
35651
35652
23182
23196
35301
35660
23198
23337
35721
35730
23353
35467
35737
35738
23355
23369
35745
35746
23371
23385
35754
23387
23403
23462
35783
35792
23478
35799
35800
23480
23494
35593
35697
35807
35808
23496
31664
23510
35816
23512
23528
23571
35846
23573
31629
23589
31681
22136
22581
22597
22599
22898
22914
22916
22930
22932
23151
23167
23169
23183
23185
23199
23201
23356
23358
23372
23374
23388
23390
23404
23406
23481
23497
23499
23513
23515
23529
23531
23547
23574
23576
23590
23592
23608
20853
34491
22137
35123
35132
22582
35345
35354
22598
34457
35361
35362
22600
22899
35503
35512
22915
35519
35520
22917
22931
35089
35527
35528
22933
23152
35638
23168
35645
35646
23170
23184
35653
35654
23186
23200
35311
35661
35662
23202
23357
35731
35740
23359
23373
35747
35748
23375
23389
35755
35756
23391
23405
35469
35764
23407
23482
35793
35802
23498
35603
35707
35809
35810
23500
23514
35817
35818
23516
23530
35826
23532
23548
23575
35847
35848
23577
31652
23591
35856
23593
31684
23609
31696
22601
22918
22934
22936
23171
23187
23189
23203
23205
23360
23376
23378
23392
23394
23408
23410
23501
23503
23517
23519
23533
23535
23549
23551
23578
23580
23594
23596
23610
23612
23628
22138
35133
22602
35355
35364
22919
35513
35522
22935
35099
35529
35530
22937
23172
35639
35648
23188
35655
35656
23190
23204
35321
35663
35664
23206
23361
35742
23377
35749
35750
23379
23393
35757
35758
23395
23409
35479
35765
35766
23411
23502
35803
35812
23504
23518
35819
35820
23520
23534
35827
35828
23536
23550
35605
35836
23552
23579
35849
35850
23581
31675
23595
35857
35858
23597
31687
23611
35866
23613
31699
23629
31711
22938
23191
23207
23209
23380
23396
23398
23412
23414
23505
23521
23523
23537
23539
23553
23555
23582
23584
23598
23600
23614
23616
23630
23632
23649
22603
35365
22939
35523
35532
23192
35649
35658
23208
35331
35665
35666
23210
23381
35743
35752
23397
35759
35760
23399
23413
35489
35767
35768
23415
23506
35814
23522
35821
35822
23524
23538
35829
35830
23540
23554
35615
35837
35838
23556
23583
35851
35852
23585
31678
23599
35859
35860
23601
31690
23615
35867
35868
23617
31702
23631
35709
35781
35876
23633
31714
23650
23211
23400
23416
23418
23525
23541
23543
23557
23559
23586
23602
23604
23618
23620
23634
23636
23651
23655
22940
35533
23212
35659
35668
23401
35753
35762
23417
35499
35769
35770
23419
23526
35815
35824
23542
35831
35832
23544
23558
35625
35839
35840
23560
23587
35854
23603
35861
35862
23605
31693
23619
35869
35870
23621
31705
23635
35719
35791
35877
35878
23637
31717
23652
23656
23420
23545
23561
23563
23606
23622
23624
23638
23640
23653
23657
23661
23674
23213
35669
23421
35763
35772
23546
35825
35834
23562
35635
35841
35842
23564
23607
35855
35864
23623
35871
35872
23625
31708
23639
35729
35801
35879
35880
23641
31720
23654
35887
23658
23662
23675
23565
23626
23642
23644
23659
23663
23667
23676
23678
23691
23422
35773
23566
35835
35844
23627
35865
35874
23643
35739
35811
35881
35882
23645
31723
23660
35888
35890
23664
23668
23677
35898
23679
23692
23646
23665
23669
23680
23682
23693
23695
23708
23567
35845
23647
35875
35884
23666
35891
35893
23670
23681
35899
35900
23683
23694
35906
23696
23709
23671
23684
23686
23697
23699
23710
23712
23725
23648
35885
23672
35894
35896
23685
35901
35902
23687
23698
35907
35908
23700
23711
35914
23713
23726
23688
23701
23703
23714
23716
23727
23729
23742
23673
35897
23689
35903
35904
23702
35909
35910
23704
23715
35915
35916
23717
23728
35922
23730
23743
23705
23718
23720
23731
23733
23744
23746
23759
23690
35905
23706
35911
35912
23719
35917
35918
23721
23732
35923
35924
23734
23745
35930
23747
23760
23722
23735
23737
23748
23750
23761
23763
23776
23707
35913
23723
35919
35920
23736
35925
35926
23738
23749
35931
35932
23751
23762
35938
23764
23777
23739
23752
23754
23765
23767
23778
23780
23793
23724
35921
23740
35927
35928
23753
35933
35934
23755
23766
35939
35940
23768
23779
35946
23781
23794
23756
23769
23771
23782
23784
23795
23797
23810
23741
35929
23757
35935
35936
23770
35941
35942
23772
23783
35947
35948
23785
23796
35954
23798
23811
23773
23786
23788
23799
23801
23812
23814
23827
23758
35937
23774
35943
35944
23787
35949
35950
23789
23800
35955
35956
23802
23813
35962
23815
23828
23790
23803
23805
23816
23818
23829
23831
23844
23861
23775
35945
23791
35951
35952
23804
35957
35958
23806
23817
35963
35964
23819
23830
35970
23832
23845
35886
23862
23807
23820
23822
23833
23835
23846
23848
23863
23867
23792
35953
23808
35959
35960
23821
35965
35966
23823
23834
35971
35972
23836
23847
35978
23849
35889
23864
23868
23824
23837
23839
23850
23852
23865
23869
23873
23886
23809
35961
23825
35967
35968
23838
35973
35974
23840
23851
35979
35980
23853
35892
23866
31677
35987
23870
23874
23887
3584
23841
23854
23856
23871
23875
23879
23888
23890
23903
3585
23826
35969
23842
35975
35976
23855
35981
35982
23857
35895
23872
31692
35988
35990
23876
23880
23889
32403
35998
23891
23904
3586
3616
3815
23858
23877
23881
23892
23894
23905
23907
23920
3587
25865
3617
3816
23843
35977
23859
35983
35984
23878
31707
35991
35993
23882
23893
32413
35999
36000
23895
23906
33107
36006
23908
23921
3588
3618
3648
3817
3821
3864
23883
23896
23898
23909
23911
23922
23924
23937
3589
25866
3619
25881
3649
3818
25980
3822
3865
23860
35985
23884
31722
35994
35996
23897
32423
36001
36002
23899
23910
33117
36007
36008
23912
23923
33801
36014
23925
23938
3620
3650
3680
3819
3823
3827
3866
3870
3913
4011
23900
23913
23915
23926
23928
23939
23941
23954
3621
25867
25882
3651
25897
3681
3820
25981
3824
25983
3828
3867
26004
3871
3914
4012
23885
35997
23901
32433
36003
36004
23914
33127
36009
36010
23916
23927
33811
36015
36016
23929
23940
34459
36022
23942
23955
3652
3682
3712
3825
3829
3833
3868
3872
3876
3915
3919
3962
4013
4017
4023
4037
23917
23930
23932
23943
23945
23956
23958
23971
3653
25883
25898
3683
25913
3713
3826
25982
25984
3830
25986
3834
3869
26005
3873
26007
3877
3916
26028
3920
3963
4014
4018
4024
4038
23902
36005
23918
33137
36011
36012
23931
33821
36017
36018
23933
23944
34469
36023
36024
23946
23957
35101
36030
23959
23972
3684
3714
3744
3831
3835
3839
3874
3878
3882
3917
3921
3925
3964
3968
4015
4019
4025
4027
4031
4039
4043
4049
4064
23934
23947
23949
23960
23962
23973
23975
23988
3685
25899
25914
3715
25929
3745
3832
25985
25987
3836
25989
3840
3875
26006
26008
3879
26010
3883
3918
26029
3922
26031
3926
3965
26052
3969
4016
26077
4020
4026
26082
4028
4032
4040
4044
4050
4065
26076
23919
36013
23935
33831
36019
36020
23948
34479
36025
36026
23950
23961
35111
36031
36032
23963
23974
35333
36038
23976
23989
3716
3746
3776
3837
3841
3845
3880
3884
3888
3923
3927
3931
3966
3970
3974
4021
4029
4033
4041
4045
4051
4053
4057
4066
4068
4076
23951
23964
23966
23977
23979
23990
23992
24005
3717
25915
25930
3747
25945
3777
3838
25988
25990
3842
25992
3846
3881
26009
26011
3885
26013
3889
3924
26030
26032
3928
26034
3932
3967
25864
26053
3971
26055
3975
4022
26078
26080
4030
26083
26084
4034
4042
26090
4046
4052
25713
26095
4054
4058
4067
26102
4069
26079
4077
26089
23936
36021
23952
34489
36027
36028
23965
35121
36033
36034
23967
23978
35343
36039
36040
23980
23991
35501
36046
23993
24006
3748
3778
3808
3843
3847
3851
3886
3890
3894
3929
3933
3937
3972
3976
3980
4035
4047
4055
4059
4070
4072
4078
4080
23968
23981
23983
23994
23996
24007
24009
24022
3749
25931
25946
3779
25961
3809
3844
25991
25993
3848
25995
3852
3887
26012
26014
3891
26016
3895
3930
26033
26035
3934
26037
3938
3973
25880
26054
26056
3977
26058
3981
4036
26087
4048
26091
26093
4056
25719
26096
26097
4060
4071
26103
26104
4073
4079
25376
25687
26108
4081
26092
23953
36029
23969
35131
36035
36036
23982
35353
36041
36042
23984
23995
35511
36047
36048
23997
24008
35637
36054
24010
24023
3780
3810
3849
3853
3857
3892
3896
3900
3935
3939
3943
3978
3982
3986
4061
4074
4082
4084
4089
4098
23985
23998
24000
24011
24013
24024
24026
24039
3781
25947
25962
3811
25977
3850
25994
25996
3854
25998
3858
3893
26015
26017
3897
26019
3901
3936
26036
26038
3940
26040
3944
3979
25896
26057
26059
3983
26061
3987
4062
26088
26100
4075
26106
4083
25702
25706
26109
26110
4085
4090
26086
4099
23970
36037
23986
35363
36043
36044
23999
35521
36049
36050
24001
24012
35647
36055
36056
24014
24025
35741
36062
24027
24040
3812
3855
3859
3898
3902
3906
3941
3945
3949
3984
3988
3992
4086
4091
4093
4100
4104
24002
24015
24017
24028
24030
24041
24043
24056
3813
25963
25978
3856
25997
25999
3860
26001
3899
26018
26020
3903
26022
3907
3942
26039
26041
3946
26043
3950
3985
25912
26060
26062
3989
26064
3993
4063
26101
4087
26107
26112
4092
26114
4094
26099
4101
4105
23987
36045
24003
35531
36051
36052
24016
35657
36057
36058
24018
24029
35751
36063
36064
24031
24042
35813
36070
24044
24057
35986
3861
3904
3908
3947
3951
3955
3990
3994
3998
4095
4102
4106
4111
24019
24032
24034
24045
24047
24058
24060
3814
25979
3862
26000
26002
3905
26021
26023
3909
26025
3948
26042
26044
3952
26046
3956
3991
25928
26063
26065
3995
26067
3999
4088
26113
4096
26115
26116
4103
26119
4107
4112
24004
36053
24020
35667
36059
36060
24033
35761
36065
36066
24035
24046
35823
36071
36072
24048
24059
35853
36078
24061
35989
3910
3953
3957
3996
4000
4004
4108
4113
4115
4120
24036
24049
24051
24062
24064
3863
26003
3911
26024
26026
3954
26045
26047
3958
26049
3997
25944
26066
26068
4001
26070
4005
4097
26117
4109
26120
26122
4114
26085
26124
4116
4121
26118
24021
36061
24037
35771
36067
36068
24050
35833
36073
36074
24052
24063
35863
36079
36080
24065
35992
3959
4002
4006
4117
4122
4124
24053
24066
24068
3912
26027
3960
26048
26050
4003
25960
26069
26071
4007
26073
4110
26123
4118
26098
26125
26126
4123
26081
26105
26128
4125
26121
24038
36069
24054
35843
36075
36076
24067
35873
36081
36082
24069
35995
4008
4126
24070
3961
26051
4009
25976
26072
26074
4119
26127
4127
26094
26111
26129
26130
24055
36077
24071
35883
36083
36084
4010
26075
4128
26131
24072
36085
