4
5
0
2
6
10
12
14
20
26
28
30
36
38
40
62
64
66
72
74
76
100
102
104
110
112
114
152
154
156
162
164
166
208
210
212
218
220
222
258
260
262
268
270
272
324
326
328
334
336
338
374
376
378
384
386
388
442
444
446
452
454
456
492
494
496
502
504
506
564
566
568
574
576
578
614
616
618
624
626
628
690
692
694
700
702
704
740
742
744
750
752
754
810
812
814
820
822
824
860
862
864
870
872
874
956
958
960
966
968
970
1006
1008
1010
1016
1018
1020
1076
1078
1080
1086
1088
1090
1126
1128
1130
1136
1138
1140
1200
1202
1204
1210
1212
1214
1250
1252
1254
1260
1262
1264
1320
1322
1324
1330
1332
1334
1370
1372
1374
1380
1382
1384
1492
1494
1496
1502
1504
1506
1542
1544
1546
1552
1554
1556
1612
1614
1616
1622
1624
1626
1662
1664
1666
1672
1674
1676
1736
1738
1740
1746
1748
1750
1786
1788
1790
1796
1798
1800
1856
1858
1860
1866
1868
1870
1906
1908
1910
1916
1918
1920
1996
1998
2000
2006
2008
2010
2046
2048
2050
2056
2058
2060
2116
2118
2120
2126
2128
2130
2166
2168
2170
2176
2178
2180
2240
2242
2244
2250
2252
2254
2290
2292
2294
2300
2302
2304
2360
2362
2364
2370
2372
2374
2410
2412
2414
2420
2422
2424
2608
2610
2612
2618
2620
2622
2658
2660
2662
2668
2670
2672
2728
2730
2732
2738
2740
2742
2778
2780
2782
2788
2790
2792
2852
2854
2856
2862
2864
2866
2902
2904
2906
2912
2914
2916
2972
2974
2976
2982
2984
2986
1
3
7
11
13
15
21
27
29
31
37
39
41
63
65
67
73
75
77
101
103
105
111
113
115
153
155
157
163
165
167
209
211
213
219
221
223
259
261
263
269
271
273
325
327
329
335
337
339
375
377
379
385
387
389
443
445
447
453
455
457
493
495
497
503
505
507
565
567
569
575
577
579
615
617
619
625
627
629
691
693
695
701
703
705
741
743
745
751
753
755
811
813
815
821
823
825
861
863
865
871
873
875
957
959
961
967
969
971
1007
1009
1011
1017
1019
1021
1077
1079
1081
1087
1089
1091
1127
1129
1131
1137
1139
1141
1201
1203
1205
1211
1213
1215
1251
1253
1255
1261
1263
1265
1321
1323
1325
1331
1333
1335
1371
1373
1375
1381
1383
1385
1493
1495
1497
1503
1505
1507
1543
1545
1547
1553
1555
1557
1613
1615
1617
1623
1625
1627
1663
1665
1667
1673
1675
1677
1737
1739
1741
1747
1749
1751
1787
1789
1791
1797
1799
1801
1857
1859
1861
1867
1869
1871
1907
1909
1911
1917
1919
1921
1997
1999
2001
2007
2009
2011
2047
2049
2051
2057
2059
2061
2117
2119
2121
2127
2129
2131
2167
2169
2171
2177
2179
2181
2241
2243
2245
2251
2253
2255
2291
2293
2295
2301
2303
2305
2361
2363
2365
2371
2373
2375
2411
2413
2415
2421
2423
2425
2609
2611
2613
2619
2621
2623
2659
2661
2663
2669
2671
2673
2729
2731
2733
2739
2741
2743
2779
2781
2783
2789
2791
2793
2853
2855
2857
2863
2865
2867
2903
2905
2907
2913
2915
2917
2973
2975
2977
2983
2985
2987
8
18
34
44
50
70
80
108
118
160
170
216
226
266
276
332
342
382
392
450
460
500
510
572
582
622
632
698
708
748
758
818
828
868
878
964
974
1014
1024
1084
1094
1134
1144
1208
1218
1258
1268
1328
1338
1378
1388
1500
1510
1550
1560
1620
1630
1670
1680
1744
1754
1794
1804
1864
1874
1914
1924
2004
2014
2054
2064
2124
2134
2174
2184
2248
2258
2298
2308
2368
2378
2418
2428
2616
2626
2666
2676
2736
2746
2786
2796
2860
2870
2910
2920
2980
2990
9
24073
24074
24076
16
17
19
24078
24079
24080
24081
32
33
35
24086
24087
24088
24089
42
43
45
24091
24092
24093
24094
68
69
51
71
24104
24105
24106
24107
78
79
81
24109
24110
24111
24112
106
107
109
24123
24124
24125
24126
116
117
119
24128
24129
24130
24131
158
159
161
24149
24150
24151
24152
168
169
171
24154
24155
24156
24157
214
215
217
24177
24178
24179
24180
224
225
227
24182
24183
24184
24185
264
265
267
24202
24203
24204
24205
274
275
277
24207
24208
24209
24210
330
331
333
24235
24236
24237
24238
340
341
343
24240
24241
24242
24243
380
381
383
24260
24261
24262
24263
390
391
393
24265
24266
24267
24268
448
449
451
24294
24295
24296
24297
458
459
461
24299
24300
24301
24302
498
499
501
24319
24320
24321
24322
508
509
511
24324
24325
24326
24327
570
571
573
24355
24356
24357
24358
580
581
583
24360
24361
24362
24363
620
621
623
24380
24381
24382
24383
630
631
633
24385
24386
24387
24388
696
697
699
24418
24419
24420
24421
706
707
709
24423
24424
24425
24426
746
747
749
24443
24444
24445
24446
756
757
759
24448
24449
24450
24451
816
817
819
24478
24479
24480
24481
826
827
829
24483
24484
24485
24486
866
867
869
24503
24504
24505
24506
876
877
879
24508
24509
24510
24511
962
963
965
24551
24552
24553
24554
972
973
975
24556
24557
24558
24559
1012
1013
1015
24576
24577
24578
24579
1022
1023
1025
24581
24582
24583
24584
1082
1083
1085
24611
24612
24613
24614
1092
1093
1095
24616
24617
24618
24619
1132
1133
1135
24636
24637
24638
24639
1142
1143
1145
24641
24642
24643
24644
1206
1207
1209
24673
24674
24675
24676
1216
1217
1219
24678
24679
24680
24681
1256
1257
1259
24698
24699
24700
24701
1266
1267
1269
24703
24704
24705
24706
1326
1327
1329
24733
24734
24735
24736
1336
1337
1339
24738
24739
24740
24741
1376
1377
1379
24758
24759
24760
24761
1386
1387
1389
24763
24764
24765
24766
1498
1499
1501
24819
24820
24821
24822
1508
1509
1511
24824
24825
24826
24827
1548
1549
1551
24844
24845
24846
24847
1558
1559
1561
24849
24850
24851
24852
1618
1619
1621
24879
24880
24881
24882
1628
1629
1631
24884
24885
24886
24887
1668
1669
1671
24904
24905
24906
24907
1678
1679
1681
24909
24910
24911
24912
1742
1743
1745
24941
24942
24943
24944
1752
1753
1755
24946
24947
24948
24949
1792
1793
1795
24966
24967
24968
24969
1802
1803
1805
24971
24972
24973
24974
1862
1863
1865
25001
25002
25003
25004
1872
1873
1875
25006
25007
25008
25009
1912
1913
1915
25026
25027
25028
25029
1922
1923
1925
25031
25032
25033
25034
2002
2003
2005
25071
25072
25073
25074
2012
2013
2015
25076
25077
25078
25079
2052
2053
2055
25096
25097
25098
25099
2062
2063
2065
25101
25102
25103
25104
2122
2123
2125
25131
25132
25133
25134
2132
2133
2135
25136
25137
25138
25139
2172
2173
2175
25156
25157
25158
25159
2182
2183
2185
25161
25162
25163
25164
2246
2247
2249
25193
25194
25195
25196
2256
2257
2259
25198
25199
25200
25201
2296
2297
2299
25218
25219
25220
25221
2306
2307
2309
25223
25224
25225
25226
2366
2367
2369
25253
25254
25255
25256
2376
2377
2379
25258
25259
25260
25261
2416
2417
2419
25278
25279
25280
25281
2426
2427
2429
25283
25284
25285
25286
2614
2615
2617
25377
25378
25379
25380
2624
2625
2627
25382
25383
25384
25385
2664
2665
2667
25402
25403
25404
25405
2674
2675
2677
25407
25408
25409
25410
2734
2735
2737
25437
25438
25439
25440
2744
2745
2747
25442
25443
25444
25445
2784
2785
2787
25462
25463
25464
25465
2794
2795
2797
25467
25468
25469
25470
2858
2859
2861
25499
25500
25501
25502
2868
2869
2871
25504
25505
25506
25507
2908
2909
2911
25524
25525
25526
25527
2918
2919
2921
25529
25530
25531
25532
2978
2979
2981
25559
25560
25561
25562
2988
2989
24075
2991
25564
25565
25566
25567
22
23
24
48
56
84
122
174
230
280
346
396
464
514
586
636
712
762
832
882
978
1028
1098
1148
1222
1272
1342
1392
1514
1564
1634
1684
1758
1808
1878
1928
2018
2068
2138
2188
2262
2312
2382
2432
2630
2680
2750
2800
2874
2924
2994
25
24084
46
47
49
24096
82
83
57
85
24114
120
121
123
24133
172
173
175
24159
228
229
231
24187
278
279
281
24212
344
345
347
24245
394
395
397
24270
462
463
465
24304
512
513
515
24329
584
585
587
24365
634
635
637
24390
710
711
713
24428
760
761
763
24453
830
831
833
24488
880
881
883
24513
976
977
979
24561
1026
1027
1029
24586
1096
1097
1099
24621
1146
1147
1149
24646
1220
1221
1223
24683
1270
1271
1273
24708
1340
1341
1343
24743
1390
1391
1393
24768
1512
1513
1515
24829
1562
1563
1565
24854
1632
1633
1635
24889
1682
1683
1685
24914
1756
1757
1759
24951
1806
1807
1809
24976
1876
1877
1879
25011
1926
1927
1929
25036
2016
2017
2019
25081
2066
2067
2069
25106
2136
2137
2139
25141
2186
2187
2189
25166
2260
2261
2263
25203
2310
2311
2313
25228
2380
2381
2383
25263
2430
2431
2433
25288
2628
2629
2631
25387
2678
2679
2681
25412
2748
2749
2751
25447
2798
2799
2801
25472
2872
2873
2875
25509
2922
2923
2925
25534
2992
2993
24083
2995
25569
52
53
54
88
94
126
178
234
284
350
400
468
518
590
640
716
766
836
886
982
1032
1102
1152
1226
1276
1346
1396
1518
1568
1638
1688
1762
1812
1882
1932
2022
2072
2142
2192
2266
2316
2386
2436
2634
2684
2754
2804
2878
2928
2998
3024
55
24099
86
87
89
24085
24116
124
125
95
127
24097
24135
176
177
179
24115
24161
232
233
235
24134
24189
282
283
285
24160
24214
348
349
351
24188
24247
398
399
401
24213
24272
466
467
469
24246
24306
516
517
519
24271
24331
588
589
591
24305
24367
638
639
641
24330
24392
714
715
717
24366
24430
764
765
767
24391
24455
834
835
837
24429
24490
884
885
887
24454
24515
980
981
983
24489
24563
1030
1031
1033
24514
24588
1100
1101
1103
24562
24623
1150
1151
1153
24587
24648
1224
1225
1227
24622
24685
1274
1275
1277
24647
24710
1344
1345
1347
24684
24745
1394
1395
1397
24709
24770
1516
1517
1519
24744
24831
1566
1567
1569
24769
24856
1636
1637
1639
24830
24891
1686
1687
1689
24855
24916
1760
1761
1763
24890
24953
1810
1811
1813
24915
24978
1880
1881
1883
24952
25013
1930
1931
1933
24977
25038
2020
2021
2023
25012
25083
2070
2071
2073
25037
25108
2140
2141
2143
25082
25143
2190
2191
2193
25107
25168
2264
2265
2267
25142
25205
2314
2315
2317
25167
25230
2384
2385
2387
25204
25265
2434
2435
2437
25229
25290
2632
2633
2635
25264
25389
2682
2683
2685
25289
25414
2752
2753
2755
25388
25449
2802
2803
2805
25413
25474
2876
2877
2879
25448
25511
2926
2927
2929
25473
25536
2996
2997
2999
25510
25571
3022
3023
24098
3025
25535
25570
25584
58
59
60
92
130
136
182
238
288
354
404
472
522
594
644
720
770
840
890
986
1036
1106
1156
1230
1280
1350
1400
1522
1572
1642
1692
1766
1816
1886
1936
2026
2076
2146
2196
2270
2320
2390
2440
2638
2688
2758
2808
2882
2932
3002
3028
61
24077
24082
24100
24102
90
91
93
24090
24095
24117
24118
128
129
131
24108
24113
24136
24137
180
181
137
183
24127
24132
24162
24163
236
237
239
24153
24158
24190
24191
286
287
289
24181
24186
24215
24216
352
353
355
24206
24211
24248
24249
402
403
405
24239
24244
24273
24274
470
471
473
24264
24269
24307
24308
520
521
523
24298
24303
24332
24333
592
593
595
24323
24328
24368
24369
642
643
645
24359
24364
24393
24394
718
719
721
24384
24389
24431
24432
768
769
771
24422
24427
24456
24457
838
839
841
24447
24452
24491
24492
888
889
891
24482
24487
24516
24517
984
985
987
24507
24512
24564
24565
1034
1035
1037
24555
24560
24589
24590
1104
1105
1107
24580
24585
24624
24625
1154
1155
1157
24615
24620
24649
24650
1228
1229
1231
24640
24645
24686
24687
1278
1279
1281
24677
24682
24711
24712
1348
1349
1351
24702
24707
24746
24747
1398
1399
1401
24737
24742
24771
24772
1520
1521
1523
24762
24767
24832
24833
1570
1571
1573
24823
24828
24857
24858
1640
1641
1643
24848
24853
24892
24893
1690
1691
1693
24883
24888
24917
24918
1764
1765
1767
24908
24913
24954
24955
1814
1815
1817
24945
24950
24979
24980
1884
1885
1887
24970
24975
25014
25015
1934
1935
1937
25005
25010
25039
25040
2024
2025
2027
25030
25035
25084
25085
2074
2075
2077
25075
25080
25109
25110
2144
2145
2147
25100
25105
25144
25145
2194
2195
2197
25135
25140
25169
25170
2268
2269
2271
25160
25165
25206
25207
2318
2319
2321
25197
25202
25231
25232
2388
2389
2391
25222
25227
25266
25267
2438
2439
2441
25257
25262
25291
25292
2636
2637
2639
25282
25287
25390
25391
2686
2687
2689
25381
25386
25415
25416
2756
2757
2759
25406
25411
25450
25451
2806
2807
2809
25441
25446
25475
25476
2880
2881
2883
25466
25471
25512
25513
2930
2931
2933
25503
25508
25537
25538
3000
3001
3003
25528
25533
25572
25573
3026
3027
24101
3029
25563
25568
25585
25586
96
97
98
134
146
186
242
292
358
408
476
526
598
648
724
774
844
894
990
1040
1110
1160
1234
1284
1354
1404
1526
1576
1646
1696
1770
1820
1890
1940
2030
2080
2150
2200
2274
2324
2394
2444
2642
2692
2762
2812
2886
2936
3006
3032
3090
99
24121
132
133
135
24139
184
185
147
187
24165
240
241
243
24193
290
291
293
24218
356
357
359
24251
406
407
409
24276
474
475
477
24310
524
525
527
24335
596
597
599
24371
646
647
649
24396
722
723
725
24434
772
773
775
24459
842
843
845
24494
892
893
895
24519
988
989
991
24567
1038
1039
1041
24592
1108
1109
1111
24627
1158
1159
1161
24652
1232
1233
1235
24689
1282
1283
1285
24714
1352
1353
1355
24749
1402
1403
1405
24774
1524
1525
1527
24835
1574
1575
1577
24860
1644
1645
1647
24895
1694
1695
1697
24920
1768
1769
1771
24957
1818
1819
1821
24982
1888
1889
1891
25017
1938
1939
1941
25042
2028
2029
2031
25087
2078
2079
2081
25112
2148
2149
2151
25147
2198
2199
2201
25172
2272
2273
2275
25209
2322
2323
2325
25234
2392
2393
2395
25269
2442
2443
2445
25294
2640
2641
2643
25393
2690
2691
2693
25418
2760
2761
2763
25453
2810
2811
2813
25478
2884
2885
2887
25515
2934
2935
2937
25540
3004
3005
3007
25575
3030
3031
3033
25588
3088
3089
24120
3091
25617
138
139
140
142
144
190
192
194
196
202
246
248
250
252
296
298
300
302
362
364
366
368
412
414
416
418
480
482
484
486
530
532
534
536
602
604
606
608
652
654
656
658
728
730
732
734
778
780
782
784
848
850
852
854
898
900
902
904
994
996
998
1000
1044
1046
1048
1050
1114
1116
1118
1120
1164
1166
1168
1170
1238
1240
1242
1244
1288
1290
1292
1294
1358
1360
1362
1364
1408
1410
1412
1414
1530
1532
1534
1536
1580
1582
1584
1586
1650
1652
1654
1656
1700
1702
1704
1706
1774
1776
1778
1780
1824
1826
1828
1830
1894
1896
1898
1900
1944
1946
1948
1950
2034
2036
2038
2040
2084
2086
2088
2090
2154
2156
2158
2160
2204
2206
2208
2210
2278
2280
2282
2284
2328
2330
2332
2334
2398
2400
2402
2404
2448
2450
2452
2454
2646
2648
2650
2652
2696
2698
2700
2702
2766
2768
2770
2772
2816
2818
2820
2822
2890
2892
2894
2896
2940
2942
2944
2946
3010
3012
3014
3016
3036
3038
3040
3042
3094
3096
3098
3100
3108
3110
3112
141
24103
24142
188
189
143
145
191
24119
24122
24167
244
245
193
195
197
203
247
24138
24140
24195
294
295
249
251
253
297
24164
24166
24220
360
361
299
301
303
363
24192
24194
24253
410
411
365
367
369
413
24217
24219
24278
478
479
415
417
419
481
24250
24252
24312
528
529
483
485
487
531
24275
24277
24337
600
601
533
535
537
603
24309
24311
24373
650
651
605
607
609
653
24334
24336
24398
726
727
655
657
659
729
24370
24372
24436
776
777
731
733
735
779
24395
24397
24461
846
847
781
783
785
849
24433
24435
24496
896
897
851
853
855
899
24458
24460
24521
992
993
901
903
905
995
24493
24495
24569
1042
1043
997
999
1001
1045
24518
24520
24594
1112
1113
1047
1049
1051
1115
24566
24568
24629
1162
1163
1117
1119
1121
1165
24591
24593
24654
1236
1237
1167
1169
1171
1239
24626
24628
24691
1286
1287
1241
1243
1245
1289
24651
24653
24716
1356
1357
1291
1293
1295
1359
24688
24690
24751
1406
1407
1361
1363
1365
1409
24713
24715
24776
1528
1529
1411
1413
1415
1531
24748
24750
24837
1578
1579
1533
1535
1537
1581
24773
24775
24862
1648
1649
1583
1585
1587
1651
24834
24836
24897
1698
1699
1653
1655
1657
1701
24859
24861
24922
1772
1773
1703
1705
1707
1775
24894
24896
24959
1822
1823
1777
1779
1781
1825
24919
24921
24984
1892
1893
1827
1829
1831
1895
24956
24958
25019
1942
1943
1897
1899
1901
1945
24981
24983
25044
2032
2033
1947
1949
1951
2035
25016
25018
25089
2082
2083
2037
2039
2041
2085
25041
25043
25114
2152
2153
2087
2089
2091
2155
25086
25088
25149
2202
2203
2157
2159
2161
2205
25111
25113
25174
2276
2277
2207
2209
2211
2279
25146
25148
25211
2326
2327
2281
2283
2285
2329
25171
25173
25236
2396
2397
2331
2333
2335
2399
25208
25210
25271
2446
2447
2401
2403
2405
2449
25233
25235
25296
2644
2645
2451
2453
2455
2647
25268
25270
25395
2694
2695
2649
2651
2653
2697
25293
25295
25420
2764
2765
2699
2701
2703
2767
25392
25394
25455
2814
2815
2769
2771
2773
2817
25417
25419
25480
2888
2889
2819
2821
2823
2891
25452
25454
25517
2938
2939
2893
2895
2897
2941
25477
25479
25542
3008
3009
2943
2945
2947
3011
25514
25516
25577
3034
3035
3013
3015
3017
3037
25539
25541
25590
3092
3093
3039
3041
3043
3095
25574
25576
25619
3106
3107
24141
3097
3099
3101
3109
25587
25589
25618
25626
148
149
3111
3113
150
200
256
306
312
372
422
490
540
612
662
738
788
858
908
1004
1054
1124
1174
1248
1298
1368
1418
1540
1590
1660
1710
1784
1834
1904
1954
2044
2094
2164
2214
2288
2338
2408
2458
2656
2706
2776
2826
2900
2950
3020
3046
3104
3116
151
24143
24144
24145
24147
198
199
201
24168
24169
24170
24171
24172
254
255
257
24196
24197
24198
24199
24200
304
305
307
24221
24222
24223
24224
24225
370
371
313
373
24254
24255
24256
24257
24258
420
421
423
24279
24280
24281
24282
24283
488
489
491
24313
24314
24315
24316
24317
538
539
541
24338
24339
24340
24341
24342
610
611
613
24374
24375
24376
24377
24378
660
661
663
24399
24400
24401
24402
24403
736
737
739
24437
24438
24439
24440
24441
786
787
789
24462
24463
24464
24465
24466
856
857
859
24497
24498
24499
24500
24501
906
907
909
24522
24523
24524
24525
24526
1002
1003
1005
24570
24571
24572
24573
24574
1052
1053
1055
24595
24596
24597
24598
24599
1122
1123
1125
24630
24631
24632
24633
24634
1172
1173
1175
24655
24656
24657
24658
24659
1246
1247
1249
24692
24693
24694
24695
24696
1296
1297
1299
24717
24718
24719
24720
24721
1366
1367
1369
24752
24753
24754
24755
24756
1416
1417
1419
24777
24778
24779
24780
24781
1538
1539
1541
24838
24839
24840
24841
24842
1588
1589
1591
24863
24864
24865
24866
24867
1658
1659
1661
24898
24899
24900
24901
24902
1708
1709
1711
24923
24924
24925
24926
24927
1782
1783
1785
24960
24961
24962
24963
24964
1832
1833
1835
24985
24986
24987
24988
24989
1902
1903
1905
25020
25021
25022
25023
25024
1952
1953
1955
25045
25046
25047
25048
25049
2042
2043
2045
25090
25091
25092
25093
25094
2092
2093
2095
25115
25116
25117
25118
25119
2162
2163
2165
25150
25151
25152
25153
25154
2212
2213
2215
25175
25176
25177
25178
25179
2286
2287
2289
25212
25213
25214
25215
25216
2336
2337
2339
25237
25238
25239
25240
25241
2406
2407
2409
25272
25273
25274
25275
25276
2456
2457
2459
25297
25298
25299
25300
25301
2654
2655
2657
25396
25397
25398
25399
25400
2704
2705
2707
25421
25422
25423
25424
25425
2774
2775
2777
25456
25457
25458
25459
25460
2824
2825
2827
25481
25482
25483
25484
25485
2898
2899
2901
25518
25519
25520
25521
25522
2948
2949
2951
25543
25544
25545
25546
25547
3018
3019
3021
25578
25579
25580
25581
25582
3044
3045
3047
25591
25592
25593
25594
25595
3102
3103
3105
25620
25621
25622
25623
25624
3114
3115
24146
3117
25627
25628
25629
25630
204
205
206
310
318
426
544
666
792
912
1058
1178
1302
1422
1594
1714
1838
1958
2098
2218
2342
2462
2710
2830
2954
3050
3120
207
24175
308
309
311
24227
424
425
319
427
24285
542
543
545
24344
664
665
667
24405
790
791
793
24468
910
911
913
24528
1056
1057
1059
24601
1176
1177
1179
24661
1300
1301
1303
24723
1420
1421
1423
24783
1592
1593
1595
24869
1712
1713
1715
24929
1836
1837
1839
24991
1956
1957
1959
25051
2096
2097
2099
25121
2216
2217
2219
25181
2340
2341
2343
25243
2460
2461
2463
25303
2708
2709
2711
25427
2828
2829
2831
25487
2952
2953
2955
25549
3048
3049
3051
25597
3118
3119
24174
3121
25632
314
315
316
430
436
548
670
796
916
1062
1182
1306
1426
1598
1718
1842
1962
2102
2222
2346
2466
2714
2834
2958
3054
3124
3140
317
24230
428
429
431
24176
24287
546
547
437
549
24228
24346
668
669
671
24286
24407
794
795
797
24345
24470
914
915
917
24406
24530
1060
1061
1063
24469
24603
1180
1181
1183
24529
24663
1304
1305
1307
24602
24725
1424
1425
1427
24662
24785
1596
1597
1599
24724
24871
1716
1717
1719
24784
24931
1840
1841
1843
24870
24993
1960
1961
1963
24930
25053
2100
2101
2103
24992
25123
2220
2221
2223
25052
25183
2344
2345
2347
25122
25245
2464
2465
2467
25182
25305
2712
2713
2715
25244
25429
2832
2833
2835
25304
25489
2956
2957
2959
25428
25551
3052
3053
3055
25488
25599
3122
3123
3125
25550
25634
3138
3139
24229
3141
25598
25633
25642
320
321
322
434
552
558
674
800
920
1066
1186
1310
1430
1602
1722
1846
1966
2106
2226
2350
2470
2718
2838
2962
3058
3128
3144
323
24148
24173
24231
24233
432
433
435
24201
24226
24288
24289
550
551
553
24259
24284
24347
24348
672
673
559
675
24318
24343
24408
24409
798
799
801
24379
24404
24471
24472
918
919
921
24442
24467
24531
24532
1064
1065
1067
24502
24527
24604
24605
1184
1185
1187
24575
24600
24664
24665
1308
1309
1311
24635
24660
24726
24727
1428
1429
1431
24697
24722
24786
24787
1600
1601
1603
24757
24782
24872
24873
1720
1721
1723
24843
24868
24932
24933
1844
1845
1847
24903
24928
24994
24995
1964
1965
1967
24965
24990
25054
25055
2104
2105
2107
25025
25050
25124
25125
2224
2225
2227
25095
25120
25184
25185
2348
2349
2351
25155
25180
25246
25247
2468
2469
2471
25217
25242
25306
25307
2716
2717
2719
25277
25302
25430
25431
2836
2837
2839
25401
25426
25490
25491
2960
2961
2963
25461
25486
25552
25553
3056
3057
3059
25523
25548
25600
25601
3126
3127
3129
25583
25596
25635
25636
3142
3143
24232
3145
25625
25631
25643
25644
438
439
440
556
678
684
804
924
1070
1190
1314
1434
1606
1726
1850
1970
2110
2230
2354
2474
2722
2842
2966
3062
3132
3148
3160
441
24292
554
555
557
24350
676
677
679
24411
802
803
685
805
24474
922
923
925
24534
1068
1069
1071
24607
1188
1189
1191
24667
1312
1313
1315
24729
1432
1433
1435
24789
1604
1605
1607
24875
1724
1725
1727
24935
1848
1849
1851
24997
1968
1969
1971
25057
2108
2109
2111
25127
2228
2229
2231
25187
2352
2353
2355
25249
2472
2473
2475
25309
2720
2721
2723
25433
2840
2841
2843
25493
2964
2965
2967
25555
3060
3061
3063
25603
3130
3131
3133
25638
3146
3147
3149
25646
3158
3159
24291
3161
25652
560
561
562
682
808
928
934
940
1074
1194
1318
1438
1610
1730
1854
1974
2114
2234
2358
2478
2544
2726
2846
2970
3066
3136
3152
3164
3168
563
24234
24353
680
681
683
24290
24293
24413
806
807
809
24349
24351
24476
926
927
929
24410
24412
24536
1072
1073
935
941
1075
24473
24475
24609
1192
1193
1195
24533
24535
24669
1316
1317
1319
24606
24608
24731
1436
1437
1439
24666
24668
24791
1608
1609
1611
24728
24730
24877
1728
1729
1731
24788
24790
24937
1852
1853
1855
24874
24876
24999
1972
1973
1975
24934
24936
25059
2112
2113
2115
24996
24998
25129
2232
2233
2235
25056
25058
25189
2356
2357
2359
25126
25128
25251
2476
2477
2479
25186
25188
25311
2724
2725
2545
2727
25248
25250
25435
2844
2845
2847
25308
25310
25495
2968
2969
2971
25432
25434
25557
3064
3065
3067
25492
25494
25605
3134
3135
3137
25554
25556
25640
3150
3151
3153
25602
25604
25648
3162
3163
3165
25637
25639
25654
3166
3167
24352
3169
25645
25647
25653
25656
686
687
688
932
950
1198
1442
1466
1734
1978
2238
2482
2542
2550
2558
2850
3070
3156
3172
689
24416
930
931
933
24538
1196
1197
951
1199
24671
1440
1441
1443
24793
1732
1733
1467
1735
24939
1976
1977
1979
25061
2236
2237
2239
25191
2480
2481
2483
25313
2848
2849
2543
2551
2559
2851
25497
3068
3069
3071
25607
3154
3155
3157
25650
3170
3171
24415
3173
25658
936
937
938
944
948
1446
1450
1454
1460
1472
1982
1986
1990
2486
2490
2494
2548
2556
2564
2576
3074
3078
3082
3176
3180
3184
939
24541
942
943
945
24544
946
947
949
24546
1444
1445
1447
24795
1448
1449
1451
24797
1452
1453
1455
24799
1980
1981
1461
1473
1983
25063
1984
1985
1987
25065
1988
1989
1991
25067
2484
2485
2487
25315
2488
2489
2491
25317
2492
2493
2495
25319
2546
2547
25345
2549
25344
25346
3072
3073
2557
2565
2577
3075
25609
3076
3077
3079
25611
3080
3081
3083
25613
3174
3175
24540
3177
25660
3178
3179
3181
25662
3182
3183
24543
3185
25664
952
953
954
1458
1470
1480
1486
1994
2498
2506
2514
2530
2554
2562
2570
2582
3086
3188
3196
3204
955
24542
24549
1456
1457
1459
24796
24801
1468
1469
1471
24417
24807
1478
1479
1481
24539
24672
24812
1992
1993
1487
1995
25064
25069
2496
2497
2499
25316
25321
2504
2505
2507
24794
24940
25325
2512
2513
2515
25062
25192
25329
2552
2553
25348
2531
2555
25349
2560
2561
25352
2563
25351
25353
3084
3085
2571
2583
3087
25610
25615
3186
3187
24548
3189
25661
25666
3194
3195
3197
25314
25498
25670
3202
3203
24806
3205
25608
25651
25659
25674
1462
1463
1464
1476
1484
2502
2510
2518
2524
2536
2568
2580
2588
3192
3200
3208
3242
1465
24804
1474
1475
1477
24545
24808
24810
1482
1483
1485
24547
24798
24813
24814
2500
2501
2503
25323
2508
2509
2511
24800
25066
25326
25327
2516
2517
2519
25068
25318
25330
25331
2566
2567
25355
2525
2537
2569
25350
25356
2578
2579
25361
2581
25347
25362
3190
3191
24803
2589
3193
25668
3198
3199
3201
25320
25612
25671
25672
3206
3207
24809
3209
25614
25663
25665
25675
25676
1488
1489
3243
1490
2522
2534
2574
2586
2596
2602
3212
3220
3236
3248
1491
24805
24817
2520
2521
2523
25324
25333
2532
2533
2535
24550
25339
2572
2573
25358
2575
25359
2584
2585
25364
2587
25354
25363
25365
2594
2595
2597
24802
25070
25370
3210
3211
24816
2603
3213
25669
25678
3218
3219
25338
3221
25322
25616
25667
25682
2526
2527
3237
3249
2528
2540
2592
2600
3216
3224
3230
3246
3254
3276
2529
25336
2538
2539
2541
24811
25340
25342
2590
2591
25367
2593
25360
25368
2598
2599
2601
24815
25328
25371
25372
3214
3215
3217
25680
3222
3223
25341
3225
25332
25673
25677
25683
25684
3244
3245
25694
3231
3247
25357
25695
3274
3275
25335
3255
3277
25710
2604
2605
2606
3228
3240
3252
3262
3268
3280
3288
3304
2607
25337
25375
3226
3227
3229
25681
25686
3238
3239
3241
25692
3250
3251
25697
3253
25366
25696
25698
3260
3261
3263
24818
25703
3278
3279
25374
3269
3281
25369
25711
25712
3286
3287
25691
3289
25334
25679
25716
3232
3233
3305
3234
3258
3266
3284
3292
3298
3310
3332
3235
25689
3256
3257
3259
25693
25701
3264
3265
3267
25343
25704
25705
3282
3283
3285
25714
3290
3291
25700
3293
25373
25685
25699
25717
25718
3330
3331
25688
3299
3311
3333
25738
3270
3271
3272
3296
3308
3318
3324
3336
3344
3360
3273
25690
25708
3294
3295
3297
25715
25720
3306
3307
3309
25726
3316
3317
3319
25731
3334
3335
25707
3325
3337
25739
25740
3342
3343
25725
3345
25744
3300
3301
3361
3302
3314
3322
3340
3348
3354
3366
3388
3303
25723
3312
3313
3315
25727
25729
3320
3321
3323
25732
25733
3338
3339
3341
25742
3346
3347
25728
3349
25745
25746
3386
3387
25722
3355
3367
3389
25766
3326
3327
3328
3352
3364
3374
3380
3392
3400
3416
3329
25724
25736
3350
3351
3353
25743
25748
3362
3363
3365
25754
3372
3373
3375
25709
25759
3390
3391
25735
3381
3393
25767
25768
3398
3399
25753
3401
25721
25741
25772
3356
3357
3417
3358
3370
3378
3396
3404
3410
3422
3444
3359
25751
3368
3369
3371
25755
25757
3376
3377
3379
25730
25760
25761
3394
3395
3397
25770
3402
3403
25756
3405
25734
25747
25773
25774
3442
3443
25750
3411
3423
3445
25794
3382
3383
3384
3408
3420
3430
3436
3448
3456
3472
4879
3385
25752
25764
3406
3407
3409
25771
25776
3418
3419
3421
25782
3428
3429
3431
25787
3446
3447
25763
3437
3449
25795
25796
3454
3455
25781
3457
25800
3412
3413
3473
4880
3414
3426
3434
3452
3460
3466
3478
3500
4877
4887
4955
3415
25779
3424
3425
3427
25783
25785
3432
3433
3435
25788
25789
3450
3451
3453
25798
3458
3459
25784
3461
25801
25802
3498
3499
25778
3467
3479
3501
25822
3438
3439
4878
4888
4956
3440
3464
3476
3486
3492
3504
3512
3528
4883
4885
4895
4953
4963
5031
3441
25737
25780
25792
3462
3463
3465
25749
25799
25804
3474
3475
3477
25810
3484
3485
3487
25765
25815
3502
3503
25791
3493
3505
25769
25823
25824
3510
3511
25809
3513
25777
25797
25828
4881
4882
26507
3529
4884
26506
26508
3468
3469
4886
4896
4954
4964
5032
3470
3482
3490
3508
3516
3522
3534
3556
4891
4893
4903
4959
4961
4971
5029
5039
5107
3471
25807
3480
3481
3483
25758
25811
25813
3488
3489
3491
25762
25786
25816
25817
3506
3507
3509
25826
3514
3515
25812
3517
25775
25790
25803
25829
25830
3554
3555
25806
3523
3535
3557
25850
4889
4890
26511
4892
26509
26510
26512
4957
4958
26545
4894
4904
4960
26544
26546
3494
3495
4962
4972
5030
5040
5108
3496
3520
3532
3542
3548
3560
3568
3590
4899
4901
4911
4967
4969
4979
5035
5037
5047
5105
5115
5183
3497
25808
25820
3518
3519
3521
25827
25832
3530
3531
3533
25838
3540
3541
3543
25793
25843
3558
3559
25819
3549
3561
25851
25852
3566
3567
25837
3569
25805
25825
25856
4897
4898
26515
3591
4900
26513
26514
26516
4965
4966
26549
4902
4912
4968
26547
26548
26550
5033
5034
26583
4970
4980
5036
26582
26584
3524
3525
5038
5048
5106
5116
5184
3526
3538
3546
3564
3572
3578
3596
3622
4907
4909
4919
4975
4977
4987
5043
5045
5055
5111
5113
5123
5181
5191
5259
3527
25835
3536
3537
3539
25839
25841
3544
3545
3547
25814
25844
25845
3562
3563
25834
3565
25854
3570
3571
25840
3573
25818
25831
25857
25858
4905
4906
26519
3579
3597
3623
4908
26517
26518
26520
4973
4974
26553
4910
4920
4976
26551
26552
26554
5041
5042
26587
4978
4988
5044
26585
26586
26588
5109
5110
26621
5046
5056
5112
26620
26622
3550
3551
5114
5124
5182
5192
5260
3552
3576
3594
3604
3610
3628
3654
4915
4917
4927
4933
4983
4985
4995
5051
5053
5063
5119
5121
5131
5187
5189
5199
5257
5267
5335
3553
25836
25848
3574
3575
25847
3577
25855
25860
3592
3593
3595
25869
3602
3603
25868
3605
25874
4913
4914
26523
3611
3629
3655
4916
26521
26522
26524
4981
4982
26557
4918
4928
4934
4984
26555
26556
26558
5049
5050
26591
4986
4996
5052
26589
26590
26592
5117
5118
26625
5054
5064
5120
26623
26624
26626
5185
5186
26659
5122
5132
5188
26658
26660
3580
3581
25862
5190
5200
5258
5268
5336
3582
3600
3608
3626
3636
3642
3660
3686
4923
4925
4941
4991
4993
5003
5009
5059
5061
5071
5127
5129
5139
5195
5197
5207
5263
5265
5275
5333
5343
5413
3583
25849
25861
25863
3598
3599
3601
25870
25872
3606
3607
25871
3609
25875
25876
3624
3625
3627
25885
3634
3635
25884
3637
25890
4921
4922
26527
3643
3661
3687
4924
26525
26526
26528
4989
4990
26561
4926
4942
4992
26559
26560
26562
5057
5058
26595
4994
5004
5010
5060
26593
26594
26596
5125
5126
26629
5062
5072
5128
26627
26628
26630
5193
5194
26663
5130
5140
5196
26661
26662
26664
5261
5262
26697
5198
5208
5264
26696
26698
3612
3613
25878
5266
5276
5334
5344
5414
3614
3632
3640
3658
3668
3674
3692
3718
4931
4937
4939
4947
4999
5001
5017
5067
5069
5079
5085
5135
5137
5147
5203
5205
5215
5271
5273
5283
5339
5341
5351
5411
5421
3615
25873
25877
25879
3630
3631
3633
25886
25888
3638
3639
25887
3641
25891
25892
3656
3657
3659
25901
3666
3667
25900
3669
25906
4929
4930
26531
3675
3693
3719
4932
26529
26530
26532
4935
4936
26534
4938
26535
4997
4998
26565
4940
4948
5000
26563
26564
26566
5065
5066
26599
5002
5018
5068
26597
26598
26600
5133
5134
26633
5070
5080
5086
5136
26631
26632
26634
5201
5202
26667
5138
5148
5204
26665
26666
26668
5269
5270
26701
5206
5216
5272
26699
26700
26702
5337
5338
26735
5274
5284
5340
26734
26736
3644
3645
25894
5342
5352
5412
5422
3646
3664
3672
3690
3700
3706
3724
3750
4945
5007
5013
5015
5023
5075
5077
5093
5143
5145
5155
5161
5211
5213
5223
5279
5281
5291
5347
5349
5359
5417
5419
5429
5499
3647
25889
25893
25895
3662
3663
3665
25902
25904
3670
3671
25903
3673
25907
25908
3688
3689
3691
25917
3698
3699
25916
3701
25922
4943
4944
26538
3707
3725
3751
4946
26533
26536
26537
26539
5005
5006
26569
5008
26567
26568
26570
5011
5012
26572
5014
26573
5073
5074
26603
5016
5024
5076
26601
26602
26604
5141
5142
26637
5078
5094
5144
26635
26636
26638
5209
5210
26671
5146
5156
5162
5212
26669
26670
26672
5277
5278
26705
5214
5224
5280
26703
26704
26706
5345
5346
26739
5282
5292
5348
26737
26738
26740
5415
5416
26774
5350
5360
5418
26773
26775
3676
3677
25910
5420
5430
5500
3678
3696
3704
3722
3732
3738
3756
3782
4129
4951
5021
5083
5089
5091
5099
5151
5153
5169
5219
5221
5231
5237
5287
5289
5299
5355
5357
5367
5425
5427
5437
5505
5561
3679
25905
25909
25911
3694
3695
3697
25918
25920
3702
3703
25919
3705
25923
25924
3720
3721
3723
25933
3730
3731
25932
3733
25938
4949
4950
26541
3739
3757
3783
4130
4952
26542
5019
5020
26576
5022
26571
26574
26575
26577
5081
5082
26607
5084
26605
26606
26608
5087
5088
26610
5090
26611
5149
5150
26641
5092
5100
5152
26639
26640
26642
5217
5218
26675
5154
5170
5220
26673
26674
26676
5285
5286
26709
5222
5232
5238
5288
26707
26708
26710
5353
5354
26743
5290
5300
5356
26741
26742
26744
5423
5424
26778
5358
5368
5426
26776
26777
26779
3708
3709
25926
5428
5438
5506
5562
3710
3728
3736
3754
3764
3770
3788
4143
5027
5097
5159
5165
5167
5175
5227
5229
5245
5295
5297
5307
5313
5363
5365
5375
5433
5435
5445
5503
5511
5567
5623
3711
25921
25925
25927
3726
3727
3729
25934
25936
3734
3735
25935
3737
25939
25940
3752
3753
3755
25949
3762
3763
25948
3765
25954
5025
5026
26579
3771
3789
4144
5028
26543
26580
5095
5096
26614
5098
26609
26612
26613
26615
5157
5158
26645
5160
26643
26644
26646
5163
5164
26648
5166
26649
5225
5226
26679
5168
5176
5228
26677
26678
26680
5293
5294
26713
5230
5246
5296
26711
26712
26714
5361
5362
26747
5298
5308
5314
5364
26745
26746
26748
5431
5432
26782
5366
5376
5434
26780
26781
26783
5501
5502
26817
5436
5446
5504
26818
3740
3741
25942
5512
5568
5624
3742
3760
3768
3786
3796
3802
4133
4137
4141
4151
4159
4165
4173
4185
4203
4219
4261
4277
4309
4325
4601
4617
4737
4753
5103
5173
5235
5241
5243
5251
5303
5305
5321
5371
5373
5383
5389
5441
5443
5453
5509
5517
5565
5573
5629
5685
7535
7551
8267
8283
9831
3743
25937
25941
25943
3758
3759
3761
25950
25952
3766
3767
25951
3769
25955
25956
3784
3785
3787
25821
25965
3794
3795
25964
3797
25833
25853
25970
4131
4132
3803
4134
26133
4135
4136
4138
26135
4139
4140
4142
24537
26137
4149
4150
4152
24610
26142
4157
4158
4160
24670
26146
4171
4172
4166
4174
24732
26153
4183
4184
4186
24792
26159
4201
4202
4204
24878
26168
4217
4218
4220
24938
26176
4259
4260
4262
25000
26197
4275
4276
4278
25060
26205
4307
4308
4310
25130
26221
4323
4324
4326
25190
26229
4599
4600
4602
25252
26367
4615
4616
4618
25312
26375
4735
4736
4738
25436
26435
4751
4752
4754
25496
26443
5101
5102
26617
5104
26581
26618
5171
5172
26652
5174
26647
26650
26651
26653
5233
5234
26683
5236
26681
26682
26684
5239
5240
26686
5242
26687
5301
5302
26717
5244
5252
5304
26715
26716
26718
5369
5370
26751
5306
5322
5372
26749
26750
26752
5439
5440
26786
5374
5384
5390
5442
26784
26785
26787
5507
5508
26820
5444
5454
5510
26819
26821
5563
5564
26848
5518
5566
26849
7533
7534
5574
5630
5686
7536
25558
27834
7549
7550
7552
25606
27842
8265
8266
8268
25641
28200
8281
8282
8284
25649
28208
9829
9830
9832
25655
25657
28982
3772
3773
25958
3774
3792
3800
4147
4155
4163
4177
4189
4195
4207
4223
4265
4281
4313
4329
4605
4621
4741
4757
5179
5249
5311
5317
5319
5327
5379
5381
5397
5449
5451
5461
5467
5515
5523
5571
5579
5627
5635
5691
5747
7539
7555
8271
8287
9835
9847
15320
15324
3775
25953
25957
25959
3790
3791
3793
25842
25966
25968
3798
3799
25967
3801
25846
25859
25971
25972
4145
4146
4148
26140
4153
4154
4156
26144
4161
4162
4164
26148
4175
4176
4178
26155
4187
4188
4190
26161
4205
4206
4196
4208
26170
4221
4222
4224
26178
4263
4264
4266
26199
4279
4280
4282
26207
4311
4312
4314
26223
4327
4328
4330
26231
4603
4604
4606
26369
4619
4620
4622
26377
4739
4740
4742
26437
4755
4756
4758
26445
5177
5178
26655
5180
26619
26656
5247
5248
26690
5250
26685
26688
26689
26691
5309
5310
26721
5312
26719
26720
26722
5315
5316
26724
5318
26725
5377
5378
26755
5320
5328
5380
26753
26754
26756
5447
5448
26790
5382
5398
5450
26788
26789
26791
5513
5514
26823
5452
5462
5468
5516
26822
26824
5569
5570
26851
5524
5572
26850
26852
5625
5626
26879
5580
5628
26880
7537
7538
5636
5692
5748
7540
27836
7553
7554
7556
27844
8269
8270
8272
28202
8285
8286
8288
28210
9833
9834
9836
28984
9845
9846
9848
28990
15318
15319
15321
31726
15322
15323
26132
15325
24354
24414
24477
31728
3804
3805
25974
3806
4169
4181
4193
4211
4227
4233
4239
4269
4285
4317
4333
4609
4625
4745
4761
5255
5325
5387
5393
5395
5403
5457
5459
5475
5521
5529
5577
5585
5633
5641
5689
5697
5753
5809
7543
7559
8275
8291
9839
9851
10815
15328
15332
3807
25969
25973
25975
4167
4168
4170
26138
26151
4179
4180
4182
26143
26157
4191
4192
4194
26147
26149
26163
4209
4210
4212
26154
26156
26172
4225
4226
4228
26160
26162
26180
4267
4268
4234
4240
4270
26169
26171
26201
4283
4284
4286
26177
26179
26209
4315
4316
4318
26198
26200
26225
4331
4332
4334
26206
26208
26233
4607
4608
4610
26222
26224
26371
4623
4624
4626
26230
26232
26379
4743
4744
4746
26368
26370
26439
4759
4760
4762
26376
26378
26447
5253
5254
26693
5256
26657
26694
5323
5324
26728
5326
26723
26726
26727
26729
5385
5386
26759
5388
26757
26758
26760
5391
5392
26762
5394
26763
5455
5456
26794
5396
5404
5458
26792
26793
26795
5519
5520
26826
5460
5476
5522
26825
26827
5575
5576
26854
5530
5578
26853
26855
5631
5632
26882
5586
5634
26881
26883
5687
5688
26910
5642
5690
26911
7541
7542
5698
5754
5810
7544
26436
26438
27838
7557
7558
7560
26444
26446
27846
8273
8274
8276
27835
27837
28204
8289
8290
8292
27843
27845
28212
9837
9838
9840
28201
28203
28986
9849
9850
9852
28209
28211
28992
10813
10814
10816
28983
28985
28991
29474
15326
15327
15329
31730
15330
15331
15333
31732
4197
4198
4199
4215
4231
4253
4273
4289
4321
4337
4361
4613
4629
4749
4765
5331
5401
5465
5471
5473
5481
5527
5535
5583
5591
5639
5647
5695
5703
5751
5759
5815
5871
7547
7563
8279
8295
9843
9855
10819
10823
15336
15340
16741
4200
26166
4213
4214
4216
26174
4229
4230
4232
26182
4271
4272
4254
4274
26203
4287
4288
4290
26211
4319
4320
4322
26227
4335
4336
4338
26235
4611
4612
4362
4614
26373
4627
4628
4630
26381
4747
4748
4750
26441
4763
4764
4766
26449
5329
5330
26731
5332
26695
26732
5399
5400
26766
5402
26761
26764
26765
26767
5463
5464
26798
5466
26796
26797
26799
5469
5470
26801
5472
26802
5525
5526
26829
5474
5482
5528
26828
26830
5581
5582
26857
5536
5584
26856
26858
5637
5638
26885
5592
5640
26884
26886
5693
5694
26913
5648
5696
26912
26914
5749
5750
26941
5704
5752
26942
7545
7546
5760
5816
5872
7548
27840
7561
7562
7564
27848
8277
8278
8280
28206
8293
8294
8296
28214
9841
9842
9844
28988
9853
9854
9856
28994
10817
10818
10820
29476
10821
10822
10824
29478
15334
15335
15337
26134
31734
15338
15339
15341
26136
26141
26145
31736
16739
16740
26139
16742
32436
4235
4236
4237
4243
4247
4251
4293
4297
4301
4341
4345
4349
4355
4367
4395
4633
4637
4641
4769
4773
4777
5407
5409
5479
5487
5533
5543
5589
5597
5645
5653
5701
5709
5757
5765
5813
5821
5877
7567
7571
7575
8299
8303
8307
9859
9863
9867
10827
10831
10835
15344
15348
16745
16749
4238
26185
4241
4242
4244
26188
4245
4246
4248
26190
4249
4250
4252
26164
26192
4291
4292
4294
26213
4295
4296
4298
26173
26215
4299
4300
4302
26181
26217
4339
4340
4342
26237
4343
4344
4346
26202
26239
4347
4348
4350
26210
26241
4631
4632
4356
4368
4396
4634
26383
4635
4636
4638
26226
26385
4639
4640
4642
26234
26387
4767
4768
4770
26451
4771
4772
4774
26372
26453
4775
4776
4778
26380
26455
5405
5406
26769
5408
26733
26770
5477
5478
26805
5410
5480
26800
26803
26804
26806
5531
5532
26832
5488
5534
26831
26833
5587
5588
26860
5544
5590
26859
26861
5643
5644
26888
5598
5646
26887
26889
5699
5700
26916
5654
5702
26915
26917
5755
5756
26944
5710
5758
26943
26945
5811
5812
26972
5766
5814
26973
7565
7566
5822
5878
7568
27850
7569
7570
7572
26440
27852
7573
7574
7576
26448
27854
8297
8298
8300
28216
8301
8302
8304
27839
28218
8305
8306
8308
27847
28220
9857
9858
9860
28996
9861
9862
9864
28205
28998
9865
9866
9868
28213
29000
10825
10826
10828
29480
10829
10830
10832
28987
29482
10833
10834
10836
28993
29475
29484
15342
15343
15345
31738
15346
15347
15349
31740
16743
16744
16746
31727
32438
16747
16748
26150
16750
31729
31731
31733
32437
32440
4255
4256
4257
4305
4353
4365
4375
4383
4389
4401
4429
4645
4653
4781
4789
5485
5493
5539
5541
5549
5595
5605
5651
5659
5707
5715
5763
5771
5819
5827
5875
5883
7579
7587
8311
8319
9871
9879
10839
10847
15352
15356
15360
16753
16757
4258
26186
26195
4303
4304
4306
26214
26219
4351
4352
4354
26238
26243
4363
4364
4366
26249
4373
4374
4376
26254
4381
4382
4384
26258
4643
4644
4390
4402
4430
4646
26384
26389
4651
4652
4654
26393
4779
4780
4782
26452
26457
4787
4788
4790
26461
5483
5484
26808
5486
26771
26772
26809
5537
5538
26835
5494
5540
26834
26836
5593
5594
26863
5542
5550
5596
26862
26864
5649
5650
26891
5606
5652
26890
26892
5705
5706
26919
5660
5708
26918
26920
5761
5762
26947
5716
5764
26946
26948
5817
5818
26975
5772
5820
26974
26976
5873
5874
27003
5828
5876
26540
27004
7577
7578
5884
7580
27851
27856
7585
7586
7588
27860
8309
8310
8312
28217
28222
8317
8318
8320
28226
9869
9870
9872
28997
29002
9877
9878
9880
29006
10837
10838
10840
29481
29486
10845
10846
10848
29490
15350
15351
15353
31742
15354
15355
15357
31744
15358
15359
15361
26152
26158
31746
16751
16752
16754
32442
16755
16756
16758
32444
4357
4358
4359
4371
4379
4387
4399
4409
4417
4423
4435
4463
4649
4657
4665
4785
4793
4801
5491
5547
5555
5601
5603
5611
5657
5667
5713
5721
5769
5777
5825
5833
5881
5889
5945
7583
7591
7599
8315
8323
8331
9875
9883
9891
10843
10851
10859
12143
15364
15372
16761
16765
16769
18150
4360
26246
4369
4370
4372
26250
26252
4377
4378
4380
26255
26256
4385
4386
4388
26259
26260
4397
4398
4400
26266
4407
4408
4410
26271
4415
4416
4418
26275
4647
4648
4424
4436
4464
4650
26391
4655
4656
4658
26394
26395
4663
4664
4666
26399
4783
4784
4786
26244
26459
4791
4792
4794
26462
26463
4799
4800
4802
26467
5489
5490
26811
5492
26810
26812
5545
5546
26839
5548
26837
26838
26840
5599
5600
26866
5556
5602
26865
26867
5655
5656
26894
5604
5612
5658
26893
26895
5711
5712
26922
5668
5714
26921
26923
5767
5768
26950
5722
5770
26949
26951
5823
5824
26978
5778
5826
26977
26979
5879
5880
27006
5834
5882
26578
27005
27007
7581
7582
5890
5946
7584
26390
27858
7589
7590
7592
27861
27862
7597
7598
7600
27866
8313
8314
8316
26458
28224
8321
8322
8324
28227
28228
8329
8330
8332
28232
9873
9874
9876
27857
29004
9881
9882
9884
29007
29008
9889
9890
9892
29012
10841
10842
10844
28223
29488
10849
10850
10852
29491
29492
10857
10858
10860
29496
12141
12142
12144
29003
29487
30138
15362
15363
15365
31743
31748
15370
15371
15373
31752
16759
16760
16762
32446
16763
16764
16766
32448
16767
16768
16770
31735
31737
32450
18148
18149
26165
18151
33140
4391
4392
4393
4405
4413
4421
4433
4443
4451
4457
4469
4497
4661
4669
4677
4797
4805
4813
5497
5553
5609
5617
5663
5665
5673
5719
5729
5775
5783
5831
5839
5887
5895
5951
6005
7595
7603
7611
8327
8335
8343
9887
9895
9903
10855
10863
10871
12147
15368
15376
15384
16773
16781
18154
18158
4394
26247
26263
4403
4404
4406
26267
26269
4411
4412
4414
26272
26273
4419
4420
4422
26276
26277
4431
4432
4434
26283
4441
4442
4444
26288
4449
4450
4452
26292
4659
4660
4458
4470
4498
4662
26392
26397
4667
4668
4670
26400
26401
4675
4676
4678
26405
4795
4796
4798
26261
26460
26465
4803
4804
4806
26468
26469
4811
4812
4814
26473
5495
5496
26814
5498
26815
5551
5552
26842
5554
26841
26843
5607
5608
26870
5610
26868
26869
26871
5661
5662
26897
5618
5664
26896
26898
5717
5718
26925
5666
5674
5720
26924
26926
5773
5774
26953
5730
5776
26952
26954
5829
5830
26981
5784
5832
26980
26982
5885
5886
27009
5840
5888
26616
27008
27010
7593
7594
5896
5952
6006
7596
26396
27859
27864
7601
7602
7604
27867
27868
7609
7610
7612
27872
8325
8326
8328
26464
28225
28230
8333
8334
8336
28233
28234
8341
8342
8344
28238
9885
9886
9888
27863
29005
29010
9893
9894
9896
29013
29014
9901
9902
9904
29018
10853
10854
10856
28229
29489
29494
10861
10862
10864
29497
29498
10869
10870
10872
29502
12145
12146
12148
29009
29493
30139
30140
15366
15367
15369
26220
31750
15374
15375
15377
31753
31754
15382
15383
15385
31758
16771
16772
16774
32447
32452
16779
16780
16782
32456
18152
18153
26184
18155
33142
18156
18157
26187
18159
32439
32441
33144
4425
4426
4427
4439
4447
4455
4467
4477
4485
4491
4503
4531
4673
4681
4689
4809
4817
4825
5559
5615
5671
5679
5725
5727
5735
5781
5791
5837
5845
5893
5901
5949
5957
6011
6065
7607
7615
7623
8339
8347
8355
9899
9907
9915
10867
10875
10883
12151
15380
15388
15396
16777
16785
16793
18162
18170
4428
26264
26280
4437
4438
4440
26284
26286
4445
4446
4448
26289
26290
4453
4454
4456
26293
26294
4465
4466
4468
26300
4475
4476
4478
26305
4483
4484
4486
26309
4671
4672
4492
4504
4532
4674
26398
26403
4679
4680
4682
26406
26407
4687
4688
4690
26411
4807
4808
4810
26278
26466
26471
4815
4816
4818
26474
26475
4823
4824
4826
26479
5557
5558
26845
5560
26816
26846
5613
5614
26873
5616
26872
26874
5669
5670
26901
5672
26899
26900
26902
5723
5724
26928
5680
5726
26927
26929
5779
5780
26956
5728
5736
5782
26955
26957
5835
5836
26984
5792
5838
26983
26985
5891
5892
27012
5846
5894
26654
27011
27013
5947
5948
27040
5902
5950
27041
7605
7606
5958
6012
6066
7608
26402
27865
27870
7613
7614
7616
27873
27874
7621
7622
7624
27878
8337
8338
8340
26470
28231
28236
8345
8346
8348
28239
28240
8353
8354
8356
28244
9897
9898
9900
27869
29011
29016
9905
9906
9908
29019
29020
9913
9914
9916
29024
10865
10866
10868
28235
29495
29500
10873
10874
10876
29503
29504
10881
10882
10884
29508
12149
12150
12152
29015
29499
30141
30142
15378
15379
15381
26257
31751
31756
15386
15387
15389
31759
31760
15394
15395
15397
31764
16775
16776
16778
26196
32454
16783
16784
16786
32457
32458
16791
16792
16794
32462
18160
18161
26194
18163
33143
33146
18168
18169
26248
18171
33150
4459
4460
4461
4473
4481
4489
4501
4511
4519
4525
4537
4565
4685
4693
4701
4821
4829
4837
5621
5677
5733
5741
5787
5789
5797
5843
5853
5899
5907
5955
5963
6009
6017
6071
6125
7619
7627
7635
8351
8359
8367
9911
9919
9927
10879
10887
10895
12155
15392
15400
15408
16789
16797
16805
18166
18174
18182
4462
26281
26297
4471
4472
4474
26301
26303
4479
4480
4482
26306
26307
4487
4488
4490
26310
26311
4499
4500
4502
26317
4509
4510
4512
26322
4517
4518
4520
26326
4683
4684
4526
4538
4566
4686
26404
26409
4691
4692
4694
26412
26413
4699
4700
4702
26417
4819
4820
4822
26295
26472
26477
4827
4828
4830
26480
26481
4835
4836
4838
26485
5619
5620
26876
5622
26847
26877
5675
5676
26904
5678
26903
26905
5731
5732
26932
5734
26930
26931
26933
5785
5786
26959
5742
5788
26958
26960
5841
5842
26987
5790
5798
5844
26986
26988
5897
5898
27015
5854
5900
26692
27014
27016
5953
5954
27043
5908
5956
27042
27044
6007
6008
27070
5964
6010
27071
7617
7618
6018
6072
6126
7620
26408
27871
27876
7625
7626
7628
27879
27880
7633
7634
7636
27884
8349
8350
8352
26476
28237
28242
8357
8358
8360
28245
28246
8365
8366
8368
28250
9909
9910
9912
27875
29017
29022
9917
9918
9920
29025
29026
9925
9926
9928
29030
10877
10878
10880
28241
29501
29506
10885
10886
10888
29509
29510
10893
10894
10896
29514
12153
12154
12156
29021
29505
30143
30144
15390
15391
15393
26274
31757
31762
15398
15399
15401
31765
31766
15406
15407
15409
31770
16787
16788
16790
26253
32455
32460
16795
16796
16798
32463
32464
16803
16804
16806
32468
18164
18165
18167
31749
33148
18172
18173
26251
18175
33151
33152
18180
18181
26265
18183
33156
4493
4494
4495
4507
4515
4523
4535
4545
4553
4559
4571
4697
4705
4713
4833
4841
4849
5683
5739
5795
5803
5849
5851
5859
5905
5915
5961
5969
6015
6023
6069
6077
6131
6185
7631
7639
7647
8363
8371
8379
9923
9931
9939
10891
10899
10907
12159
15404
15412
15420
16801
16809
16817
18178
18186
18194
19539
4496
26298
26314
4505
4506
4508
26318
26320
4513
4514
4516
26323
26324
4521
4522
4524
26327
26328
4533
4534
4536
26334
4543
4544
4546
26339
4551
4552
4554
26343
4695
4696
4560
4572
4698
26410
26415
4703
4704
4706
26418
26419
4711
4712
4714
26423
4831
4832
4834
26312
26478
26483
4839
4840
4842
26486
26487
4847
4848
4850
26491
5681
5682
26907
5684
26878
26908
5737
5738
26935
5740
26934
26936
5793
5794
26963
5796
26961
26962
26964
5847
5848
26990
5804
5850
26989
26991
5903
5904
27018
5852
5860
5906
26730
27017
27019
5959
5960
27046
5916
5962
27045
27047
6013
6014
27073
5970
6016
27072
27074
6067
6068
27100
6024
6070
27101
7629
7630
6078
6132
6186
7632
26414
27877
27882
7637
7638
7640
27885
27886
7645
7646
7648
27890
8361
8362
8364
26482
28243
28248
8369
8370
8372
28251
28252
8377
8378
8380
28256
9921
9922
9924
27881
29023
29028
9929
9930
9932
29031
29032
9937
9938
9940
29036
10889
10890
10892
28247
29507
29512
10897
10898
10900
29515
29516
10905
10906
10908
29520
12157
12158
12160
29027
29511
30145
30146
15402
15403
15405
26291
31763
31768
15410
15411
15413
31771
31772
15418
15419
15421
31776
16799
16800
16802
26270
32461
32466
16807
16808
16810
32469
32470
16815
16816
16818
32474
18176
18177
18179
31755
33149
33154
18184
18185
26268
18187
33157
33158
18192
18193
26282
18195
33162
19537
19538
26245
19540
32453
33147
33834
4527
4528
4529
4541
4549
4557
4569
4579
4587
4593
4709
4717
4725
4845
4853
4861
5745
5801
5857
5865
5911
5913
5921
5967
5975
6021
6029
6075
6083
6129
6137
6191
6245
7643
7651
7659
8375
8383
8391
9935
9943
9951
10903
10911
10919
12163
15416
15424
15432
16813
16821
16829
18190
18198
18206
19543
4530
26315
26331
4539
4540
4542
26335
26337
4547
4548
4550
26340
26341
4555
4556
4558
26344
26345
4567
4568
4570
26175
26351
4577
4578
4580
26183
26204
26356
4585
4586
4588
26212
26228
26360
4707
4708
4594
4710
26416
26421
4715
4716
4718
26424
26425
4723
4724
4726
26236
26374
26429
4843
4844
4846
26329
26484
26489
4851
4852
4854
26492
26493
4859
4860
4862
26382
26442
26497
5743
5744
26938
5746
26909
26939
5799
5800
26966
5802
26965
26967
5855
5856
26994
5858
26992
26993
26995
5909
5910
27021
5866
5912
26768
27020
27022
5965
5966
27049
5914
5922
5968
27048
27050
6019
6020
27076
5976
6022
27075
27077
6073
6074
27103
6030
6076
27102
27104
6127
6128
27130
6084
6130
27131
7641
7642
6138
6192
6246
7644
26420
27883
27888
7649
7650
7652
27891
27892
7657
7658
7660
26450
27841
27896
8373
8374
8376
26488
28249
28254
8381
8382
8384
28257
28258
8389
8390
8392
27849
28207
28262
9933
9934
9936
27887
29029
29034
9941
9942
9944
29037
29038
9949
9950
9952
28215
28989
29042
10901
10902
10904
28253
29513
29518
10909
10910
10912
29521
29522
10917
10918
10920
28995
29477
29479
29526
12161
12162
12164
29033
29517
30147
30148
15414
15415
15417
26308
31769
31774
15422
15423
15425
31777
31778
15430
15431
15433
31782
16811
16812
16814
26287
32467
32472
16819
16820
16822
32475
32476
16827
16828
16830
32480
18188
18189
18191
31761
33155
33160
18196
18197
26285
18199
33163
33164
18204
18205
26299
18207
33168
19541
19542
26262
19544
32459
33153
33835
33836
4561
4562
4563
4575
4583
4591
4721
4729
4857
4865
4871
5807
5863
5919
5927
5973
5981
6027
6035
6081
6089
6135
6143
6189
6197
6251
6305
7655
7663
8387
8395
9947
9955
10915
10923
12167
15428
15436
15444
16825
16833
16841
18202
18210
18218
19547
4564
26332
26348
4573
4574
4576
26191
26352
26354
4581
4582
4584
26193
26216
26357
26358
4589
4590
4592
26218
26240
26361
26362
4719
4720
4722
26422
26427
4727
4728
4730
26242
26386
26430
26431
4855
4856
4858
26346
26490
26495
4863
4864
4866
26388
26454
26498
26499
5805
5806
26969
4872
5808
26940
26970
5861
5862
26997
5864
26996
26998
5917
5918
27025
5920
26807
27023
27024
27026
5971
5972
27052
5928
5974
27051
27053
6025
6026
27079
5982
6028
27078
27080
6079
6080
27106
6036
6082
27105
27107
6133
6134
27133
6090
6136
27132
27134
6187
6188
27160
6144
6190
27161
7653
7654
6198
6252
6306
7656
26426
27889
27894
7661
7662
7664
26456
27853
27897
27898
8385
8386
8388
26494
28255
28260
8393
8394
8396
27855
28219
28263
28264
9945
9946
9948
27893
29035
29040
9953
9954
9956
28221
28999
29043
29044
10913
10914
10916
28259
29519
29524
10921
10922
10924
29001
29483
29485
29527
29528
12165
12166
12168
29039
29523
30149
30150
15426
15427
15429
26325
31775
31780
15434
15435
15437
31783
31784
15442
15443
15445
26167
31741
31788
16823
16824
16826
26304
32473
32478
16831
16832
16834
32481
32482
16839
16840
16842
32486
18200
18201
18203
31767
33161
33166
18208
18209
26302
18211
33169
33170
18216
18217
26316
18219
33174
19545
19546
26279
19548
32465
33159
33837
33838
4595
4596
4597
4733
4869
5869
5925
5933
5979
5987
6033
6041
6087
6095
6141
6149
6195
6203
6249
6257
6311
6359
7667
8399
9959
10927
12171
15440
15448
16837
16845
16853
18214
18222
18230
19551
4598
26349
26365
4731
4732
4734
26428
26433
4867
4868
4870
26363
26496
26501
5867
5868
27000
5870
26971
27001
5923
5924
27028
5926
27027
27029
5977
5978
27055
5934
5980
27054
27056
6031
6032
27082
5988
6034
27081
27083
6085
6086
27109
6042
6088
27108
27110
6139
6140
27136
6096
6142
27135
27137
6193
6194
27163
6150
6196
27162
27164
6247
6248
27190
6204
6250
27191
7665
7666
6258
6312
6360
7668
26432
27895
27900
8397
8398
8400
26500
28261
28266
9957
9958
9960
27899
29041
29046
10925
10926
10928
28265
29525
29530
12169
12170
12172
29045
29529
30151
30152
15438
15439
15441
26342
31781
31786
15446
15447
15449
26189
31747
31789
31790
16835
16836
16838
26321
32479
32484
16843
16844
16846
32487
32488
16851
16852
16854
31739
32445
32492
18212
18213
18215
31773
33167
33172
18220
18221
26319
18223
33175
33176
18228
18229
26333
18231
33180
19549
19550
26296
19552
32471
33165
33839
33840
4873
4874
4875
5931
5939
5985
5993
6039
6047
6093
6101
6147
6155
6201
6209
6255
6263
6309
6317
6365
6461
7671
8403
9963
10931
12175
13139
15452
16849
16857
18226
18234
18242
19555
4876
26504
5929
5930
27031
5932
27002
27032
5983
5984
27058
5940
5986
27057
27059
6037
6038
27085
5994
6040
27084
27086
6091
6092
27112
6048
6094
27111
27113
6145
6146
27139
6102
6148
27138
27140
6199
6200
27166
6156
6202
27165
27167
6253
6254
27193
6210
6256
27192
27194
6307
6308
27220
6264
6310
27221
7669
7670
6318
6366
6462
7672
27902
8401
8402
8404
26502
28268
9961
9962
9964
27901
29048
10929
10930
10932
28267
29532
12173
12174
12176
29047
30154
13137
13138
13140
29531
30153
30636
15450
15451
15453
26359
31787
31792
16847
16848
16850
26338
32485
32490
16855
16856
16858
31745
32451
32493
32494
18224
18225
18227
31779
33173
33178
18232
18233
26336
18235
33181
33182
18240
18241
26350
18243
32443
33141
33186
19553
19554
26313
19556
32477
33171
33841
33842
5935
5936
5937
5991
5999
6045
6053
6099
6107
6153
6161
6207
6215
6261
6269
6315
6323
6363
6371
6419
6467
6563
7675
8407
9967
10935
12179
13143
15456
16861
18238
18246
19559
5938
27035
5989
5990
27061
5992
27060
27062
6043
6044
27088
6000
6046
27087
27089
6097
6098
27115
6054
6100
27114
27116
6151
6152
27142
6108
6154
27141
27143
6205
6206
27169
6162
6208
27168
27170
6259
6260
27196
6216
6262
27195
27197
6313
6314
27223
6270
6316
27222
27224
6361
6362
27247
6324
6364
27248
7673
7674
6372
6420
6468
6564
7676
27904
8405
8406
8408
28270
9965
9966
9968
29050
10933
10934
10936
29534
12177
12178
12180
30156
13141
13142
13144
30638
15454
15455
15457
26434
31794
16859
16860
16862
26355
32491
32496
18236
18237
18239
31785
33179
33184
18244
18245
26353
18247
32449
33145
33187
33188
19557
19558
26330
19560
32483
33177
33843
33844
5941
5942
5943
5997
6051
6059
6105
6113
6159
6167
6213
6221
6267
6275
6321
6329
6369
6377
6425
6465
6473
6521
6569
6665
7679
7683
8411
8415
9971
9975
10939
10943
12183
12187
13147
13151
15460
16865
18250
19563
5944
27038
5995
5996
5998
27065
6049
6050
27091
6052
27090
27092
6103
6104
27118
6060
6106
27117
27119
6157
6158
27145
6114
6160
27144
27146
6211
6212
27172
6168
6214
27171
27173
6265
6266
27199
6222
6268
27198
27200
6319
6320
27226
6276
6322
27225
27227
6367
6368
27250
6330
6370
27249
27251
6463
6464
27298
6378
6426
6466
27299
7677
7678
6474
6522
6570
6666
7680
27906
7681
7682
7684
27908
8409
8410
8412
28272
8413
8414
8416
28274
9969
9970
9972
29052
9973
9974
9976
29054
10937
10938
10940
29536
10941
10942
10944
29538
12181
12182
12184
30158
12185
12186
12188
30160
13145
13146
13148
30640
13149
13150
13152
30642
15458
15459
15461
31796
16863
16864
16866
26366
32498
18248
18249
18251
31791
33185
33190
19561
19562
26347
19564
32489
33183
33845
33846
6001
6002
6003
6057
6111
6119
6165
6173
6219
6227
6273
6281
6327
6335
6375
6383
6423
6431
6471
6479
6527
6567
6575
6623
6671
6767
7687
7691
7743
8419
8423
8475
9979
9983
10035
10947
10951
11003
12191
12195
12247
13155
13159
13211
15464
15468
16869
18254
19567
6004
27039
27068
6055
6056
6058
27095
6109
6110
27121
6112
27120
27122
6163
6164
27148
6120
6166
27147
27149
6217
6218
27175
6174
6220
27174
27176
6271
6272
27202
6228
6274
27201
27203
6325
6326
27229
6282
6328
27228
27230
6373
6374
27253
6336
6376
27252
27254
6421
6422
6384
6424
27278
6469
6470
27301
6432
6472
27300
27302
6565
6566
27349
6480
6528
6568
27350
7685
7686
6576
6624
6672
6768
7688
27907
27910
7689
7690
7692
27912
7741
7742
7744
27938
8417
8418
8420
28273
28276
8421
8422
8424
28278
8473
8474
8476
28304
9977
9978
9980
29053
29056
9981
9982
9984
29058
10033
10034
10036
29084
10945
10946
10948
29537
29540
10949
10950
10952
29542
11001
11002
11004
29568
12189
12190
12192
30159
30162
12193
12194
12196
30164
12245
12246
12248
30190
13153
13154
13156
30641
30644
13157
13158
13160
30646
13209
13210
13212
30672
15462
15463
15465
31798
15466
15467
15469
31800
16867
16868
16870
32500
18252
18253
18255
31793
33192
19565
19566
26364
19568
32495
33189
33847
33848
6061
6062
6063
6117
6171
6179
6225
6233
6279
6287
6333
6341
6381
6389
6429
6437
6477
6485
6525
6533
6573
6581
6629
6669
6677
6725
6773
6869
7695
7699
7747
7779
8427
8431
8479
8511
9987
9991
10039
10071
10955
10959
11007
11039
12199
12203
12251
12283
13163
13167
13215
13247
15472
15476
15528
16873
16877
18258
19571
6064
27069
27098
6115
6116
6118
27125
6169
6170
27151
6172
27150
27152
6223
6224
27178
6180
6226
27177
27179
6277
6278
27205
6234
6280
27204
27206
6331
6332
27232
6288
6334
27231
27233
6379
6380
27256
6342
6382
27255
27257
6427
6428
6390
6430
27279
27281
6475
6476
27304
6438
6478
27303
27305
6523
6524
6486
6526
27329
6571
6572
27352
6534
6574
27351
27353
6667
6668
27400
6582
6630
6670
27401
7693
7694
6678
6726
6774
6870
7696
27911
27914
7697
7698
7700
27916
7745
7746
7748
27939
27940
7777
7778
7780
27956
8425
8426
8428
28277
28280
8429
8430
8432
28282
8477
8478
8480
28305
28306
8509
8510
8512
28322
9985
9986
9988
29057
29060
9989
9990
9992
29062
10037
10038
10040
29085
29086
10069
10070
10072
29102
10953
10954
10956
29541
29544
10957
10958
10960
29546
11005
11006
11008
29569
29570
11037
11038
11040
29586
12197
12198
12200
30163
30166
12201
12202
12204
30168
12249
12250
12252
30191
30192
12281
12282
12284
30208
13161
13162
13164
30645
30648
13165
13166
13168
30650
13213
13214
13216
30673
30674
13245
13246
13248
30690
15470
15471
15473
31799
31802
15474
15475
15477
31804
15526
15527
15529
31830
16871
16872
16874
32502
16875
16876
16878
32504
18256
18257
18259
33194
19569
19570
19572
32497
33850
6121
6122
6123
6177
6231
6239
6285
6293
6339
6347
6387
6395
6435
6443
6483
6491
6531
6539
6579
6587
6627
6635
6675
6683
6731
6771
6779
6827
6875
6971
7703
7707
7751
7783
7815
8435
8439
8483
8515
8547
9995
9999
10043
10075
10107
10963
10967
11011
11043
11075
12207
12211
12255
12287
12319
13171
13175
13219
13251
13283
15480
15484
15532
15564
16881
16885
16937
18262
18266
19575
20856
6124
27099
27128
6175
6176
6178
27155
6229
6230
27181
6232
27180
27182
6283
6284
27208
6240
6286
27207
27209
6337
6338
27235
6294
6340
27234
27236
6385
6386
27259
6348
6388
27258
27260
6433
6434
6396
6436
27282
27284
6481
6482
27307
6444
6484
27306
27308
6529
6530
6492
6532
27330
27332
6577
6578
27355
6540
6580
27354
27356
6625
6626
6588
6628
27380
6673
6674
27403
6636
6676
27402
27404
6769
6770
27451
6684
6732
6772
27452
7701
7702
6780
6828
6876
6972
7704
27915
27918
7705
7706
7708
27920
7749
7750
7752
27941
27942
7781
7782
7784
27957
27958
7813
7814
7816
27974
8433
8434
8436
28281
28284
8437
8438
8440
28286
8481
8482
8484
28307
28308
8513
8514
8516
28323
28324
8545
8546
8548
28340
9993
9994
9996
29061
29064
9997
9998
10000
29066
10041
10042
10044
29087
29088
10073
10074
10076
29103
29104
10105
10106
10108
29120
10961
10962
10964
29545
29548
10965
10966
10968
29550
11009
11010
11012
29571
29572
11041
11042
11044
29587
29588
11073
11074
11076
29604
12205
12206
12208
30167
30170
12209
12210
12212
30172
12253
12254
12256
30193
30194
12285
12286
12288
30209
30210
12317
12318
12320
30226
13169
13170
13172
30649
30652
13173
13174
13176
30654
13217
13218
13220
30675
30676
13249
13250
13252
30691
30692
13281
13282
13284
30708
15478
15479
15481
31803
31806
15482
15483
15485
31808
15530
15531
15533
31831
31832
15562
15563
15565
31848
16879
16880
16882
32503
32506
16883
16884
16886
32508
16935
16936
16938
32534
18260
18261
18263
33196
18264
18265
18267
33198
19573
19574
19576
33852
20854
20855
26503
20857
33191
33849
34492
6181
6182
6183
6237
6291
6299
6345
6353
6393
6401
6441
6449
6489
6497
6537
6545
6585
6593
6633
6641
6681
6689
6729
6737
6777
6785
6833
6873
6881
6929
6977
7075
7711
7715
7755
7787
7819
7851
8443
8447
8487
8519
8551
8583
10003
10007
10047
10079
10111
10143
10971
10975
11015
11047
11079
11111
12215
12219
12259
12291
12323
12355
13179
13183
13223
13255
13287
13319
15488
15492
15536
15568
15600
16889
16893
16941
16973
18270
18274
18326
19579
19583
20860
6184
27129
27158
6235
6236
6238
27185
6289
6290
27211
6292
27210
27212
6343
6344
27238
6300
6346
27237
27239
6391
6392
27262
6354
6394
27261
27263
6439
6440
6402
6442
27285
27287
6487
6488
27310
6450
6490
27309
27311
6535
6536
6498
6538
27333
27335
6583
6584
27358
6546
6586
27357
27359
6631
6632
6594
6634
27381
27383
6679
6680
27406
6642
6682
27405
27407
6727
6728
6690
6730
27431
6775
6776
27454
6738
6778
27453
27455
6871
6872
27502
6786
6834
6874
27503
7709
7710
6882
6930
6978
7076
7712
27919
27922
7713
7714
7716
27924
7753
7754
7756
27943
27944
7785
7786
7788
27959
27960
7817
7818
7820
27975
27976
7849
7850
7852
27992
8441
8442
8444
28285
28288
8445
8446
8448
28290
8485
8486
8488
28309
28310
8517
8518
8520
28325
28326
8549
8550
8552
28341
28342
8581
8582
8584
28358
10001
10002
10004
29065
29068
10005
10006
10008
29070
10045
10046
10048
29089
29090
10077
10078
10080
29105
29106
10109
10110
10112
29121
29122
10141
10142
10144
29138
10969
10970
10972
29549
29552
10973
10974
10976
29554
11013
11014
11016
29573
29574
11045
11046
11048
29589
29590
11077
11078
11080
29605
29606
11109
11110
11112
29622
12213
12214
12216
30171
30174
12217
12218
12220
30176
12257
12258
12260
30195
30196
12289
12290
12292
30211
30212
12321
12322
12324
30227
30228
12353
12354
12356
30244
13177
13178
13180
30653
30656
13181
13182
13184
30658
13221
13222
13224
30677
30678
13253
13254
13256
30693
30694
13285
13286
13288
30709
30710
13317
13318
13320
30726
15486
15487
15489
31807
31810
15490
15491
15493
31812
15534
15535
15537
31833
31834
15566
15567
15569
31849
31850
15598
15599
15601
31866
16887
16888
16890
32507
32510
16891
16892
16894
32512
16939
16940
16942
32535
32536
16971
16972
16974
32552
18268
18269
18271
33197
33200
18272
18273
18275
33202
18324
18325
18327
33228
19577
19578
19580
33854
19581
19582
19584
33856
20858
20859
27034
20861
27033
34494
6241
6242
6243
6297
6351
6399
6407
6447
6455
6495
6503
6543
6551
6591
6599
6639
6647
6687
6695
6735
6743
6783
6791
6831
6839
6879
6887
6935
6975
6983
7033
7081
7719
7723
7759
7791
7823
7855
7887
8451
8455
8491
8523
8555
8587
8619
10011
10015
10051
10083
10115
10147
10179
10979
10983
11019
11051
11083
11115
11147
12223
12227
12263
12295
12327
12359
12391
13187
13191
13227
13259
13291
13323
13355
15496
15500
15540
15572
15604
15636
16897
16901
16945
16977
17009
18278
18282
18330
18362
19587
19591
19643
20864
20868
6244
27159
27188
6295
6296
6298
27215
6349
6350
27241
6352
27240
27242
6397
6398
27265
6400
27264
27266
6445
6446
6408
6448
27288
27290
6493
6494
27313
6456
6496
27312
27314
6541
6542
6504
6544
27336
27338
6589
6590
27361
6552
6592
27360
27362
6637
6638
6600
6640
27384
27386
6685
6686
27409
6648
6688
27408
27410
6733
6734
6696
6736
27432
27434
6781
6782
27457
6744
6784
27456
27458
6829
6830
6792
6832
27482
6877
6878
27505
6840
6880
27504
27506
6973
6974
27553
6888
6936
6976
27554
7717
7718
6984
7034
7082
7720
27923
27926
7721
7722
7724
27928
7757
7758
7760
27945
27946
7789
7790
7792
27961
27962
7821
7822
7824
27977
27978
7853
7854
7856
27993
27994
7885
7886
7888
28010
8449
8450
8452
28289
28292
8453
8454
8456
28294
8489
8490
8492
28311
28312
8521
8522
8524
28327
28328
8553
8554
8556
28343
28344
8585
8586
8588
28359
28360
8617
8618
8620
28376
10009
10010
10012
29069
29072
10013
10014
10016
29074
10049
10050
10052
29091
29092
10081
10082
10084
29107
29108
10113
10114
10116
29123
29124
10145
10146
10148
29139
29140
10177
10178
10180
29156
10977
10978
10980
29553
29556
10981
10982
10984
29558
11017
11018
11020
29575
29576
11049
11050
11052
29591
29592
11081
11082
11084
29607
29608
11113
11114
11116
29623
29624
11145
11146
11148
29640
12221
12222
12224
30175
30178
12225
12226
12228
30180
12261
12262
12264
30197
30198
12293
12294
12296
30213
30214
12325
12326
12328
30229
30230
12357
12358
12360
30245
30246
12389
12390
12392
30262
13185
13186
13188
30657
30660
13189
13190
13192
30662
13225
13226
13228
30679
30680
13257
13258
13260
30695
30696
13289
13290
13292
30711
30712
13321
13322
13324
30727
30728
13353
13354
13356
30744
15494
15495
15497
31811
31814
15498
15499
15501
31816
15538
15539
15541
31835
31836
15570
15571
15573
31851
31852
15602
15603
15605
31867
31868
15634
15635
15637
31884
16895
16896
16898
32511
32514
16899
16900
16902
32516
16943
16944
16946
32537
32538
16975
16976
16978
32553
32554
17007
17008
17010
32570
18276
18277
18279
33201
33204
18280
18281
18283
33206
18328
18329
18331
33229
33230
18360
18361
18363
33246
19585
19586
19588
33855
33858
19589
19590
19592
33860
19641
19642
19644
33886
20862
20863
27037
20865
34496
20866
20867
27064
20869
27063
34498
6301
6302
6303
6357
6405
6413
6453
6501
6509
6549
6557
6597
6605
6645
6653
6693
6701
6741
6749
6789
6797
6837
6845
6885
6893
6933
6941
6981
6989
7039
7079
7087
7727
7731
7763
7795
7827
7859
7891
7923
8459
8463
8495
8527
8559
8591
8623
8655
10019
10023
10055
10087
10119
10151
10183
10215
10987
10991
11023
11055
11087
11119
11151
11183
12231
12235
12267
12299
12331
12363
12395
12427
13195
13199
13231
13263
13295
13327
13359
13391
15504
15508
15544
15576
15608
15640
15672
16905
16909
16949
16981
17013
17045
18286
18290
18334
18366
18398
19595
19599
19647
19679
20872
20876
20928
6304
27189
27218
6355
6356
6358
26505
27245
6403
6404
27268
6406
27267
27269
6451
6452
6414
6454
27291
27293
6499
6500
27316
6502
27315
27317
6547
6548
6510
6550
27339
27341
6595
6596
27364
6558
6598
27363
27365
6643
6644
6606
6646
27387
27389
6691
6692
27412
6654
6694
27411
27413
6739
6740
6702
6742
27435
27437
6787
6788
27460
6750
6790
27459
27461
6835
6836
6798
6838
27483
27485
6883
6884
27508
6846
6886
27507
27509
6931
6932
6894
6934
27533
6979
6980
27556
6942
6982
27555
27557
7077
7078
27605
6990
7040
7080
26813
27606
7725
7726
7088
7728
27927
27930
7729
7730
7732
27903
27932
7761
7762
7764
27947
27948
7793
7794
7796
27963
27964
7825
7826
7828
27979
27980
7857
7858
7860
27995
27996
7889
7890
7892
28011
28012
7921
7922
7924
28028
8457
8458
8460
28293
28296
8461
8462
8464
28269
28298
8493
8494
8496
28313
28314
8525
8526
8528
28329
28330
8557
8558
8560
28345
28346
8589
8590
8592
28361
28362
8621
8622
8624
28377
28378
8653
8654
8656
28394
10017
10018
10020
29073
29076
10021
10022
10024
29049
29078
10053
10054
10056
29093
29094
10085
10086
10088
29109
29110
10117
10118
10120
29125
29126
10149
10150
10152
29141
29142
10181
10182
10184
29157
29158
10213
10214
10216
29174
10985
10986
10988
29557
29560
10989
10990
10992
29533
29562
11021
11022
11024
29577
29578
11053
11054
11056
29593
29594
11085
11086
11088
29609
29610
11117
11118
11120
29625
29626
11149
11150
11152
29641
29642
11181
11182
11184
29658
12229
12230
12232
30179
30182
12233
12234
12236
30155
30184
12265
12266
12268
30199
30200
12297
12298
12300
30215
30216
12329
12330
12332
30231
30232
12361
12362
12364
30247
30248
12393
12394
12396
30263
30264
12425
12426
12428
30280
13193
13194
13196
30661
30664
13197
13198
13200
30637
30666
13229
13230
13232
30681
30682
13261
13262
13264
30697
30698
13293
13294
13296
30713
30714
13325
13326
13328
30729
30730
13357
13358
13360
30745
30746
13389
13390
13392
30762
15502
15503
15505
31815
31818
15506
15507
15509
31820
15542
15543
15545
31837
31838
15574
15575
15577
31853
31854
15606
15607
15609
31869
31870
15638
15639
15641
31885
31886
15670
15671
15673
31902
16903
16904
16906
32515
32518
16907
16908
16910
32520
16947
16948
16950
32539
32540
16979
16980
16982
32555
32556
17011
17012
17014
32571
32572
17043
17044
17046
32588
18284
18285
18287
33205
33208
18288
18289
18291
33210
18332
18333
18335
33231
33232
18364
18365
18367
33247
33248
18396
18397
18399
33264
19593
19594
19596
33859
33862
19597
19598
19600
33864
19645
19646
19648
33887
33888
19677
19678
19680
33904
20870
20871
27067
20873
34497
34500
20874
20875
27094
20877
27093
34502
20926
20927
27277
20929
34528
6409
6410
6411
6459
6507
6515
6555
6603
6611
6651
6659
6699
6707
6747
6755
6795
6803
6843
6851
6891
6899
6939
6947
6987
6995
7037
7045
7085
7093
7141
7735
7767
7799
7831
7863
7895
7927
7961
8467
8499
8531
8563
8595
8627
8659
8693
10027
10059
10091
10123
10155
10187
10219
10253
10995
11027
11059
11091
11123
11155
11187
11221
12239
12271
12303
12335
12367
12399
12431
12465
13203
13235
13267
13299
13331
13363
13395
13429
15512
15516
15548
15580
15612
15644
15676
15708
16913
16917
16953
16985
17017
17049
17081
18294
18298
18338
18370
18402
18434
19603
19607
19651
19683
19715
20880
20884
20932
20964
6412
27219
27272
6457
6458
6460
27294
27296
6505
6506
27319
6508
27318
27320
6553
6554
6516
6556
27342
27344
6601
6602
27367
6604
27366
27368
6649
6650
6612
6652
27390
27392
6697
6698
27415
6660
6700
27414
27416
6745
6746
6708
6748
27438
27440
6793
6794
27463
6756
6796
27462
27464
6841
6842
6804
6844
27486
27488
6889
6890
27511
6852
6892
27510
27512
6937
6938
6900
6940
27534
27536
6985
6986
27559
6948
6988
27558
27560
7035
7036
6996
7038
27036
27585
7083
7084
27608
7046
7086
26844
27607
27609
7733
7734
7094
7142
7736
27931
27934
7765
7766
7768
27949
27950
7797
7798
7800
27965
27966
7829
7830
7832
27981
27982
7861
7862
7864
27997
27998
7893
7894
7896
28013
28014
7925
7926
7928
28029
28030
7959
7960
7962
27905
28047
8465
8466
8468
28297
28300
8497
8498
8500
28315
28316
8529
8530
8532
28331
28332
8561
8562
8564
28347
28348
8593
8594
8596
28363
28364
8625
8626
8628
28379
28380
8657
8658
8660
28395
28396
8691
8692
8694
28271
28413
10025
10026
10028
29077
29080
10057
10058
10060
29095
29096
10089
10090
10092
29111
29112
10121
10122
10124
29127
29128
10153
10154
10156
29143
29144
10185
10186
10188
29159
29160
10217
10218
10220
29175
29176
10251
10252
10254
29051
29193
10993
10994
10996
29561
29564
11025
11026
11028
29579
29580
11057
11058
11060
29595
29596
11089
11090
11092
29611
29612
11121
11122
11124
29627
29628
11153
11154
11156
29643
29644
11185
11186
11188
29659
29660
11219
11220
11222
29535
29677
12237
12238
12240
30183
30186
12269
12270
12272
30201
30202
12301
12302
12304
30217
30218
12333
12334
12336
30233
30234
12365
12366
12368
30249
30250
12397
12398
12400
30265
30266
12429
12430
12432
30281
30282
12463
12464
12466
30157
30299
13201
13202
13204
30665
30668
13233
13234
13236
30683
30684
13265
13266
13268
30699
30700
13297
13298
13300
30715
30716
13329
13330
13332
30731
30732
13361
13362
13364
30747
30748
13393
13394
13396
30763
30764
13427
13428
13430
30639
30781
15510
15511
15513
31819
31822
15514
15515
15517
31795
31824
15546
15547
15549
31839
31840
15578
15579
15581
31855
31856
15610
15611
15613
31871
31872
15642
15643
15645
31887
31888
15674
15675
15677
31903
31904
15706
15707
15709
31920
16911
16912
16914
32519
32522
16915
16916
16918
32524
16951
16952
16954
32541
32542
16983
16984
16986
32557
32558
17015
17016
17018
32573
32574
17047
17048
17050
32589
32590
17079
17080
17082
32606
18292
18293
18295
33209
33212
18296
18297
18299
33214
18336
18337
18339
33233
33234
18368
18369
18371
33249
33250
18400
18401
18403
33265
33266
18432
18433
18435
33282
19601
19602
19604
33863
33866
19605
19606
19608
33868
19649
19650
19652
33889
33890
19681
19682
19684
33905
33906
19713
19714
19716
33922
20878
20879
27097
20881
34501
34504
20882
20883
27124
20885
27123
34506
20930
20931
27280
20933
34529
34530
20962
20963
27328
20965
34546
6415
6416
6417
6513
6561
6609
6617
6657
6705
6713
6753
6761
6801
6809
6849
6857
6897
6905
6945
6953
6993
7001
7043
7051
7091
7099
7147
7197
7739
7771
7803
7835
7867
7899
7931
7965
8471
8503
8535
8567
8599
8631
8663
8697
10031
10063
10095
10127
10159
10191
10223
10257
10999
11031
11063
11095
11127
11159
11191
11225
12243
12275
12307
12339
12371
12403
12435
12469
13207
13239
13271
13303
13335
13367
13399
13433
15520
15552
15584
15616
15648
15680
15712
15746
16921
16925
16957
16989
17021
17053
17085
17117
18302
18306
18342
18374
18406
18438
18470
19611
19615
19655
19687
19719
19751
20888
20892
20936
20968
21000
6418
27275
6511
6512
6514
27297
27323
6559
6560
6562
27345
27347
6607
6608
27370
6610
27369
27371
6655
6656
6618
6658
27393
27395
6703
6704
27418
6706
27417
27419
6751
6752
6714
6754
27441
27443
6799
6800
27466
6762
6802
27465
27467
6847
6848
6810
6850
27489
27491
6895
6896
27514
6858
6898
27513
27515
6943
6944
6906
6946
27537
27539
6991
6992
27562
6954
6994
27561
27563
7041
7042
7002
7044
27066
27586
27588
7089
7090
27611
7052
7092
26875
27610
27612
7737
7738
7100
7148
7198
7740
27936
7769
7770
7772
27951
27952
7801
7802
7804
27967
27968
7833
7834
7836
27983
27984
7865
7866
7868
27999
28000
7897
7898
7900
28015
28016
7929
7930
7932
28031
28032
7963
7964
7966
27909
28048
28049
8469
8470
8472
28302
8501
8502
8504
28317
28318
8533
8534
8536
28333
28334
8565
8566
8568
28349
28350
8597
8598
8600
28365
28366
8629
8630
8632
28381
28382
8661
8662
8664
28397
28398
8695
8696
8698
28275
28414
28415
10029
10030
10032
29082
10061
10062
10064
29097
29098
10093
10094
10096
29113
29114
10125
10126
10128
29129
29130
10157
10158
10160
29145
29146
10189
10190
10192
29161
29162
10221
10222
10224
29177
29178
10255
10256
10258
29055
29194
29195
10997
10998
11000
29566
11029
11030
11032
29581
29582
11061
11062
11064
29597
29598
11093
11094
11096
29613
29614
11125
11126
11128
29629
29630
11157
11158
11160
29645
29646
11189
11190
11192
29661
29662
11223
11224
11226
29539
29678
29679
12241
12242
12244
30188
12273
12274
12276
30203
30204
12305
12306
12308
30219
30220
12337
12338
12340
30235
30236
12369
12370
12372
30251
30252
12401
12402
12404
30267
30268
12433
12434
12436
30283
30284
12467
12468
12470
30161
30300
30301
13205
13206
13208
30670
13237
13238
13240
30685
30686
13269
13270
13272
30701
30702
13301
13302
13304
30717
30718
13333
13334
13336
30733
30734
13365
13366
13368
30749
30750
13397
13398
13400
30765
30766
13431
13432
13434
30643
30782
30783
15518
15519
15521
31823
31826
15550
15551
15553
31841
31842
15582
15583
15585
31857
31858
15614
15615
15617
31873
31874
15646
15647
15649
31889
31890
15678
15679
15681
31905
31906
15710
15711
15713
31921
31922
15744
15745
15747
31797
31939
16919
16920
16922
32523
32526
16923
16924
16926
32499
32528
16955
16956
16958
32543
32544
16987
16988
16990
32559
32560
17019
17020
17022
32575
32576
17051
17052
17054
32591
32592
17083
17084
17086
32607
32608
17115
17116
17118
32624
18300
18301
18303
33213
33216
18304
18305
18307
33218
18340
18341
18343
33235
33236
18372
18373
18375
33251
33252
18404
18405
18407
33267
33268
18436
18437
18439
33283
33284
18468
18469
18471
33300
19609
19610
19612
33867
33870
19613
19614
19616
33872
19653
19654
19656
33891
33892
19685
19686
19688
33907
33908
19717
19718
19720
33923
33924
19749
19750
19752
33940
20886
20887
27127
20889
34505
34508
20890
20891
27154
20893
27153
34510
20934
20935
27283
20937
34531
34532
20966
20967
27331
20969
34547
34548
20998
20999
27379
21001
34564
6517
6518
6519
6615
6663
6711
6719
6759
6807
6815
6855
6863
6903
6911
6951
6959
6999
7007
7049
7057
7097
7105
7145
7153
7203
7253
7775
7807
7839
7871
7903
7935
7969
8001
8507
8539
8571
8603
8635
8667
8701
8733
10067
10099
10131
10163
10195
10227
10261
10293
11035
11067
11099
11131
11163
11195
11229
11261
12279
12311
12343
12375
12407
12439
12473
12505
13243
13275
13307
13339
13371
13403
13437
13469
15524
15556
15588
15620
15652
15684
15716
15750
16929
16961
16993
17025
17057
17089
17121
17155
18310
18314
18346
18378
18410
18442
18474
18506
19619
19623
19659
19691
19723
19755
19787
20896
20900
20940
20972
21004
21036
6520
27276
27326
6613
6614
6616
27348
27374
6661
6662
6664
27396
27398
6709
6710
27421
6712
27420
27422
6757
6758
6720
6760
27444
27446
6805
6806
27469
6808
27468
27470
6853
6854
6816
6856
27492
27494
6901
6902
27517
6864
6904
27516
27518
6949
6950
6912
6952
27540
27542
6997
6998
27565
6960
7000
27564
27566
7047
7048
7008
7050
27096
27589
27591
7095
7096
27614
7058
7098
26906
27613
27615
7143
7144
7106
7146
27639
7773
7774
7154
7204
7254
7776
27937
27954
7805
7806
7808
27969
27970
7837
7838
7840
27985
27986
7869
7870
7872
28001
28002
7901
7902
7904
28017
28018
7933
7934
7936
28033
28034
7967
7968
7970
27913
28050
28051
7999
8000
8002
28067
8505
8506
8508
28303
28320
8537
8538
8540
28335
28336
8569
8570
8572
28351
28352
8601
8602
8604
28367
28368
8633
8634
8636
28383
28384
8665
8666
8668
28399
28400
8699
8700
8702
28279
28416
28417
8731
8732
8734
28433
10065
10066
10068
29083
29100
10097
10098
10100
29115
29116
10129
10130
10132
29131
29132
10161
10162
10164
29147
29148
10193
10194
10196
29163
29164
10225
10226
10228
29179
29180
10259
10260
10262
29059
29196
29197
10291
10292
10294
29213
11033
11034
11036
29567
29584
11065
11066
11068
29599
29600
11097
11098
11100
29615
29616
11129
11130
11132
29631
29632
11161
11162
11164
29647
29648
11193
11194
11196
29663
29664
11227
11228
11230
29543
29680
29681
11259
11260
11262
29697
12277
12278
12280
30189
30206
12309
12310
12312
30221
30222
12341
12342
12344
30237
30238
12373
12374
12376
30253
30254
12405
12406
12408
30269
30270
12437
12438
12440
30285
30286
12471
12472
12474
30165
30302
30303
12503
12504
12506
30319
13241
13242
13244
30671
30688
13273
13274
13276
30703
30704
13305
13306
13308
30719
30720
13337
13338
13340
30735
30736
13369
13370
13372
30751
30752
13401
13402
13404
30767
30768
13435
13436
13438
30647
30784
30785
13467
13468
13470
30801
15522
15523
15525
31828
15554
15555
15557
31843
31844
15586
15587
15589
31859
31860
15618
15619
15621
31875
31876
15650
15651
15653
31891
31892
15682
15683
15685
31907
31908
15714
15715
15717
31923
31924
15748
15749
15751
31801
31940
31941
16927
16928
16930
32527
32530
16959
16960
16962
32545
32546
16991
16992
16994
32561
32562
17023
17024
17026
32577
32578
17055
17056
17058
32593
32594
17087
17088
17090
32609
32610
17119
17120
17122
32625
32626
17153
17154
17156
32501
32643
18308
18309
18311
33217
33220
18312
18313
18315
33193
33222
18344
18345
18347
33237
33238
18376
18377
18379
33253
33254
18408
18409
18411
33269
33270
18440
18441
18443
33285
33286
18472
18473
18475
33301
33302
18504
18505
18507
33318
19617
19618
19620
33871
33874
19621
19622
19624
33876
19657
19658
19660
33893
33894
19689
19690
19692
33909
33910
19721
19722
19724
33925
33926
19753
19754
19756
33941
33942
19785
19786
19788
33958
20894
20895
27157
20897
34509
34512
20898
20899
27184
20901
27183
34514
20938
20939
27286
20941
34533
34534
20970
20971
27334
20973
34549
34550
21002
21003
27382
21005
34565
34566
21034
21035
27430
21037
34582
6619
6620
6621
6717
6765
6813
6821
6861
6909
6917
6957
6965
7005
7013
7055
7063
7103
7111
7151
7159
7201
7209
7259
7309
7811
7843
7875
7907
7939
7973
8005
8039
8543
8575
8607
8639
8671
8705
8737
8771
10103
10135
10167
10199
10231
10265
10297
10331
11071
11103
11135
11167
11199
11233
11265
11299
12315
12347
12379
12411
12443
12477
12509
12543
13279
13311
13343
13375
13407
13441
13473
13507
15560
15592
15624
15656
15688
15720
15754
15786
16933
16965
16997
17029
17061
17093
17125
17159
18318
18350
18382
18414
18446
18478
18510
18544
19627
19631
19663
19695
19727
19759
19791
19823
20904
20908
20944
20976
21008
21040
21072
6622
27327
27377
6715
6716
6718
27399
27425
6763
6764
6766
27447
27449
6811
6812
27472
6814
27471
27473
6859
6860
6822
6862
27495
27497
6907
6908
27520
6910
27519
27521
6955
6956
6918
6958
27543
27545
7003
7004
27568
6966
7006
27567
27569
7053
7054
7014
7056
27126
27592
27594
7101
7102
27617
7064
7104
26937
27616
27618
7149
7150
7112
7152
27640
27642
7199
7200
7160
7202
27667
7809
7810
7210
7260
7310
7812
27955
27972
7841
7842
7844
27987
27988
7873
7874
7876
28003
28004
7905
7906
7908
28019
28020
7937
7938
7940
28035
28036
7971
7972
7974
27917
28052
28053
8003
8004
8006
28068
28069
8037
8038
8040
28086
8541
8542
8544
28321
28338
8573
8574
8576
28353
28354
8605
8606
8608
28369
28370
8637
8638
8640
28385
28386
8669
8670
8672
28401
28402
8703
8704
8706
28283
28418
28419
8735
8736
8738
28434
28435
8769
8770
8772
28452
10101
10102
10104
29101
29118
10133
10134
10136
29133
29134
10165
10166
10168
29149
29150
10197
10198
10200
29165
29166
10229
10230
10232
29181
29182
10263
10264
10266
29063
29198
29199
10295
10296
10298
29214
29215
10329
10330
10332
29232
11069
11070
11072
29585
29602
11101
11102
11104
29617
29618
11133
11134
11136
29633
29634
11165
11166
11168
29649
29650
11197
11198
11200
29665
29666
11231
11232
11234
29547
29682
29683
11263
11264
11266
29698
29699
11297
11298
11300
29716
12313
12314
12316
30207
30224
12345
12346
12348
30239
30240
12377
12378
12380
30255
30256
12409
12410
12412
30271
30272
12441
12442
12444
30287
30288
12475
12476
12478
30169
30304
30305
12507
12508
12510
30320
30321
12541
12542
12544
30338
13277
13278
13280
30689
30706
13309
13310
13312
30721
30722
13341
13342
13344
30737
30738
13373
13374
13376
30753
30754
13405
13406
13408
30769
30770
13439
13440
13442
30651
30786
30787
13471
13472
13474
30802
30803
13505
13506
13508
30820
15558
15559
15561
31829
31846
15590
15591
15593
31861
31862
15622
15623
15625
31877
31878
15654
15655
15657
31893
31894
15686
15687
15689
31909
31910
15718
15719
15721
31925
31926
15752
15753
15755
31805
31942
31943
15784
15785
15787
31959
16931
16932
16934
32532
16963
16964
16966
32547
32548
16995
16996
16998
32563
32564
17027
17028
17030
32579
32580
17059
17060
17062
32595
32596
17091
17092
17094
32611
32612
17123
17124
17126
32627
32628
17157
17158
17160
32505
32644
32645
18316
18317
18319
33221
33224
18348
18349
18351
33239
33240
18380
18381
18383
33255
33256
18412
18413
18415
33271
33272
18444
18445
18447
33287
33288
18476
18477
18479
33303
33304
18508
18509
18511
33319
33320
18542
18543
18545
33195
33337
19625
19626
19628
33875
33878
19629
19630
19632
33851
33880
19661
19662
19664
33895
33896
19693
19694
19696
33911
33912
19725
19726
19728
33927
33928
19757
19758
19760
33943
33944
19789
19790
19792
33959
33960
19821
19822
19824
33976
20902
20903
27187
20905
34513
34516
20906
20907
27214
20909
27213
34518
20942
20943
27289
20945
34535
34536
20974
20975
27337
20977
34551
34552
21006
21007
27385
21009
34567
34568
21038
21039
27433
21041
34583
34584
21070
21071
27481
21073
34600
6721
6722
6723
6819
6867
6915
6923
6963
7011
7019
7061
7069
7109
7117
7157
7165
7207
7215
7257
7265
7315
7365
7847
7879
7911
7943
7977
8009
8043
8077
8579
8611
8643
8675
8709
8741
8775
8809
10139
10171
10203
10235
10269
10301
10335
10369
11107
11139
11171
11203
11237
11269
11303
11337
12351
12383
12415
12447
12481
12513
12547
12581
13315
13347
13379
13411
13445
13477
13511
13545
15596
15628
15660
15692
15724
15758
15790
15824
16969
17001
17033
17065
17097
17129
17163
17195
18322
18354
18386
18418
18450
18482
18514
18548
19635
19667
19699
19731
19763
19795
19827
19861
20912
20916
20948
20980
21012
21044
21076
21108
6724
27378
27428
6817
6818
6820
27450
27476
6865
6866
6868
27498
27500
6913
6914
27523
6916
27522
27524
6961
6962
6924
6964
27546
27548
7009
7010
27571
7012
27570
27572
7059
7060
7020
7062
27156
27595
27597
7107
7108
27620
7070
7110
26968
27619
27621
7155
7156
7118
7158
27643
27645
7205
7206
7166
7208
27668
27670
7255
7256
7216
7258
27695
7845
7846
7266
7316
7366
7848
27973
27990
7877
7878
7880
28005
28006
7909
7910
7912
28021
28022
7941
7942
7944
28037
28038
7975
7976
7978
27921
28054
28055
8007
8008
8010
28070
28071
8041
8042
8044
28087
28088
8075
8076
8078
28105
8577
8578
8580
28339
28356
8609
8610
8612
28371
28372
8641
8642
8644
28387
28388
8673
8674
8676
28403
28404
8707
8708
8710
28287
28420
28421
8739
8740
8742
28436
28437
8773
8774
8776
28453
28454
8807
8808
8810
28471
10137
10138
10140
29119
29136
10169
10170
10172
29151
29152
10201
10202
10204
29167
29168
10233
10234
10236
29183
29184
10267
10268
10270
29067
29200
29201
10299
10300
10302
29216
29217
10333
10334
10336
29233
29234
10367
10368
10370
29251
11105
11106
11108
29603
29620
11137
11138
11140
29635
29636
11169
11170
11172
29651
29652
11201
11202
11204
29667
29668
11235
11236
11238
29551
29684
29685
11267
11268
11270
29700
29701
11301
11302
11304
29717
29718
11335
11336
11338
29735
12349
12350
12352
30225
30242
12381
12382
12384
30257
30258
12413
12414
12416
30273
30274
12445
12446
12448
30289
30290
12479
12480
12482
30173
30306
30307
12511
12512
12514
30322
30323
12545
12546
12548
30339
30340
12579
12580
12582
30357
13313
13314
13316
30707
30724
13345
13346
13348
30739
30740
13377
13378
13380
30755
30756
13409
13410
13412
30771
30772
13443
13444
13446
30655
30788
30789
13475
13476
13478
30804
30805
13509
13510
13512
30821
30822
13543
13544
13546
30839
15594
15595
15597
31847
31864
15626
15627
15629
31879
31880
15658
15659
15661
31895
31896
15690
15691
15693
31911
31912
15722
15723
15725
31927
31928
15756
15757
15759
31809
31944
31945
15788
15789
15791
31960
31961
15822
15823
15825
31978
16967
16968
16970
32533
32550
16999
17000
17002
32565
32566
17031
17032
17034
32581
32582
17063
17064
17066
32597
32598
17095
17096
17098
32613
32614
17127
17128
17130
32629
32630
17161
17162
17164
32509
32646
32647
17193
17194
17196
32663
18320
18321
18323
33226
18352
18353
18355
33241
33242
18384
18385
18387
33257
33258
18416
18417
18419
33273
33274
18448
18449
18451
33289
33290
18480
18481
18483
33305
33306
18512
18513
18515
33321
33322
18546
18547
18549
33199
33338
33339
19633
19634
19636
33879
33882
19665
19666
19668
33897
33898
19697
19698
19700
33913
33914
19729
19730
19732
33929
33930
19761
19762
19764
33945
33946
19793
19794
19796
33961
33962
19825
19826
19828
33977
33978
19859
19860
19862
33853
33995
20910
20911
27217
20913
34517
34520
20914
20915
27244
20917
27243
34493
34522
20946
20947
27292
20949
34537
34538
20978
20979
27340
20981
34553
34554
21010
21011
27388
21013
34569
34570
21042
21043
27436
21045
34585
34586
21074
21075
27484
21077
34601
34602
21106
21107
27532
21109
34618
6823
6824
6825
6921
6969
7017
7025
7067
7115
7123
7163
7171
7213
7221
7263
7271
7313
7321
7371
7421
7883
7915
7947
7981
8013
8047
8081
8115
8615
8647
8679
8713
8745
8779
8813
8847
10175
10207
10239
10273
10305
10339
10373
10407
11143
11175
11207
11241
11273
11307
11341
11375
12387
12419
12451
12485
12517
12551
12585
12619
13351
13383
13415
13449
13481
13515
13549
13583
15632
15664
15696
15728
15762
15794
15828
15862
17005
17037
17069
17101
17133
17167
17199
17233
18358
18390
18422
18454
18486
18518
18552
18584
19639
19671
19703
19735
19767
19799
19831
19865
20920
20952
20984
21016
21048
21080
21112
21146
6826
27429
27479
6919
6920
6922
27501
27527
6967
6968
6970
27549
27551
7015
7016
27574
7018
27573
27575
7065
7066
7026
7068
27186
27598
27600
7113
7114
27623
7116
26999
27622
27624
7161
7162
7124
7164
27646
27648
7211
7212
7172
7214
27671
27673
7261
7262
7222
7264
27696
27698
7311
7312
7272
7314
27723
7881
7882
7322
7372
7422
7884
27991
28008
7913
7914
7916
28023
28024
7945
7946
7948
28039
28040
7979
7980
7982
27925
28056
28057
8011
8012
8014
28072
28073
8045
8046
8048
28089
28090
8079
8080
8082
28106
28107
8113
8114
8116
28124
8613
8614
8616
28357
28374
8645
8646
8648
28389
28390
8677
8678
8680
28405
28406
8711
8712
8714
28291
28422
28423
8743
8744
8746
28438
28439
8777
8778
8780
28455
28456
8811
8812
8814
28472
28473
8845
8846
8848
28490
10173
10174
10176
29137
29154
10205
10206
10208
29169
29170
10237
10238
10240
29185
29186
10271
10272
10274
29071
29202
29203
10303
10304
10306
29218
29219
10337
10338
10340
29235
29236
10371
10372
10374
29252
29253
10405
10406
10408
29270
11141
11142
11144
29621
29638
11173
11174
11176
29653
29654
11205
11206
11208
29669
29670
11239
11240
11242
29555
29686
29687
11271
11272
11274
29702
29703
11305
11306
11308
29719
29720
11339
11340
11342
29736
29737
11373
11374
11376
29754
12385
12386
12388
30243
30260
12417
12418
12420
30275
30276
12449
12450
12452
30291
30292
12483
12484
12486
30177
30308
30309
12515
12516
12518
30324
30325
12549
12550
12552
30341
30342
12583
12584
12586
30358
30359
12617
12618
12620
30376
13349
13350
13352
30725
30742
13381
13382
13384
30757
30758
13413
13414
13416
30773
30774
13447
13448
13450
30659
30790
30791
13479
13480
13482
30806
30807
13513
13514
13516
30823
30824
13547
13548
13550
30840
30841
13581
13582
13584
30858
15630
15631
15633
31865
31882
15662
15663
15665
31897
31898
15694
15695
15697
31913
31914
15726
15727
15729
31929
31930
15760
15761
15763
31813
31946
31947
15792
15793
15795
31962
31963
15826
15827
15829
31979
31980
15860
15861
15863
31997
17003
17004
17006
32551
32568
17035
17036
17038
32583
32584
17067
17068
17070
32599
32600
17099
17100
17102
32615
32616
17131
17132
17134
32631
32632
17165
17166
17168
32513
32648
32649
17197
17198
17200
32664
32665
17231
17232
17234
32682
18356
18357
18359
33227
33244
18388
18389
18391
33259
33260
18420
18421
18423
33275
33276
18452
18453
18455
33291
33292
18484
18485
18487
33307
33308
18516
18517
18519
33323
33324
18550
18551
18553
33203
33340
33341
18582
18583
18585
33357
19637
19638
19640
33884
19669
19670
19672
33899
33900
19701
19702
19704
33915
33916
19733
19734
19736
33931
33932
19765
19766
19768
33947
33948
19797
19798
19800
33963
33964
19829
19830
19832
33979
33980
19863
19864
19866
33857
33996
33997
20918
20919
27271
20921
27270
34521
34524
20950
20951
27295
20953
34539
34540
20982
20983
27343
20985
34555
34556
21014
21015
27391
21017
34571
34572
21046
21047
27439
21049
34587
34588
21078
21079
27487
21081
34603
34604
21110
21111
27535
21113
34619
34620
21144
21145
27584
21147
34495
34637
6925
6926
6927
7023
7073
7121
7129
7169
7177
7219
7227
7269
7277
7319
7327
7369
7377
7427
7477
7919
7951
7985
8017
8051
8085
8119
8153
8651
8683
8717
8749
8783
8817
8851
8885
10211
10243
10277
10309
10343
10377
10411
10445
11179
11211
11245
11277
11311
11345
11379
11413
12423
12455
12489
12521
12555
12589
12623
12657
13387
13419
13453
13485
13519
13553
13587
13621
15668
15700
15732
15766
15798
15832
15866
15900
17041
17073
17105
17137
17171
17203
17237
17271
18394
18426
18458
18490
18522
18556
18588
18622
19675
19707
19739
19771
19803
19835
19869
19901
20924
20956
20988
21020
21052
21084
21116
21150
6928
27480
27530
7021
7022
7024
27552
27578
7071
7072
7074
27216
27601
27603
7119
7120
27626
7122
27030
27625
27627
7167
7168
7130
7170
27649
27651
7217
7218
7178
7220
27674
27676
7267
7268
7228
7270
27699
27701
7317
7318
7278
7320
27724
27726
7367
7368
7328
7370
27751
7917
7918
7378
7428
7478
7920
28009
28026
7949
7950
7952
28041
28042
7983
7984
7986
27929
28058
28059
8015
8016
8018
28074
28075
8049
8050
8052
28091
28092
8083
8084
8086
28108
28109
8117
8118
8120
28125
28126
8151
8152
8154
28143
8649
8650
8652
28375
28392
8681
8682
8684
28407
28408
8715
8716
8718
28295
28424
28425
8747
8748
8750
28440
28441
8781
8782
8784
28457
28458
8815
8816
8818
28474
28475
8849
8850
8852
28491
28492
8883
8884
8886
28509
10209
10210
10212
29155
29172
10241
10242
10244
29187
29188
10275
10276
10278
29075
29204
29205
10307
10308
10310
29220
29221
10341
10342
10344
29237
29238
10375
10376
10378
29254
29255
10409
10410
10412
29271
29272
10443
10444
10446
29289
11177
11178
11180
29639
29656
11209
11210
11212
29671
29672
11243
11244
11246
29559
29688
29689
11275
11276
11278
29704
29705
11309
11310
11312
29721
29722
11343
11344
11346
29738
29739
11377
11378
11380
29755
29756
11411
11412
11414
29773
12421
12422
12424
30261
30278
12453
12454
12456
30293
30294
12487
12488
12490
30181
30310
30311
12519
12520
12522
30326
30327
12553
12554
12556
30343
30344
12587
12588
12590
30360
30361
12621
12622
12624
30377
30378
12655
12656
12658
30395
13385
13386
13388
30743
30760
13417
13418
13420
30775
30776
13451
13452
13454
30663
30792
30793
13483
13484
13486
30808
30809
13517
13518
13520
30825
30826
13551
13552
13554
30842
30843
13585
13586
13588
30859
30860
13619
13620
13622
30877
15666
15667
15669
31883
31900
15698
15699
15701
31915
31916
15730
15731
15733
31931
31932
15764
15765
15767
31817
31948
31949
15796
15797
15799
31964
31965
15830
15831
15833
31981
31982
15864
15865
15867
31998
31999
15898
15899
15901
32016
17039
17040
17042
32569
32586
17071
17072
17074
32601
32602
17103
17104
17106
32617
32618
17135
17136
17138
32633
32634
17169
17170
17172
32517
32650
32651
17201
17202
17204
32666
32667
17235
17236
17238
32683
32684
17269
17270
17272
32701
18392
18393
18395
33245
33262
18424
18425
18427
33277
33278
18456
18457
18459
33293
33294
18488
18489
18491
33309
33310
18520
18521
18523
33325
33326
18554
18555
18557
33207
33342
33343
18586
18587
18589
33358
33359
18620
18621
18623
33376
19673
19674
19676
33885
33902
19705
19706
19708
33917
33918
19737
19738
19740
33933
33934
19769
19770
19772
33949
33950
19801
19802
19804
33965
33966
19833
19834
19836
33981
33982
19867
19868
19870
33861
33998
33999
19899
19900
19902
34015
20922
20923
27274
20925
34526
20954
20955
27322
20957
27321
34541
34542
20986
20987
27346
20989
34557
34558
21018
21019
27394
21021
34573
34574
21050
21051
27442
21053
34589
34590
21082
21083
27490
21085
34605
34606
21114
21115
27538
21117
34621
34622
21148
21149
27587
21151
34499
34638
34639
7027
7028
7029
7031
7127
7135
7175
7185
7225
7233
7275
7283
7325
7333
7375
7383
7425
7433
7483
7955
7957
7989
8021
8055
8089
8123
8157
8191
8687
8689
8721
8753
8787
8821
8855
8889
8923
10247
10249
10281
10313
10347
10381
10415
10449
10483
11215
11217
11249
11281
11315
11349
11383
11417
11451
12459
12461
12493
12525
12559
12593
12627
12661
12695
13423
13425
13457
13489
13523
13557
13591
13625
13659
15704
15736
15770
15802
15836
15870
15904
15938
17077
17109
17141
17175
17207
17241
17275
17309
18430
18462
18494
18526
18560
18592
18626
18660
19711
19743
19775
19807
19839
19873
19905
19939
20960
20992
21024
21056
21088
21120
21154
21186
7030
27531
27581
7125
7126
7032
7128
27246
27604
27630
7173
7174
7136
7176
27652
27654
7223
7224
7186
7226
27677
27679
7273
7274
7234
7276
27702
27704
7323
7324
7284
7326
27727
27729
7373
7374
7334
7376
27752
27754
7423
7424
7384
7426
27779
7953
7954
7434
7484
7956
28027
28044
7987
7988
7958
7990
27933
28060
28061
8019
8020
8022
28076
28077
8053
8054
8056
28093
28094
8087
8088
8090
28110
28111
8121
8122
8124
28127
28128
8155
8156
8158
28144
28145
8189
8190
8192
28162
8685
8686
8688
28393
28410
8719
8720
8690
8722
28299
28426
28427
8751
8752
8754
28442
28443
8785
8786
8788
28459
28460
8819
8820
8822
28476
28477
8853
8854
8856
28493
28494
8887
8888
8890
28510
28511
8921
8922
8924
28528
10245
10246
10248
29173
29190
10279
10280
10250
10282
29079
29206
29207
10311
10312
10314
29222
29223
10345
10346
10348
29239
29240
10379
10380
10382
29256
29257
10413
10414
10416
29273
29274
10447
10448
10450
29290
29291
10481
10482
10484
29308
11213
11214
11216
29657
29674
11247
11248
11218
11250
29563
29690
29691
11279
11280
11282
29706
29707
11313
11314
11316
29723
29724
11347
11348
11350
29740
29741
11381
11382
11384
29757
29758
11415
11416
11418
29774
29775
11449
11450
11452
29792
12457
12458
12460
30279
30296
12491
12492
12462
12494
30185
30312
30313
12523
12524
12526
30328
30329
12557
12558
12560
30345
30346
12591
12592
12594
30362
30363
12625
12626
12628
30379
30380
12659
12660
12662
30396
30397
12693
12694
12696
30414
13421
13422
13424
30761
30778
13455
13456
13426
13458
30667
30794
30795
13487
13488
13490
30810
30811
13521
13522
13524
30827
30828
13555
13556
13558
30844
30845
13589
13590
13592
30861
30862
13623
13624
13626
30878
30879
13657
13658
13660
30896
15702
15703
15705
31901
31918
15734
15735
15737
31933
31934
15768
15769
15771
31821
31950
31951
15800
15801
15803
31966
31967
15834
15835
15837
31983
31984
15868
15869
15871
32000
32001
15902
15903
15905
32017
32018
15936
15937
15939
32035
17075
17076
17078
32587
32604
17107
17108
17110
32619
32620
17139
17140
17142
32635
32636
17173
17174
17176
32521
32652
32653
17205
17206
17208
32668
32669
17239
17240
17242
32685
32686
17273
17274
17276
32702
32703
17307
17308
17310
32720
18428
18429
18431
33263
33280
18460
18461
18463
33295
33296
18492
18493
18495
33311
33312
18524
18525
18527
33327
33328
18558
18559
18561
33211
33344
33345
18590
18591
18593
33360
33361
18624
18625
18627
33377
33378
18658
18659
18661
33395
19709
19710
19712
33903
33920
19741
19742
19744
33935
33936
19773
19774
19776
33951
33952
19805
19806
19808
33967
33968
19837
19838
19840
33983
33984
19871
19872
19874
33865
34000
34001
19903
19904
19906
34016
34017
19937
19938
19940
34034
20958
20959
27325
20961
34527
34544
20990
20991
27373
20993
27372
34559
34560
21022
21023
27397
21025
34575
34576
21054
21055
27445
21057
34591
34592
21086
21087
27493
21089
34607
34608
21118
21119
27541
21121
34623
34624
21152
21153
27590
21155
34503
34640
34641
21184
21185
27638
21187
34657
7131
7132
7133
7181
7183
7191
7231
7241
7281
7289
7331
7339
7381
7389
7431
7439
7481
7489
7993
8025
8027
8059
8093
8127
8161
8195
8229
8725
8757
8759
8791
8825
8859
8893
8927
8961
9003
10285
10317
10319
10351
10385
10419
10453
10487
10521
11253
11285
11287
11319
11353
11387
11421
11455
11489
12497
12529
12531
12563
12597
12631
12665
12699
12733
13461
13493
13495
13527
13561
13595
13629
13663
13697
15740
15742
15774
15806
15840
15874
15908
15942
15976
17113
17145
17179
17211
17245
17279
17313
17347
18466
18498
18530
18564
18596
18630
18664
18698
19747
19779
19811
19843
19877
19909
19943
19977
20996
21028
21060
21092
21124
21158
21190
21224
7134
27582
27583
27633
7179
7180
7182
27655
27657
7229
7230
7184
7192
7232
27680
27682
7279
7280
7242
7282
27705
27707
7329
7330
7290
7332
27730
27732
7379
7380
7340
7382
27755
27757
7429
7430
7390
7432
27780
27782
7479
7480
7440
7482
27273
27807
7991
7992
7490
7994
28045
28046
28063
8023
8024
8026
28078
28079
8057
8058
8028
8060
28095
28096
8091
8092
8094
28112
28113
8125
8126
8128
28129
28130
8159
8160
8162
28146
28147
8193
8194
8196
28163
28164
8227
8228
8230
27935
28181
8723
8724
8726
28411
28412
28429
8755
8756
8758
28444
28445
8789
8790
8760
8792
28461
28462
8823
8824
8826
28478
28479
8857
8858
8860
28495
28496
8891
8892
8894
28512
28513
8925
8926
8928
28529
28530
8959
8960
8962
28301
28547
10283
10284
9004
10286
29191
29192
29209
10315
10316
10318
29224
29225
10349
10350
10320
10352
29241
29242
10383
10384
10386
29258
29259
10417
10418
10420
29275
29276
10451
10452
10454
29292
29293
10485
10486
10488
29309
29310
10519
10520
10522
29081
29327
11251
11252
11254
29675
29676
29693
11283
11284
11286
29708
29709
11317
11318
11288
11320
29725
29726
11351
11352
11354
29742
29743
11385
11386
11388
29759
29760
11419
11420
11422
29776
29777
11453
11454
11456
29793
29794
11487
11488
11490
29565
29811
12495
12496
12498
30297
30298
30315
12527
12528
12530
30330
30331
12561
12562
12532
12564
30347
30348
12595
12596
12598
30364
30365
12629
12630
12632
30381
30382
12663
12664
12666
30398
30399
12697
12698
12700
30415
30416
12731
12732
12734
30187
30433
13459
13460
13462
30779
30780
30797
13491
13492
13494
30812
30813
13525
13526
13496
13528
30829
30830
13559
13560
13562
30846
30847
13593
13594
13596
30863
30864
13627
13628
13630
30880
30881
13661
13662
13664
30897
30898
13695
13696
13698
30669
30915
15738
15739
15741
31919
31936
15772
15773
15743
15775
31825
31952
31953
15804
15805
15807
31968
31969
15838
15839
15841
31985
31986
15872
15873
15875
32002
32003
15906
15907
15909
32019
32020
15940
15941
15943
32036
32037
15974
15975
15977
32054
17111
17112
17114
32605
32622
17143
17144
17146
32637
32638
17177
17178
17180
32525
32654
32655
17209
17210
17212
32670
32671
17243
17244
17246
32687
32688
17277
17278
17280
32704
32705
17311
17312
17314
32721
32722
17345
17346
17348
32739
18464
18465
18467
33281
33298
18496
18497
18499
33313
33314
18528
18529
18531
33329
33330
18562
18563
18565
33215
33346
33347
18594
18595
18597
33362
33363
18628
18629
18631
33379
33380
18662
18663
18665
33396
33397
18696
18697
18699
33414
19745
19746
19748
33921
33938
19777
19778
19780
33953
33954
19809
19810
19812
33969
33970
19841
19842
19844
33985
33986
19875
19876
19878
33869
34002
34003
19907
19908
19910
34018
34019
19941
19942
19944
34035
34036
19975
19976
19978
34053
20994
20995
27376
20997
34545
34562
21026
21027
27424
21029
27423
34577
34578
21058
21059
27448
21061
34593
34594
21090
21091
27496
21093
34609
34610
21122
21123
27544
21125
34625
34626
21156
21157
27593
21159
34507
34642
34643
21188
21189
27641
21191
34658
34659
21222
21223
27666
21225
34676
7137
7138
7139
7189
7237
7239
7247
7287
7297
7337
7345
7387
7395
7437
7445
7487
7495
7997
8031
8063
8065
8097
8131
8165
8199
8233
8729
8763
8795
8797
8829
8863
8897
8931
8965
9009
9121
10289
10323
10355
10357
10389
10423
10457
10491
10525
11257
11291
11323
11325
11357
11391
11425
11459
11493
12501
12535
12567
12569
12601
12635
12669
12703
12737
13465
13499
13531
13533
13565
13599
13633
13667
13701
15778
15810
15812
15844
15878
15912
15946
15980
16014
17149
17151
17183
17215
17249
17283
17317
17351
17385
18502
18534
18568
18600
18634
18668
18702
18736
19783
19815
19847
19881
19913
19947
19981
20015
21032
21064
21096
21128
21162
21194
21228
21262
7140
27636
7187
7188
7190
27658
27659
27661
7235
7236
7238
27683
27685
7285
7286
7240
7248
7288
27708
27710
7335
7336
7298
7338
27733
27735
7385
7386
7346
7388
27758
27760
7435
7436
7396
7438
27783
27785
7485
7486
7446
7488
27324
27808
27810
7995
7996
7496
7998
28065
8029
8030
8032
28080
28081
28082
8061
8062
8064
28097
28098
8095
8096
8066
8098
28114
28115
8129
8130
8132
28131
28132
8163
8164
8166
28148
28149
8197
8198
8200
28165
28166
8231
8232
8234
27953
28182
28183
8727
8728
8730
28431
8761
8762
8764
28446
28447
28448
8793
8794
8796
28463
28464
8827
8828
8798
8830
28480
28481
8861
8862
8864
28497
28498
8895
8896
8898
28514
28515
8929
8930
8932
28531
28532
8963
8964
8966
28319
28548
28549
10287
10288
9010
9122
10290
29211
10321
10322
10324
29226
29227
29228
10353
10354
10356
29243
29244
10387
10388
10358
10390
29260
29261
10421
10422
10424
29277
29278
10455
10456
10458
29294
29295
10489
10490
10492
29311
29312
10523
10524
10526
29099
29328
29329
11255
11256
11258
29695
11289
11290
11292
29710
29711
29712
11321
11322
11324
29727
29728
11355
11356
11326
11358
29744
29745
11389
11390
11392
29761
29762
11423
11424
11426
29778
29779
11457
11458
11460
29795
29796
11491
11492
11494
29583
29812
29813
12499
12500
12502
30317
12533
12534
12536
30332
30333
30334
12565
12566
12568
30349
30350
12599
12600
12570
12602
30366
30367
12633
12634
12636
30383
30384
12667
12668
12670
30400
30401
12701
12702
12704
30417
30418
12735
12736
12738
30205
30434
30435
13463
13464
13466
30799
13497
13498
13500
30814
30815
30816
13529
13530
13532
30831
30832
13563
13564
13534
13566
30848
30849
13597
13598
13600
30865
30866
13631
13632
13634
30882
30883
13665
13666
13668
30899
30900
13699
13700
13702
30687
30916
30917
15776
15777
15779
31937
31938
31955
15808
15809
15811
31970
31971
15842
15843
15813
15845
31987
31988
15876
15877
15879
32004
32005
15910
15911
15913
32021
32022
15944
15945
15947
32038
32039
15978
15979
15981
32055
32056
16012
16013
16015
31827
32073
17147
17148
17150
32623
32640
17181
17182
17152
17184
32529
32656
32657
17213
17214
17216
32672
32673
17247
17248
17250
32689
32690
17281
17282
17284
32706
32707
17315
17316
17318
32723
32724
17349
17350
17352
32740
32741
17383
17384
17386
32758
18500
18501
18503
33299
33316
18532
18533
18535
33331
33332
18566
18567
18569
33219
33348
33349
18598
18599
18601
33364
33365
18632
18633
18635
33381
33382
18666
18667
18669
33398
33399
18700
18701
18703
33415
33416
18734
18735
18737
33433
19781
19782
19784
33939
33956
19813
19814
19816
33971
33972
19845
19846
19848
33987
33988
19879
19880
19882
33873
34004
34005
19911
19912
19914
34020
34021
19945
19946
19948
34037
34038
19979
19980
19982
34054
34055
20013
20014
20016
34072
21030
21031
27427
21033
34563
34580
21062
21063
27475
21065
27474
34595
34596
21094
21095
27499
21097
34611
34612
21126
21127
27547
21129
34627
34628
21160
21161
27596
21163
34511
34644
34645
21192
21193
27644
21195
34660
34661
21226
21227
27669
21229
34677
34678
21260
21261
27694
21263
34695
7193
7194
7195
7245
7293
7295
7303
7343
7353
7393
7401
7443
7451
7493
7501
8035
8069
8101
8103
8135
8169
8203
8237
8767
8801
8833
8835
8867
8901
8935
8969
9007
9015
9053
9085
9127
9239
10327
10361
10393
10395
10427
10461
10495
10529
10563
11295
11329
11361
11363
11395
11429
11463
11497
11531
12539
12573
12605
12607
12639
12673
12707
12741
12775
13503
13537
13569
13571
13603
13637
13671
13705
13739
15782
15816
15848
15850
15882
15916
15950
15984
16018
17187
17219
17221
17253
17287
17321
17355
17389
17423
18538
18540
18572
18604
18638
18672
18706
18740
18774
19819
19851
19885
19917
19951
19985
20019
20053
21068
21100
21132
21166
21198
21232
21266
21300
7196
27637
27664
7243
7244
7246
27686
27687
27689
7291
7292
7294
27711
27713
7341
7342
7296
7304
7344
27736
27738
7391
7392
7354
7394
27761
27763
7441
7442
7402
7444
27786
27788
7491
7492
7452
7494
27375
27811
27813
8033
8034
7502
8036
28066
28084
8067
8068
8070
28099
28100
28101
8099
8100
8102
28116
28117
8133
8134
8104
8136
28133
28134
8167
8168
8170
28150
28151
8201
8202
8204
28167
28168
8235
8236
8238
27971
28184
28185
8765
8766
8768
28432
28450
8799
8800
8802
28465
28466
28467
8831
8832
8834
28482
28483
8865
8866
8836
8868
28499
28500
8899
8900
8902
28516
28517
8933
8934
8936
28533
28534
8967
8968
8970
28337
28550
28551
9005
9006
9008
28570
9051
9052
9016
9054
28593
9083
9084
9086
28609
10325
10326
9128
9240
10328
29212
29230
10359
10360
10362
29245
29246
29247
10391
10392
10394
29262
29263
10425
10426
10396
10428
29279
29280
10459
10460
10462
29296
29297
10493
10494
10496
29313
29314
10527
10528
10530
29117
29330
29331
10561
10562
10564
29348
11293
11294
11296
29696
29714
11327
11328
11330
29729
29730
29731
11359
11360
11362
29746
29747
11393
11394
11364
11396
29763
29764
11427
11428
11430
29780
29781
11461
11462
11464
29797
29798
11495
11496
11498
29601
29814
29815
11529
11530
11532
29832
12537
12538
12540
30318
30336
12571
12572
12574
30351
30352
30353
12603
12604
12606
30368
30369
12637
12638
12608
12640
30385
30386
12671
12672
12674
30402
30403
12705
12706
12708
30419
30420
12739
12740
12742
30223
30436
30437
12773
12774
12776
30454
13501
13502
13504
30800
30818
13535
13536
13538
30833
30834
30835
13567
13568
13570
30850
30851
13601
13602
13572
13604
30867
30868
13635
13636
13638
30884
30885
13669
13670
13672
30901
30902
13703
13704
13706
30705
30918
30919
13737
13738
13740
30936
15780
15781
15783
31957
15814
15815
15817
31972
31973
31974
15846
15847
15849
31989
31990
15880
15881
15851
15883
32006
32007
15914
15915
15917
32023
32024
15948
15949
15951
32040
32041
15982
15983
15985
32057
32058
16016
16017
16019
31845
32074
32075
17185
17186
17188
32641
32642
32659
17217
17218
17220
32674
32675
17251
17252
17222
17254
32691
32692
17285
17286
17288
32708
32709
17319
17320
17322
32725
32726
17353
17354
17356
32742
32743
17387
17388
17390
32759
32760
17421
17422
17424
32531
32777
18536
18537
18539
33317
33334
18570
18571
18541
18573
33223
33350
33351
18602
18603
18605
33366
33367
18636
18637
18639
33383
33384
18670
18671
18673
33400
33401
18704
18705
18707
33417
33418
18738
18739
18741
33434
33435
18772
18773
18775
33452
19817
19818
19820
33957
33974
19849
19850
19852
33989
33990
19883
19884
19886
33877
34006
34007
19915
19916
19918
34022
34023
19949
19950
19952
34039
34040
19983
19984
19986
34056
34057
20017
20018
20020
34073
34074
20051
20052
20054
34091
21066
21067
27478
21069
34581
34598
21098
21099
27526
21101
27525
34613
34614
21130
21131
27550
21133
34629
34630
21164
21165
27599
21167
34515
34646
34647
21196
21197
27647
21199
34662
34663
21230
21231
27672
21233
34679
34680
21264
21265
27697
21267
34696
34697
21298
21299
27722
21301
34714
7249
7250
7251
7301
7349
7351
7359
7399
7409
7449
7457
7499
7507
8073
8107
8139
8141
8173
8207
8241
8805
8839
8871
8873
8905
8939
8973
9013
9021
9057
9089
9125
9133
9171
9203
9245
9357
10365
10399
10431
10433
10465
10499
10533
10567
10599
11333
11367
11399
11401
11433
11467
11501
11535
11567
12577
12611
12643
12645
12677
12711
12745
12779
12811
13541
13575
13607
13609
13641
13675
13709
13743
13775
15820
15854
15886
15888
15920
15954
15988
16022
16056
17191
17225
17257
17259
17291
17325
17359
17393
17427
18576
18608
18610
18642
18676
18710
18744
18778
18812
19855
19857
19889
19921
19955
19989
20023
20057
20091
21104
21136
21170
21202
21236
21270
21304
21338
7252
27665
27692
7299
7300
7302
27714
27715
27717
7347
7348
7350
27739
27741
7397
7398
7352
7360
7400
27764
27766
7447
7448
7410
7450
27789
27791
7497
7498
7458
7500
27426
27814
27816
8071
8072
7508
8074
28085
28103
8105
8106
8108
28118
28119
28120
8137
8138
8140
28135
28136
8171
8172
8142
8174
28152
28153
8205
8206
8208
28169
28170
8239
8240
8242
27989
28186
28187
8803
8804
8806
28451
28469
8837
8838
8840
28484
28485
28486
8869
8870
8872
28501
28502
8903
8904
8874
8906
28518
28519
8937
8938
8940
28535
28536
8971
8972
8974
28355
28552
28553
9011
9012
9014
28571
28573
9055
9056
9022
9058
28594
28595
9087
9088
9090
28610
28611
9123
9124
9126
28629
9169
9170
9134
9172
28652
9201
9202
9204
28668
10363
10364
9246
9358
10366
29231
29249
10397
10398
10400
29264
29265
29266
10429
10430
10432
29281
29282
10463
10464
10434
10466
29298
29299
10497
10498
10500
29315
29316
10531
10532
10534
29135
29332
29333
10565
10566
10568
29349
29350
10597
10598
10600
29366
11331
11332
11334
29715
29733
11365
11366
11368
29748
29749
29750
11397
11398
11400
29765
29766
11431
11432
11402
11434
29782
29783
11465
11466
11468
29799
29800
11499
11500
11502
29619
29816
29817
11533
11534
11536
29833
29834
11565
11566
11568
29850
12575
12576
12578
30337
30355
12609
12610
12612
30370
30371
30372
12641
12642
12644
30387
30388
12675
12676
12646
12678
30404
30405
12709
12710
12712
30421
30422
12743
12744
12746
30241
30438
30439
12777
12778
12780
30455
30456
12809
12810
12812
30472
13539
13540
13542
30819
30837
13573
13574
13576
30852
30853
30854
13605
13606
13608
30869
30870
13639
13640
13610
13642
30886
30887
13673
13674
13676
30903
30904
13707
13708
13710
30723
30920
30921
13741
13742
13744
30937
30938
13773
13774
13776
30954
15818
15819
15821
31958
31976
15852
15853
15855
31991
31992
31993
15884
15885
15887
32008
32009
15918
15919
15889
15921
32025
32026
15952
15953
15955
32042
32043
15986
15987
15989
32059
32060
16020
16021
16023
31863
32076
32077
16054
16055
16057
32094
17189
17190
17192
32661
17223
17224
17226
32676
32677
32678
17255
17256
17258
32693
32694
17289
17290
17260
17292
32710
32711
17323
17324
17326
32727
32728
17357
17358
17360
32744
32745
17391
17392
17394
32761
32762
17425
17426
17428
32549
32778
32779
18574
18575
18577
33335
33336
33353
18606
18607
18609
33368
33369
18640
18641
18611
18643
33385
33386
18674
18675
18677
33402
33403
18708
18709
18711
33419
33420
18742
18743
18745
33436
33437
18776
18777
18779
33453
33454
18810
18811
18813
33225
33471
19853
19854
19856
33975
33992
19887
19888
19858
19890
33881
34008
34009
19919
19920
19922
34024
34025
19953
19954
19956
34041
34042
19987
19988
19990
34058
34059
20021
20022
20024
34075
34076
20055
20056
20058
34092
34093
20089
20090
20092
34110
21102
21103
27529
21105
34599
34616
21134
21135
27577
21137
27576
34631
34632
21168
21169
27602
21171
34519
34648
34649
21200
21201
27650
21203
34664
34665
21234
21235
27675
21237
34681
34682
21268
21269
27700
21271
34698
34699
21302
21303
27725
21305
34715
34716
21336
21337
27750
21339
34733
7305
7306
7307
7357
7405
7407
7415
7455
7465
7505
7513
8111
8145
8177
8179
8211
8245
8843
8877
8909
8911
8943
8977
9019
9027
9061
9093
9131
9139
9175
9207
9243
9251
9289
9321
9363
9475
10403
10437
10469
10471
10503
10537
10571
10603
10635
11371
11405
11437
11439
11471
11505
11539
11571
11603
12615
12649
12681
12683
12715
12749
12783
12815
12847
13579
13613
13645
13647
13679
13713
13747
13779
13811
15858
15892
15924
15926
15958
15992
16026
16060
16092
17229
17263
17295
17297
17329
17363
17397
17431
17465
18580
18614
18646
18648
18680
18714
18748
18782
18816
19893
19925
19927
19959
19993
20027
20061
20095
20129
21140
21142
21174
21206
21240
21274
21308
21342
21376
7308
27693
27720
7355
7356
7358
27742
27743
27745
7403
7404
7406
27767
27769
7453
7454
7408
7416
7456
27792
27794
7503
7504
7466
7506
27477
27817
27819
8109
8110
7514
8112
28104
28122
8143
8144
8146
28137
28138
28139
8175
8176
8178
28154
28155
8209
8210
8180
8212
28171
28172
8243
8244
8246
28007
28188
28189
8841
8842
8844
28470
28488
8875
8876
8878
28503
28504
28505
8907
8908
8910
28520
28521
8941
8942
8912
8944
28537
28538
8975
8976
8978
28373
28554
28555
9017
9018
9020
28574
28576
9059
9060
9028
9062
28596
28597
9091
9092
9094
28612
28613
9129
9130
9132
28630
28632
9173
9174
9140
9176
28653
28654
9205
9206
9208
28669
28670
9241
9242
9244
28688
9287
9288
9252
9290
28711
9319
9320
9322
28727
10401
10402
9364
9476
10404
29250
29268
10435
10436
10438
29283
29284
29285
10467
10468
10470
29300
29301
10501
10502
10472
10504
29317
29318
10535
10536
10538
29153
29334
29335
10569
10570
10572
29351
29352
10601
10602
10604
29367
29368
10633
10634
10636
29384
11369
11370
11372
29734
29752
11403
11404
11406
29767
29768
29769
11435
11436
11438
29784
29785
11469
11470
11440
11472
29801
29802
11503
11504
11506
29637
29818
29819
11537
11538
11540
29835
29836
11569
11570
11572
29851
29852
11601
11602
11604
29868
12613
12614
12616
30356
30374
12647
12648
12650
30389
30390
30391
12679
12680
12682
30406
30407
12713
12714
12684
12716
30423
30424
12747
12748
12750
30259
30440
30441
12781
12782
12784
30457
30458
12813
12814
12816
30473
30474
12845
12846
12848
30490
13577
13578
13580
30838
30856
13611
13612
13614
30871
30872
30873
13643
13644
13646
30888
30889
13677
13678
13648
13680
30905
30906
13711
13712
13714
30741
30922
30923
13745
13746
13748
30939
30940
13777
13778
13780
30955
30956
13809
13810
13812
30972
15856
15857
15859
31977
31995
15890
15891
15893
32010
32011
32012
15922
15923
15925
32027
32028
15956
15957
15927
15959
32044
32045
15990
15991
15993
32061
32062
16024
16025
16027
31881
32078
32079
16058
16059
16061
32095
32096
16090
16091
16093
32112
17227
17228
17230
32662
32680
17261
17262
17264
32695
32696
32697
17293
17294
17296
32712
32713
17327
17328
17298
17330
32729
32730
17361
17362
17364
32746
32747
17395
17396
17398
32763
32764
17429
17430
17432
32567
32780
32781
17463
17464
17466
32798
18578
18579
18581
33355
18612
18613
18615
33370
33371
33372
18644
18645
18647
33387
33388
18678
18679
18649
18681
33404
33405
18712
18713
18715
33421
33422
18746
18747
18749
33438
33439
18780
18781
18783
33455
33456
18814
18815
18817
33243
33472
33473
19891
19892
19894
33993
33994
34011
19923
19924
19926
34026
34027
19957
19958
19928
19960
34043
34044
19991
19992
19994
34060
34061
20025
20026
20028
34077
34078
20059
20060
20062
34094
34095
20093
20094
20096
34111
34112
20127
20128
20130
33883
34129
21138
21139
27580
21141
34617
34634
21172
21173
27629
21143
21175
27628
34523
34650
34651
21204
21205
27653
21207
34666
34667
21238
21239
27678
21241
34683
34684
21272
21273
27703
21275
34700
34701
21306
21307
27728
21309
34717
34718
21340
21341
27753
21343
34734
34735
21374
21375
27778
21377
34752
7361
7362
7363
7413
7461
7463
7471
7511
7521
8149
8183
8215
8217
8249
8881
8915
8947
8949
8981
9025
9033
9065
9097
9137
9145
9179
9211
9249
9257
9293
9325
9361
9369
9407
9439
9481
9593
10441
10475
10507
10509
10541
10575
10607
10639
10671
11409
11443
11475
11477
11509
11543
11575
11607
11639
12653
12687
12719
12721
12753
12787
12819
12851
12883
13617
13651
13683
13685
13717
13751
13783
13815
13847
15896
15930
15962
15964
15996
16030
16064
16096
16128
17267
17301
17333
17335
17367
17401
17435
17469
17501
18618
18652
18684
18686
18718
18752
18786
18820
18854
19897
19931
19963
19965
19997
20031
20065
20099
20133
21178
21210
21212
21244
21278
21312
21346
21380
21414
7364
27721
27748
7411
7412
7414
27770
27771
27773
7459
7460
7462
27795
27797
7509
7510
7464
7472
7512
27528
27820
27822
8147
8148
7522
8150
28123
28141
8181
8182
8184
28156
28157
28158
8213
8214
8216
28173
28174
8247
8248
8218
8250
28025
28190
28191
8879
8880
8882
28489
28507
8913
8914
8916
28522
28523
28524
8945
8946
8948
28539
28540
8979
8980
8950
8982
28391
28556
28557
9023
9024
9026
28577
28579
9063
9064
9034
9066
28598
28599
9095
9096
9098
28614
28615
9135
9136
9138
28633
28635
9177
9178
9146
9180
28655
28656
9209
9210
9212
28671
28672
9247
9248
9250
28689
28691
9291
9292
9258
9294
28712
28713
9323
9324
9326
28728
28729
9359
9360
9362
28747
9405
9406
9370
9408
28770
9437
9438
9440
28786
10439
10440
9482
9594
10442
29269
29287
10473
10474
10476
29302
29303
29304
10505
10506
10508
29319
29320
10539
10540
10510
10542
29171
29336
29337
10573
10574
10576
29353
29354
10605
10606
10608
29369
29370
10637
10638
10640
29385
29386
10669
10670
10672
29402
11407
11408
11410
29753
29771
11441
11442
11444
29786
29787
29788
11473
11474
11476
29803
29804
11507
11508
11478
11510
29655
29820
29821
11541
11542
11544
29837
29838
11573
11574
11576
29853
29854
11605
11606
11608
29869
29870
11637
11638
11640
29886
12651
12652
12654
30375
30393
12685
12686
12688
30408
30409
30410
12717
12718
12720
30425
30426
12751
12752
12722
12754
30277
30442
30443
12785
12786
12788
30459
30460
12817
12818
12820
30475
30476
12849
12850
12852
30491
30492
12881
12882
12884
30508
13615
13616
13618
30857
30875
13649
13650
13652
30890
30891
30892
13681
13682
13684
30907
30908
13715
13716
13686
13718
30759
30924
30925
13749
13750
13752
30941
30942
13781
13782
13784
30957
30958
13813
13814
13816
30973
30974
13845
13846
13848
30990
15894
15895
15897
31996
32014
15928
15929
15931
32029
32030
32031
15960
15961
15963
32046
32047
15994
15995
15965
15997
32063
32064
16028
16029
16031
31899
32080
32081
16062
16063
16065
32097
32098
16094
16095
16097
32113
32114
16126
16127
16129
32130
17265
17266
17268
32681
32699
17299
17300
17302
32714
32715
32716
17331
17332
17334
32731
32732
17365
17366
17336
17368
32748
32749
17399
17400
17402
32765
32766
17433
17434
17436
32585
32782
32783
17467
17468
17470
32799
32800
17499
17500
17502
32816
18616
18617
18619
33356
33374
18650
18651
18653
33389
33390
33391
18682
18683
18685
33406
33407
18716
18717
18687
18719
33423
33424
18750
18751
18753
33440
33441
18784
18785
18787
33457
33458
18818
18819
18821
33261
33474
33475
18852
18853
18855
33492
19895
19896
19898
34013
19929
19930
19932
34028
34029
34030
19961
19962
19964
34045
34046
19995
19996
19966
19998
34062
34063
20029
20030
20032
34079
34080
20063
20064
20066
34096
34097
20097
20098
20100
34113
34114
20131
20132
20134
33901
34130
34131
21176
21177
27632
21179
34635
34636
34653
21208
21209
27656
21211
34668
34669
21242
21243
27681
21213
21245
34685
34686
21276
21277
27706
21279
34702
34703
21310
21311
27731
21313
34719
34720
21344
21345
27756
21347
34736
34737
21378
21379
27781
21381
34753
34754
21412
21413
27806
21415
34525
34771
7417
7418
7419
7469
7517
7519
7527
8187
8221
8253
8255
8919
8953
8985
8987
9031
9039
9069
9101
9143
9151
9183
9215
9255
9263
9297
9329
9367
9375
9411
9443
9479
9487
9525
9557
9599
9711
10479
10513
10545
10547
10579
10611
10643
10675
10707
11447
11481
11513
11515
11547
11579
11611
11643
11675
12691
12725
12757
12759
12791
12823
12855
12887
12919
13655
13689
13721
13723
13755
13787
13819
13851
13883
15934
15968
16000
16002
16034
16068
16100
16132
16164
17305
17339
17371
17373
17405
17439
17473
17505
17537
18656
18690
18722
18724
18756
18790
18824
18858
18890
19935
19969
20001
20003
20035
20069
20103
20137
20171
21182
21216
21248
21250
21282
21316
21350
21384
21418
7420
27749
27776
7467
7468
7470
27798
27799
27801
7515
7516
7518
27579
27823
27825
8185
8186
7520
7528
8188
28142
28160
8219
8220
8222
28175
28176
28177
8251
8252
8254
28043
28192
28193
8917
8918
8256
8920
28508
28526
8951
8952
8954
28541
28542
28543
8983
8984
8986
28409
28558
28559
9029
9030
8988
9032
28580
28582
9067
9068
9040
9070
28600
28601
9099
9100
9102
28616
28617
9141
9142
9144
28636
28638
9181
9182
9152
9184
28657
28658
9213
9214
9216
28673
28674
9253
9254
9256
28692
28694
9295
9296
9264
9298
28714
28715
9327
9328
9330
28730
28731
9365
9366
9368
28748
28750
9409
9410
9376
9412
28771
28772
9441
9442
9444
28787
28788
9477
9478
9480
28806
9523
9524
9488
9526
28829
9555
9556
9558
28845
10477
10478
9600
9712
10480
29288
29306
10511
10512
10514
29321
29322
29323
10543
10544
10546
29189
29338
29339
10577
10578
10548
10580
29355
29356
10609
10610
10612
29371
29372
10641
10642
10644
29387
29388
10673
10674
10676
29403
29404
10705
10706
10708
29420
11445
11446
11448
29772
29790
11479
11480
11482
29805
29806
29807
11511
11512
11514
29673
29822
29823
11545
11546
11516
11548
29839
29840
11577
11578
11580
29855
29856
11609
11610
11612
29871
29872
11641
11642
11644
29887
29888
11673
11674
11676
29904
12689
12690
12692
30394
30412
12723
12724
12726
30427
30428
30429
12755
12756
12758
30295
30444
30445
12789
12790
12760
12792
30461
30462
12821
12822
12824
30477
30478
12853
12854
12856
30493
30494
12885
12886
12888
30509
30510
12917
12918
12920
30526
13653
13654
13656
30876
30894
13687
13688
13690
30909
30910
30911
13719
13720
13722
30777
30926
30927
13753
13754
13724
13756
30943
30944
13785
13786
13788
30959
30960
13817
13818
13820
30975
30976
13849
13850
13852
30991
30992
13881
13882
13884
31008
15932
15933
15935
32015
32033
15966
15967
15969
32048
32049
32050
15998
15999
16001
32065
32066
16032
16033
16003
16035
31917
32082
32083
16066
16067
16069
32099
32100
16098
16099
16101
32115
32116
16130
16131
16133
32131
32132
16162
16163
16165
32148
17303
17304
17306
32700
32718
17337
17338
17340
32733
32734
32735
17369
17370
17372
32750
32751
17403
17404
17374
17406
32767
32768
17437
17438
17440
32603
32784
32785
17471
17472
17474
32801
32802
17503
17504
17506
32817
32818
17535
17536
17538
32834
18654
18655
18657
33375
33393
18688
18689
18691
33408
33409
33410
18720
18721
18723
33425
33426
18754
18755
18725
18757
33442
33443
18788
18789
18791
33459
33460
18822
18823
18825
33279
33476
33477
18856
18857
18859
33493
33494
18888
18889
18891
33510
19933
19934
19936
34014
34032
19967
19968
19970
34047
34048
34049
19999
20000
20002
34064
34065
20033
20034
20004
20036
34081
34082
20067
20068
20070
34098
34099
20101
20102
20104
34115
34116
20135
20136
20138
33919
34132
34133
20169
20170
20172
34150
21180
21181
27635
21183
34655
21214
21215
27660
21217
34670
34671
34672
21246
21247
27684
21249
34687
34688
21280
21281
27709
21251
21283
34704
34705
21314
21315
27734
21317
34721
34722
21348
21349
27759
21351
34738
34739
21382
21383
27784
21385
34755
34756
21416
21417
27809
21419
34543
34772
34773
7473
7474
7475
7525
8225
8259
8957
8991
8997
9037
9045
9073
9105
9149
9157
9187
9219
9261
9269
9301
9333
9373
9381
9415
9447
9485
9493
9529
9561
9597
9605
9643
9675
9717
10517
10551
10583
10615
10647
10679
10711
10743
11485
11519
11551
11583
11615
11647
11679
11711
12729
12763
12795
12827
12859
12891
12923
12955
13693
13727
13759
13791
13823
13855
13887
13919
15972
16006
16038
16040
16072
16104
16136
16168
16200
17343
17377
17409
17411
17443
17477
17509
17541
17573
18694
18728
18760
18762
18794
18828
18862
18894
18926
19973
20007
20039
20041
20073
20107
20141
20175
20207
21220
21254
21286
21288
21320
21354
21388
21422
21456
7476
27777
27804
7523
7524
7526
27631
27826
27827
27829
8223
8224
8226
28161
28179
8257
8258
8260
28062
28194
28195
28196
8955
8956
8958
28527
28545
8989
8990
8992
28428
28560
28561
28562
9035
9036
8998
9038
28583
28585
9071
9072
9046
9074
28602
28603
9103
9104
9106
28618
28619
9147
9148
9150
28639
28641
9185
9186
9158
9188
28659
28660
9217
9218
9220
28675
28676
9259
9260
9262
28695
28697
9299
9300
9270
9302
28716
28717
9331
9332
9334
28732
28733
9371
9372
9374
28751
28753
9413
9414
9382
9416
28773
28774
9445
9446
9448
28789
28790
9483
9484
9486
28807
28809
9527
9528
9494
9530
28830
28831
9559
9560
9562
28846
28847
9595
9596
9598
28865
9641
9642
9606
9644
28888
9673
9674
9676
28904
10515
10516
9718
10518
29307
29325
10549
10550
10552
29208
29340
29341
29342
10581
10582
10584
29357
29358
10613
10614
10616
29373
29374
10645
10646
10648
29389
29390
10677
10678
10680
29405
29406
10709
10710
10712
29421
29422
10741
10742
10744
29438
11483
11484
11486
29791
29809
11517
11518
11520
29692
29824
29825
29826
11549
11550
11552
29841
29842
11581
11582
11584
29857
29858
11613
11614
11616
29873
29874
11645
11646
11648
29889
29890
11677
11678
11680
29905
29906
11709
11710
11712
29922
12727
12728
12730
30413
30431
12761
12762
12764
30314
30446
30447
30448
12793
12794
12796
30463
30464
12825
12826
12828
30479
30480
12857
12858
12860
30495
30496
12889
12890
12892
30511
30512
12921
12922
12924
30527
30528
12953
12954
12956
30544
13691
13692
13694
30895
30913
13725
13726
13728
30796
30928
30929
30930
13757
13758
13760
30945
30946
13789
13790
13792
30961
30962
13821
13822
13824
30977
30978
13853
13854
13856
30993
30994
13885
13886
13888
31009
31010
13917
13918
13920
31026
15970
15971
15973
32034
32052
16004
16005
16007
32067
32068
32069
16036
16037
16039
31935
32084
32085
16070
16071
16041
16073
32101
32102
16102
16103
16105
32117
32118
16134
16135
16137
32133
32134
16166
16167
16169
32149
32150
16198
16199
16201
32166
17341
17342
17344
32719
32737
17375
17376
17378
32752
32753
32754
17407
17408
17410
32769
32770
17441
17442
17412
17444
32621
32786
32787
17475
17476
17478
32803
32804
17507
17508
17510
32819
32820
17539
17540
17542
32835
32836
17571
17572
17574
32852
18692
18693
18695
33394
33412
18726
18727
18729
33427
33428
33429
18758
18759
18761
33444
33445
18792
18793
18763
18795
33461
33462
18826
18827
18829
33297
33478
33479
18860
18861
18863
33495
33496
18892
18893
18895
33511
33512
18924
18925
18927
33528
19971
19972
19974
34033
34051
20005
20006
20008
34066
34067
34068
20037
20038
20040
34083
34084
20071
20072
20042
20074
34100
34101
20105
20106
20108
34117
34118
20139
20140
20142
33937
34134
34135
20173
20174
20176
34151
34152
20205
20206
20208
34168
21218
21219
27663
21221
34656
34674
21252
21253
27688
21255
34689
34690
34691
21284
21285
27712
21287
34706
34707
21318
21319
27737
21289
21321
34723
34724
21352
21353
27762
21355
34740
34741
21386
21387
27787
21389
34757
34758
21420
21421
27812
21423
34561
34774
34775
21454
21455
28569
21457
34792
7529
7530
7531
8263
8995
9043
9077
9109
9115
9155
9163
9191
9223
9267
9275
9305
9337
9379
9387
9419
9451
9491
9499
9533
9565
9603
9611
9647
9679
9715
9723
9761
9793
10555
10587
10619
10651
10683
10715
10747
10779
11523
11555
11587
11619
11651
11683
11715
11747
11787
12767
12799
12831
12863
12895
12927
12959
12991
13731
13763
13795
13827
13859
13891
13923
13955
16010
16044
16076
16108
16140
16172
16204
16236
17381
17415
17447
17449
17481
17513
17545
17577
17609
18732
18766
18798
18800
18832
18866
18898
18930
18962
20011
20045
20077
20079
20111
20145
20179
20211
20243
21258
21292
21324
21326
21358
21392
21426
21460
21492
7532
27805
27832
8261
8262
8264
28180
28198
8993
8994
8996
28546
28564
9041
9042
9044
28586
28588
9075
9076
9078
28604
28605
9107
9108
9110
28620
28621
9153
9154
9116
9156
28642
28644
9189
9190
9164
9192
28661
28662
9221
9222
9224
28677
28678
9265
9266
9268
28698
28700
9303
9304
9276
9306
28718
28719
9335
9336
9338
28734
28735
9377
9378
9380
28754
28756
9417
9418
9388
9420
28775
28776
9449
9450
9452
28791
28792
9489
9490
9492
28810
28812
9531
9532
9500
9534
28832
28833
9563
9564
9566
28848
28849
9601
9602
9604
28866
28868
9645
9646
9612
9648
28889
28890
9677
9678
9680
28905
28906
9713
9714
9716
27634
28924
9759
9760
9724
9762
28064
28947
9791
9792
9794
28430
28963
10553
10554
10556
29326
29344
10585
10586
10588
29359
29360
10617
10618
10620
29375
29376
10649
10650
10652
29391
29392
10681
10682
10684
29407
29408
10713
10714
10716
29423
29424
10745
10746
10748
29439
29440
10777
10778
10780
29210
29456
11521
11522
11524
29810
29828
11553
11554
11556
29843
29844
11585
11586
11588
29859
29860
11617
11618
11620
29875
29876
11649
11650
11652
29891
29892
11681
11682
11684
29907
29908
11713
11714
11716
29923
29924
11745
11746
11748
29694
29940
12765
12766
11788
12768
30432
30450
12797
12798
12800
30465
30466
12829
12830
12832
30481
30482
12861
12862
12864
30497
30498
12893
12894
12896
30513
30514
12925
12926
12928
30529
30530
12957
12958
12960
30545
30546
12989
12990
12992
30316
30562
13729
13730
13732
30914
30932
13761
13762
13764
30947
30948
13793
13794
13796
30963
30964
13825
13826
13828
30979
30980
13857
13858
13860
30995
30996
13889
13890
13892
31011
31012
13921
13922
13924
31027
31028
13953
13954
13956
30798
31044
16008
16009
16011
32053
32071
16042
16043
16045
31954
32086
32087
32088
16074
16075
16077
32103
32104
16106
16107
16109
32119
32120
16138
16139
16141
32135
32136
16170
16171
16173
32151
32152
16202
16203
16205
32167
32168
16234
16235
16237
32184
17379
17380
17382
32738
32756
17413
17414
17416
32771
32772
32773
17445
17446
17448
32639
32788
32789
17479
17480
17450
17482
32805
32806
17511
17512
17514
32821
32822
17543
17544
17546
32837
32838
17575
17576
17578
32853
32854
17607
17608
17610
32870
18730
18731
18733
33413
33431
18764
18765
18767
33446
33447
33448
18796
18797
18799
33463
33464
18830
18831
18801
18833
33315
33480
33481
18864
18865
18867
33497
33498
18896
18897
18899
33513
33514
18928
18929
18931
33529
33530
18960
18961
18963
33546
20009
20010
20012
34052
34070
20043
20044
20046
34085
34086
34087
20075
20076
20078
34102
34103
20109
20110
20080
20112
34119
34120
20143
20144
20146
33955
34136
34137
20177
20178
20180
34153
34154
20209
20210
20212
34169
34170
20241
20242
20244
34186
21256
21257
27691
21259
34675
34693
21290
21291
27716
21293
34708
34709
34710
21322
21323
27740
21325
34725
34726
21356
21357
27765
21327
21359
34742
34743
21390
21391
27790
21393
34759
34760
21424
21425
27815
21427
34579
34776
34777
21458
21459
28572
21461
34793
34794
21490
21491
28628
21493
34810
8999
9000
9001
9049
9081
9113
9161
9195
9227
9233
9273
9281
9309
9341
9385
9393
9423
9455
9497
9505
9537
9569
9609
9617
9651
9683
9721
9729
9765
9797
10559
10591
10623
10655
10687
10719
10751
10783
11527
11559
11591
11623
11655
11687
11719
11751
11793
11905
12771
12803
12835
12867
12899
12931
12963
12995
13735
13767
13799
13831
13863
13895
13927
13959
14295
16048
16080
16112
16144
16176
16208
16240
16272
17419
17453
17485
17517
17549
17581
17613
17645
18770
18804
18836
18838
18870
18902
18934
18966
18998
20049
20083
20115
20117
20149
20183
20215
20247
20279
21296
21330
21362
21364
21396
21430
21464
21496
21528
9002
28567
9047
9048
9050
28589
28591
9079
9080
9082
28606
28607
9111
9112
9114
28622
28623
9159
9160
9162
28645
28647
9193
9194
9196
28663
28664
9225
9226
9228
28679
28680
9271
9272
9234
9274
28701
28703
9307
9308
9282
9310
28720
28721
9339
9340
9342
28736
28737
9383
9384
9386
28757
28759
9421
9422
9394
9424
28777
28778
9453
9454
9456
28793
28794
9495
9496
9498
28813
28815
9535
9536
9506
9538
28834
28835
9567
9568
9570
28850
28851
9607
9608
9610
28869
28871
9649
9650
9618
9652
28891
28892
9681
9682
9684
28907
28908
9719
9720
9722
27662
28925
28927
9763
9764
9730
9766
28083
28948
28949
9795
9796
9798
28449
28964
28965
10557
10558
10560
29346
10589
10590
10592
29361
29362
10621
10622
10624
29377
29378
10653
10654
10656
29393
29394
10685
10686
10688
29409
29410
10717
10718
10720
29425
29426
10749
10750
10752
29441
29442
10781
10782
10784
29229
29457
29458
11525
11526
11528
29830
11557
11558
11560
29845
29846
11589
11590
11592
29861
29862
11621
11622
11624
29877
29878
11653
11654
11656
29893
29894
11685
11686
11688
29909
29910
11717
11718
11720
29925
29926
11749
11750
11752
29713
29941
29942
12769
12770
11794
11906
12772
30452
12801
12802
12804
30467
30468
12833
12834
12836
30483
30484
12865
12866
12868
30499
30500
12897
12898
12900
30515
30516
12929
12930
12932
30531
30532
12961
12962
12964
30547
30548
12993
12994
12996
30335
30563
30564
13733
13734
13736
30934
13765
13766
13768
30949
30950
13797
13798
13800
30965
30966
13829
13830
13832
30981
30982
13861
13862
13864
30997
30998
13893
13894
13896
31013
31014
13925
13926
13928
31029
31030
13957
13958
13960
30817
31045
31046
14293
14294
14296
31214
16046
16047
16049
32072
32090
16078
16079
16081
32105
32106
16110
16111
16113
32121
32122
16142
16143
16145
32137
32138
16174
16175
16177
32153
32154
16206
16207
16209
32169
32170
16238
16239
16241
32185
32186
16270
16271
16273
31956
32202
17417
17418
17420
32757
32775
17451
17452
17454
32658
32790
32791
32792
17483
17484
17486
32807
32808
17515
17516
17518
32823
32824
17547
17548
17550
32839
32840
17579
17580
17582
32855
32856
17611
17612
17614
32871
32872
17643
17644
17646
32888
18768
18769
18771
33432
33450
18802
18803
18805
33465
33466
33467
18834
18835
18837
33333
33482
33483
18868
18869
18839
18871
33499
33500
18900
18901
18903
33515
33516
18932
18933
18935
33531
33532
18964
18965
18967
33547
33548
18996
18997
18999
33564
20047
20048
20050
34071
34089
20081
20082
20084
34104
34105
34106
20113
20114
20116
34121
34122
20147
20148
20118
20150
33973
34138
34139
20181
20182
20184
34155
34156
20213
20214
20216
34171
34172
20245
20246
20248
34187
34188
20277
20278
20280
34204
21294
21295
27719
21297
34694
34712
21328
21329
27744
21331
34727
34728
34729
21360
21361
27768
21363
34744
34745
21394
21395
27793
21365
21397
34761
34762
21428
21429
27818
21431
34597
34778
34779
21462
21463
28575
21465
34795
34796
21494
21495
28631
21497
34811
34812
21526
21527
28687
21529
34828
9117
9118
9119
9167
9199
9231
9279
9313
9345
9351
9391
9399
9427
9459
9503
9511
9541
9573
9615
9623
9655
9687
9727
9735
9769
9801
10595
10627
10659
10691
10723
10755
10787
11563
11595
11627
11659
11691
11723
11755
11791
11799
11837
11869
11911
12023
12807
12839
12871
12903
12935
12967
12999
13031
13771
13803
13835
13867
13899
13931
13963
13995
14299
14331
16052
16084
16116
16148
16180
16212
16244
16276
17457
17489
17521
17553
17585
17617
17649
17681
18808
18842
18874
18906
18938
18970
19002
19034
20087
20121
20153
20155
20187
20219
20251
20283
20315
21334
21368
21400
21402
21434
21468
21500
21532
21564
9120
28568
28626
9165
9166
9168
28648
28650
9197
9198
9200
28665
28666
9229
9230
9232
28681
28682
9277
9278
9280
28704
28706
9311
9312
9314
28722
28723
9343
9344
9346
28738
28739
9389
9390
9352
9392
28760
28762
9425
9426
9400
9428
28779
28780
9457
9458
9460
28795
28796
9501
9502
9504
28816
28818
9539
9540
9512
9542
28836
28837
9571
9572
9574
28852
28853
9613
9614
9616
28872
28874
9653
9654
9624
9656
28893
28894
9685
9686
9688
28909
28910
9725
9726
9728
27690
28928
28930
9767
9768
9736
9770
28102
28950
28951
9799
9800
9802
28468
28966
28967
10593
10594
10596
29347
29364
10625
10626
10628
29379
29380
10657
10658
10660
29395
29396
10689
10690
10692
29411
29412
10721
10722
10724
29427
29428
10753
10754
10756
29443
29444
10785
10786
10788
29248
29459
29460
11561
11562
11564
29831
29848
11593
11594
11596
29863
29864
11625
11626
11628
29879
29880
11657
11658
11660
29895
29896
11689
11690
11692
29911
29912
11721
11722
11724
29927
29928
11753
11754
11756
29732
29943
29944
11789
11790
11792
29962
11835
11836
11800
11838
29985
11867
11868
11870
30001
12805
12806
11912
12024
12808
30453
30470
12837
12838
12840
30485
30486
12869
12870
12872
30501
30502
12901
12902
12904
30517
30518
12933
12934
12936
30533
30534
12965
12966
12968
30549
30550
12997
12998
13000
30354
30565
30566
13029
13030
13032
30582
13769
13770
13772
30935
30952
13801
13802
13804
30967
30968
13833
13834
13836
30983
30984
13865
13866
13868
30999
31000
13897
13898
13900
31015
31016
13929
13930
13932
31031
31032
13961
13962
13964
30836
31047
31048
13993
13994
13996
31064
14297
14298
14300
31215
31216
14329
14330
14332
31232
16050
16051
16053
32092
16082
16083
16085
32107
32108
16114
16115
16117
32123
32124
16146
16147
16149
32139
32140
16178
16179
16181
32155
32156
16210
16211
16213
32171
32172
16242
16243
16245
32187
32188
16274
16275
16277
31975
32203
32204
17455
17456
17458
32776
32794
17487
17488
17490
32809
32810
17519
17520
17522
32825
32826
17551
17552
17554
32841
32842
17583
17584
17586
32857
32858
17615
17616
17618
32873
32874
17647
17648
17650
32889
32890
17679
17680
17682
32660
32906
18806
18807
18809
33451
33469
18840
18841
18843
33352
33484
33485
33486
18872
18873
18875
33501
33502
18904
18905
18907
33517
33518
18936
18937
18939
33533
33534
18968
18969
18971
33549
33550
19000
19001
19003
33565
33566
19032
19033
19035
33582
20085
20086
20088
34090
34108
20119
20120
20122
34123
34124
34125
20151
20152
20154
33991
34140
34141
20185
20186
20156
20188
34157
34158
20217
20218
20220
34173
34174
20249
20250
20252
34189
34190
20281
20282
20284
34205
34206
20313
20314
20316
34222
21332
21333
27747
21335
34713
34731
21366
21367
27772
21369
34746
34747
34748
21398
21399
27796
21401
34763
34764
21432
21433
27821
21403
21435
34615
34780
34781
21466
21467
28578
21469
34797
34798
21498
21499
28634
21501
34813
34814
21530
21531
28690
21533
34829
34830
21562
21563
28746
21565
34846
9235
9236
9237
9285
9317
9349
9397
9431
9463
9469
9509
9517
9545
9577
9621
9629
9659
9691
9733
9741
9773
9805
10631
10663
10695
10727
10759
10791
11599
11631
11663
11695
11727
11759
11797
11805
11841
11873
11909
11917
11955
11987
12029
12843
12875
12907
12939
12971
13003
13035
13067
13807
13839
13871
13903
13935
13967
13999
14031
14303
14335
14367
16088
16120
16152
16184
16216
16248
16280
16312
17461
17493
17525
17557
17589
17621
17653
17685
18846
18878
18910
18942
18974
19006
19038
19070
20125
20159
20191
20223
20255
20287
20319
20351
21372
21406
21438
21440
21472
21504
21536
21568
21600
9238
28627
28685
9283
9284
9286
28707
28709
9315
9316
9318
28724
28725
9347
9348
9350
28740
28741
9395
9396
9398
28763
28765
9429
9430
9432
28781
28782
9461
9462
9464
28797
28798
9507
9508
9470
9510
28819
28821
9543
9544
9518
9546
28838
28839
9575
9576
9578
28854
28855
9619
9620
9622
28875
28877
9657
9658
9630
9660
28895
28896
9689
9690
9692
28911
28912
9731
9732
9734
27718
28931
28933
9771
9772
9742
9774
28121
28952
28953
9803
9804
9806
28487
28968
28969
10629
10630
10632
29365
29382
10661
10662
10664
29397
29398
10693
10694
10696
29413
29414
10725
10726
10728
29429
29430
10757
10758
10760
29445
29446
10789
10790
10792
29267
29461
29462
11597
11598
11600
29849
29866
11629
11630
11632
29881
29882
11661
11662
11664
29897
29898
11693
11694
11696
29913
29914
11725
11726
11728
29929
29930
11757
11758
11760
29751
29945
29946
11795
11796
11798
29963
29965
11839
11840
11806
11842
29986
29987
11871
11872
11874
30002
30003
11907
11908
11910
30021
11953
11954
11918
11956
30044
11985
11986
11988
30060
12841
12842
12030
12844
30471
30488
12873
12874
12876
30503
30504
12905
12906
12908
30519
30520
12937
12938
12940
30535
30536
12969
12970
12972
30551
30552
13001
13002
13004
30373
30567
30568
13033
13034
13036
30583
30584
13065
13066
13068
30600
13805
13806
13808
30953
30970
13837
13838
13840
30985
30986
13869
13870
13872
31001
31002
13901
13902
13904
31017
31018
13933
13934
13936
31033
31034
13965
13966
13968
30855
31049
31050
13997
13998
14000
31065
31066
14029
14030
14032
31082
14301
14302
14304
31217
31218
14333
14334
14336
31233
31234
14365
14366
14368
31250
16086
16087
16089
32093
32110
16118
16119
16121
32125
32126
16150
16151
16153
32141
32142
16182
16183
16185
32157
32158
16214
16215
16217
32173
32174
16246
16247
16249
32189
32190
16278
16279
16281
31994
32205
32206
16310
16311
16313
32222
17459
17460
17462
32796
17491
17492
17494
32811
32812
17523
17524
17526
32827
32828
17555
17556
17558
32843
32844
17587
17588
17590
32859
32860
17619
17620
17622
32875
32876
17651
17652
17654
32891
32892
17683
17684
17686
32679
32907
32908
18844
18845
18847
33470
33488
18876
18877
18879
33503
33504
18908
18909
18911
33519
33520
18940
18941
18943
33535
33536
18972
18973
18975
33551
33552
19004
19005
19007
33567
33568
19036
19037
19039
33583
33584
19068
19069
19071
33354
33600
20123
20124
20126
34109
34127
20157
20158
20160
34010
34142
34143
34144
20189
20190
20192
34159
34160
20221
20222
20224
34175
34176
20253
20254
20256
34191
34192
20285
20286
20288
34207
34208
20317
20318
20320
34223
34224
20349
20350
20352
34240
21370
21371
27775
21373
34732
34750
21404
21405
27800
21407
34765
34766
34767
21436
21437
27824
21439
34633
34782
34783
21470
21471
28581
21441
21473
34799
34800
21502
21503
28637
21505
34815
34816
21534
21535
28693
21537
34831
34832
21566
21567
28749
21569
34847
34848
21598
21599
28805
21601
34864
9353
9354
9355
9403
9435
9467
9515
9549
9581
9587
9627
9635
9663
9695
9739
9747
9777
9809
10667
10699
10731
10763
10795
11635
11667
11699
11731
11763
11803
11811
11845
11877
11915
11923
11959
11991
12027
12035
12073
12105
12879
12911
12943
12975
13007
13039
13071
13103
13843
13875
13907
13939
13971
14003
14035
14067
14307
14339
14371
14403
16124
16156
16188
16220
16252
16284
16316
16348
17497
17529
17561
17593
17625
17657
17689
17721
18850
18882
18914
18946
18978
19010
19042
19074
20163
20195
20227
20259
20291
20323
20355
20387
21410
21444
21476
21508
21540
21572
21604
21636
9356
28686
28744
9401
9402
9404
28766
28768
9433
9434
9436
28783
28784
9465
9466
9468
28799
28800
9513
9514
9516
28822
28824
9547
9548
9550
28840
28841
9579
9580
9582
28856
28857
9625
9626
9588
9628
28878
28880
9661
9662
9636
9664
28897
28898
9693
9694
9696
28913
28914
9737
9738
9740
27746
28934
28936
9775
9776
9748
9778
28140
28954
28955
9807
9808
9810
28506
28970
28971
10665
10666
10668
29383
29400
10697
10698
10700
29415
29416
10729
10730
10732
29431
29432
10761
10762
10764
29447
29448
10793
10794
10796
29286
29463
29464
11633
11634
11636
29867
29884
11665
11666
11668
29899
29900
11697
11698
11700
29915
29916
11729
11730
11732
29931
29932
11761
11762
11764
29770
29947
29948
11801
11802
11804
29966
29968
11843
11844
11812
11846
29988
29989
11875
11876
11878
30004
30005
11913
11914
11916
30022
30024
11957
11958
11924
11960
30045
30046
11989
11990
11992
30061
30062
12025
12026
12028
30080
12071
12072
12036
12074
30103
12103
12104
12106
28565
30119
12877
12878
12880
30489
30506
12909
12910
12912
30521
30522
12941
12942
12944
30537
30538
12973
12974
12976
30553
30554
13005
13006
13008
30392
30569
30570
13037
13038
13040
30585
30586
13069
13070
13072
30601
30602
13101
13102
13104
29345
30618
13841
13842
13844
30971
30988
13873
13874
13876
31003
31004
13905
13906
13908
31019
31020
13937
13938
13940
31035
31036
13969
13970
13972
30874
31051
31052
14001
14002
14004
31067
31068
14033
14034
14036
31083
31084
14065
14066
14068
29829
31100
14305
14306
14308
31219
31220
14337
14338
14340
31235
31236
14369
14370
14372
31251
31252
14401
14402
14404
30451
30933
31268
16122
16123
16125
32111
32128
16154
16155
16157
32143
32144
16186
16187
16189
32159
32160
16218
16219
16221
32175
32176
16250
16251
16253
32191
32192
16282
16283
16285
32013
32207
32208
16314
16315
16317
32223
32224
16346
16347
16349
32240
17495
17496
17498
32797
32814
17527
17528
17530
32829
32830
17559
17560
17562
32845
32846
17591
17592
17594
32861
32862
17623
17624
17626
32877
32878
17655
17656
17658
32893
32894
17687
17688
17690
32698
32909
32910
17719
17720
17722
32926
18848
18849
18851
33490
18880
18881
18883
33505
33506
18912
18913
18915
33521
33522
18944
18945
18947
33537
33538
18976
18977
18979
33553
33554
19008
19009
19011
33569
33570
19040
19041
19043
33585
33586
19072
19073
19075
33373
33601
33602
20161
20162
20164
34128
34146
20193
20194
20196
34161
34162
20225
20226
20228
34177
34178
20257
20258
20260
34193
34194
20289
20290
20292
34209
34210
20321
20322
20324
34225
34226
20353
20354
20356
34241
34242
20385
20386
20388
34012
34258
21408
21409
27803
21411
34751
34769
21442
21443
27828
21445
34652
34784
34785
34786
21474
21475
28584
21477
34801
34802
21506
21507
28640
21509
34817
34818
21538
21539
28696
21541
34833
34834
21570
21571
28752
21573
34849
34850
21602
21603
28808
21605
34865
34866
21634
21635
28864
21637
34882
9471
9472
9473
9521
9553
9585
9633
9667
9699
9705
9745
9753
9781
9813
10703
10735
10767
10799
11671
11703
11735
11767
11809
11817
11849
11881
11921
11929
11963
11995
12033
12041
12077
12109
12915
12947
12979
13011
13043
13075
13107
13879
13911
13943
13975
14007
14039
14071
14311
14343
14375
14407
16160
16192
16224
16256
16288
16320
16352
16384
17533
17565
17597
17629
17661
17693
17725
17757
18886
18918
18950
18982
19014
19046
19078
19110
20167
20199
20231
20263
20295
20327
20359
20391
21448
21480
21512
21544
21576
21608
21640
21672
9474
28745
28803
9519
9520
9522
28825
28827
9551
9552
9554
28842
28843
9583
9584
9586
28858
28859
9631
9632
9634
28881
28883
9665
9666
9668
28899
28900
9697
9698
9700
28915
28916
9743
9744
9706
9746
27774
28937
28939
9779
9780
9754
9782
28159
28956
28957
9811
9812
9814
28525
28972
28973
10701
10702
10704
29401
29418
10733
10734
10736
29433
29434
10765
10766
10768
29449
29450
10797
10798
10800
29305
29465
29466
11669
11670
11672
29885
29902
11701
11702
11704
29917
29918
11733
11734
11736
29933
29934
11765
11766
11768
29789
29949
29950
11807
11808
11810
29969
29971
11847
11848
11818
11850
29990
29991
11879
11880
11882
30006
30007
11919
11920
11922
30025
30027
11961
11962
11930
11964
30047
30048
11993
11994
11996
30063
30064
12031
12032
12034
30081
30083
12075
12076
12042
12078
30104
30105
12107
12108
12110
28624
30120
30121
12913
12914
12916
30507
30524
12945
12946
12948
30539
30540
12977
12978
12980
30555
30556
13009
13010
13012
30411
30571
30572
13041
13042
13044
30587
30588
13073
13074
13076
30603
30604
13105
13106
13108
29363
30619
30620
13877
13878
13880
30989
31006
13909
13910
13912
31021
31022
13941
13942
13944
31037
31038
13973
13974
13976
30893
31053
31054
14005
14006
14008
31069
31070
14037
14038
14040
31085
31086
14069
14070
14072
29847
31101
31102
14309
14310
14312
31221
31222
14341
14342
14344
31237
31238
14373
14374
14376
31253
31254
14405
14406
14408
30469
30951
31269
31270
16158
16159
16161
32129
32146
16190
16191
16193
32161
32162
16222
16223
16225
32177
32178
16254
16255
16257
32193
32194
16286
16287
16289
32032
32209
32210
16318
16319
16321
32225
32226
16350
16351
16353
32241
32242
16382
16383
16385
28199
32258
17531
17532
17534
32815
32832
17563
17564
17566
32847
32848
17595
17596
17598
32863
32864
17627
17628
17630
32879
32880
17659
17660
17662
32895
32896
17691
17692
17694
32717
32911
32912
17723
17724
17726
32927
32928
17755
17756
17758
32944
18884
18885
18887
33491
33508
18916
18917
18919
33523
33524
18948
18949
18951
33539
33540
18980
18981
18983
33555
33556
19012
19013
19015
33571
33572
19044
19045
19047
33587
33588
19076
19077
19079
33392
33603
33604
19108
19109
19111
33620
20165
20166
20168
34148
20197
20198
20200
34163
34164
20229
20230
20232
34179
34180
20261
20262
20264
34195
34196
20293
20294
20296
34211
34212
20325
20326
20328
34227
34228
20357
20358
20360
34243
34244
20389
20390
20392
34031
34259
34260
21446
21447
27831
21449
34770
34788
21478
21479
28587
21481
34803
34804
21510
21511
28643
21513
34819
34820
21542
21543
28699
21545
34835
34836
21574
21575
28755
21577
34851
34852
21606
21607
28811
21609
34867
34868
21638
21639
28867
21641
34883
34884
21670
21671
28923
21673
34654
34900
9589
9590
9591
9639
9671
9703
9751
9785
9817
9823
10739
10771
10803
11707
11739
11771
11815
11823
11853
11885
11927
11935
11967
11999
12039
12047
12081
12113
12951
12983
13015
13047
13079
13111
13915
13947
13979
14011
14043
14075
14315
14347
14379
14411
16196
16228
16260
16292
16324
16356
16388
17569
17601
17633
17665
17697
17729
17761
17793
18922
18954
18986
19018
19050
19082
19114
19146
20203
20235
20267
20299
20331
20363
20395
20427
21452
21484
21516
21548
21580
21612
21644
21676
9592
28804
28862
9637
9638
9640
28884
28886
9669
9670
9672
28901
28902
9701
9702
9704
28917
28918
9749
9750
9752
27802
28940
28942
9783
9784
9786
28178
28958
28959
9815
9816
9818
28544
28974
28975
10737
10738
9824
10740
29419
29436
10769
10770
10772
29451
29452
10801
10802
10804
29324
29467
29468
11705
11706
11708
29903
29920
11737
11738
11740
29935
29936
11769
11770
11772
29808
29951
29952
11813
11814
11816
29972
29974
11851
11852
11824
11854
29992
29993
11883
11884
11886
30008
30009
11925
11926
11928
30028
30030
11965
11966
11936
11968
30049
30050
11997
11998
12000
30065
30066
12037
12038
12040
30084
30086
12079
12080
12048
12082
30106
30107
12111
12112
12114
28683
30122
30123
12949
12950
12952
30525
30542
12981
12982
12984
30557
30558
13013
13014
13016
30430
30573
30574
13045
13046
13048
30589
30590
13077
13078
13080
30605
30606
13109
13110
13112
29381
30621
30622
13913
13914
13916
31007
31024
13945
13946
13948
31039
31040
13977
13978
13980
30912
31055
31056
14009
14010
14012
31071
31072
14041
14042
14044
31087
31088
14073
14074
14076
29865
31103
31104
14313
14314
14316
31223
31224
14345
14346
14348
31239
31240
14377
14378
14380
31255
31256
14409
14410
14412
30487
30969
31271
31272
16194
16195
16197
32147
32164
16226
16227
16229
32179
32180
16258
16259
16261
32195
32196
16290
16291
16293
32051
32211
32212
16322
16323
16325
32227
32228
16354
16355
16357
32243
32244
16386
16387
16389
28608
32259
32260
17567
17568
17570
32833
32850
17599
17600
17602
32865
32866
17631
17632
17634
32881
32882
17663
17664
17666
32897
32898
17695
17696
17698
32736
32913
32914
17727
17728
17730
32929
32930
17759
17760
17762
32945
32946
17791
17792
17794
27833
32962
18920
18921
18923
33509
33526
18952
18953
18955
33541
33542
18984
18985
18987
33557
33558
19016
19017
19019
33573
33574
19048
19049
19051
33589
33590
19080
19081
19083
33411
33605
33606
19112
19113
19115
33621
33622
19144
19145
19147
33638
20201
20202
20204
34149
34166
20233
20234
20236
34181
34182
20265
20266
20268
34197
34198
20297
20298
20300
34213
34214
20329
20330
20332
34229
34230
20361
20362
20364
34245
34246
20393
20394
20396
34050
34261
34262
20425
20426
20428
34278
21450
21451
21453
34790
21482
21483
28590
21485
34805
34806
21514
21515
28646
21517
34821
34822
21546
21547
28702
21549
34837
34838
21578
21579
28758
21581
34853
34854
21610
21611
28814
21613
34869
34870
21642
21643
28870
21645
34885
34886
21674
21675
28926
21677
34673
34901
34902
9707
9708
9709
9757
9789
9821
10775
10807
11743
11775
11781
11821
11829
11857
11889
11933
11941
11971
12003
12045
12053
12085
12117
12987
13019
13051
13083
13115
13951
13983
14015
14047
14079
14319
14351
14383
14415
16232
16264
16296
16328
16360
16392
17605
17637
17669
17701
17733
17765
17797
18958
18990
19022
19054
19086
19118
19150
19182
20239
20271
20303
20335
20367
20399
20431
20463
21488
21520
21552
21584
21616
21648
21680
21712
22141
9710
28863
28921
9755
9756
9758
27830
28943
28945
9787
9788
9790
28197
28960
28961
9819
9820
9822
28563
28976
28977
10773
10774
10776
29437
29454
10805
10806
10808
29343
29469
29470
11741
11742
11744
29921
29938
11773
11774
11776
29827
29953
29954
11819
11820
11782
11822
29975
29977
11855
11856
11830
11858
29994
29995
11887
11888
11890
30010
30011
11931
11932
11934
30031
30033
11969
11970
11942
11972
30051
30052
12001
12002
12004
30067
30068
12043
12044
12046
30087
30089
12083
12084
12054
12086
30108
30109
12115
12116
12118
28742
30124
30125
12985
12986
12988
30543
30560
13017
13018
13020
30449
30575
30576
13049
13050
13052
30591
30592
13081
13082
13084
30607
30608
13113
13114
13116
29399
30623
30624
13949
13950
13952
31025
31042
13981
13982
13984
30931
31057
31058
14013
14014
14016
31073
31074
14045
14046
14048
31089
31090
14077
14078
14080
29883
31105
31106
14317
14318
14320
31225
31226
14349
14350
14352
31241
31242
14381
14382
14384
31257
31258
14413
14414
14416
30505
30987
31273
31274
16230
16231
16233
32165
32182
16262
16263
16265
32197
32198
16294
16295
16297
32070
32213
32214
16326
16327
16329
32229
32230
16358
16359
16361
32245
32246
16390
16391
16393
28667
32261
32262
17603
17604
17606
32851
32868
17635
17636
17638
32883
32884
17667
17668
17670
32899
32900
17699
17700
17702
32755
32915
32916
17731
17732
17734
32931
32932
17763
17764
17766
32947
32948
17795
17796
17798
28592
32963
32964
18956
18957
18959
33527
33544
18988
18989
18991
33559
33560
19020
19021
19023
33575
33576
19052
19053
19055
33591
33592
19084
19085
19087
33430
33607
33608
19116
19117
19119
33623
33624
19148
19149
19151
33639
33640
19180
19181
19183
32091
33656
20237
20238
20240
34167
34184
20269
20270
20272
34199
34200
20301
20302
20304
34215
34216
20333
20334
20336
34231
34232
20365
20366
20368
34247
34248
20397
20398
20400
34069
34263
34264
20429
20430
20432
34279
34280
20461
20462
20464
34296
21486
21487
21489
34791
34808
21518
21519
28649
21521
34823
34824
21550
21551
28705
21553
34839
34840
21582
21583
28761
21585
34855
34856
21614
21615
28817
21617
34871
34872
21646
21647
28873
21649
34887
34888
21678
21679
28929
21681
34692
34903
34904
21710
21711
21713
34920
22139
22140
28566
22142
35134
9825
9826
9827
10811
11779
11827
11861
11893
11899
11939
11947
11975
12007
12051
12059
12089
12121
13023
13055
13087
13119
13987
14019
14051
14083
14107
14323
14355
14387
14419
16268
16300
16332
16364
16396
17641
17673
17705
17737
17769
17801
18994
19026
19058
19090
19122
19154
19186
20275
20307
20339
20371
20403
20435
20467
20499
21524
21556
21588
21620
21652
21684
21716
21748
22145
22177
9828
28922
28980
10809
10810
10812
29455
29472
11777
11778
11780
29939
29956
11825
11826
11828
29978
29980
11859
11860
11862
29996
29997
11891
11892
11894
30012
30013
11937
11938
11900
11940
30034
30036
11973
11974
11948
11976
30053
30054
12005
12006
12008
30069
30070
12049
12050
12052
30090
30092
12087
12088
12060
12090
30110
30111
12119
12120
12122
28801
30126
30127
13021
13022
13024
30561
30578
13053
13054
13056
30593
30594
13085
13086
13088
30609
30610
13117
13118
13120
29417
30625
30626
13985
13986
13988
31043
31060
14017
14018
14020
31075
31076
14049
14050
14052
31091
31092
14081
14082
14084
29901
31107
31108
14321
14322
14108
14324
31227
31228
14353
14354
14356
31243
31244
14385
14386
14388
31259
31260
14417
14418
14420
30523
31005
31275
31276
16266
16267
16269
32183
32200
16298
16299
16301
32089
32215
32216
16330
16331
16333
32231
32232
16362
16363
16365
32247
32248
16394
16395
16397
28726
32263
32264
17639
17640
17642
32869
32886
17671
17672
17674
32901
32902
17703
17704
17706
32774
32917
32918
17735
17736
17738
32933
32934
17767
17768
17770
32949
32950
17799
17800
17802
28651
32965
32966
18992
18993
18995
33545
33562
19024
19025
19027
33577
33578
19056
19057
19059
33593
33594
19088
19089
19091
33449
33609
33610
19120
19121
19123
33625
33626
19152
19153
19155
33641
33642
19184
19185
19187
32109
33657
33658
20273
20274
20276
34185
34202
20305
20306
20308
34217
34218
20337
20338
20340
34233
34234
20369
20370
20372
34249
34250
20401
20402
20404
34088
34265
34266
20433
20434
20436
34281
34282
20465
20466
20468
34297
34298
20497
20498
20500
32795
34314
21522
21523
21525
34809
34826
21554
21555
28708
21557
34841
34842
21586
21587
28764
21589
34857
34858
21618
21619
28820
21621
34873
34874
21650
21651
28876
21653
34889
34890
21682
21683
28932
21685
34711
34905
34906
21714
21715
21717
34921
34922
21746
21747
21749
34938
22143
22144
28625
22146
35135
35136
22175
22176
29961
22178
35152
11783
11784
11785
11833
11865
11897
11945
11979
12011
12017
12057
12065
12093
12125
13027
13059
13091
13123
13991
14023
14055
14087
14113
14169
14327
14359
14391
14423
14503
16304
16336
16368
16400
17677
17709
17741
17773
17805
19030
19062
19094
19126
19158
19190
20311
20343
20375
20407
20439
20471
20503
21560
21592
21624
21656
21688
21720
21752
21784
22149
22181
22213
11786
29959
11831
11832
11834
29981
29983
11863
11864
11866
29998
29999
11895
11896
11898
30014
30015
11943
11944
11946
30037
30039
11977
11978
11980
30055
30056
12009
12010
12012
30071
30072
12055
12056
12018
12058
30093
30095
12091
12092
12066
12094
30112
30113
12123
12124
12126
28860
30128
30129
13025
13026
13028
30580
13057
13058
13060
30595
30596
13089
13090
13092
30611
30612
13121
13122
13124
29435
30627
30628
13989
13990
13992
31062
14021
14022
14024
31077
31078
14053
14054
14056
31093
31094
14085
14086
14088
29919
31109
31110
14325
14326
14114
14170
14328
31230
14357
14358
14360
31245
31246
14389
14390
14392
31261
31262
14421
14422
14424
30541
31023
31277
31278
14501
14502
14504
31318
16302
16303
16305
32201
32218
16334
16335
16337
32233
32234
16366
16367
16369
32249
32250
16398
16399
16401
28785
32265
32266
17675
17676
17678
32887
32904
17707
17708
17710
32793
32919
32920
17739
17740
17742
32935
32936
17771
17772
17774
32951
32952
17803
17804
17806
28710
32967
32968
19028
19029
19031
33563
33580
19060
19061
19063
33595
33596
19092
19093
19095
33468
33611
33612
19124
19125
19127
33627
33628
19156
19157
19159
33643
33644
19188
19189
19191
32127
33659
33660
20309
20310
20312
34203
34220
20341
20342
20344
34235
34236
20373
20374
20376
34251
34252
20405
20406
20408
34107
34267
34268
20437
20438
20440
34283
34284
20469
20470
20472
34299
34300
20501
20502
20504
32813
34315
34316
21558
21559
21561
34827
34844
21590
21591
28767
21593
34859
34860
21622
21623
28823
21625
34875
34876
21654
21655
28879
21657
34891
34892
21686
21687
28935
21689
34730
34907
34908
21718
21719
21721
34923
34924
21750
21751
21753
34939
34940
21782
21783
21785
33489
34956
22147
22148
28684
22150
35137
35138
22179
22180
29964
22182
35153
35154
22211
22212
30020
22214
35170
11901
11902
11903
11951
11983
12015
12063
12097
12129
12135
13063
13095
13127
14027
14059
14091
14111
14119
14133
14149
14175
14231
14363
14395
14427
14443
14507
14523
16308
16340
16372
16404
17713
17745
17777
17809
19066
19098
19130
19162
19194
20347
20379
20411
20443
20475
20507
21596
21628
21660
21692
21724
21756
21788
22153
22185
22217
22249
11904
29960
30018
11949
11950
11952
30040
30042
11981
11982
11984
30057
30058
12013
12014
12016
30073
30074
12061
12062
12064
30096
30098
12095
12096
12098
30114
30115
12127
12128
12130
28919
30130
30131
13061
13062
12136
13064
30581
30598
13093
13094
13096
30613
30614
13125
13126
13128
29453
30629
30630
14025
14026
14028
31063
31080
14057
14058
14060
31095
31096
14089
14090
14092
29937
31111
31112
14109
14110
14112
31122
14131
14132
14120
14134
31133
14147
14148
14150
31141
14361
14362
14176
14232
14364
31231
31248
14393
14394
14396
31263
31264
14425
14426
14428
30559
31041
31279
31280
14441
14442
14444
31288
14505
14506
14508
31319
31320
14521
14522
14524
31328
16306
16307
16309
32220
16338
16339
16341
32235
32236
16370
16371
16373
32251
32252
16402
16403
16405
28844
32267
32268
17711
17712
17714
32905
32922
17743
17744
17746
32937
32938
17775
17776
17778
32953
32954
17807
17808
17810
28769
32969
32970
19064
19065
19067
33581
33598
19096
19097
19099
33487
33613
33614
19128
19129
19131
33629
33630
19160
19161
19163
33645
33646
19192
19193
19195
32145
33661
33662
20345
20346
20348
34221
34238
20377
20378
20380
34253
34254
20409
20410
20412
34126
34269
34270
20441
20442
20444
34285
34286
20473
20474
20476
34301
34302
20505
20506
20508
32831
34317
34318
21594
21595
21597
34845
34862
21626
21627
28826
21629
34877
34878
21658
21659
28882
21661
34893
34894
21690
21691
28938
21693
34749
34909
34910
21722
21723
21725
34925
34926
21754
21755
21757
34941
34942
21786
21787
21789
33507
34957
34958
22151
22152
28743
22154
35139
35140
22183
22184
29967
22186
35155
35156
22215
22216
30023
22218
35171
35172
22247
22248
30079
22250
34147
34789
35188
12019
12020
12021
12069
12101
12133
13099
13131
14063
14095
14101
14117
14125
14137
14153
14173
14181
14195
14211
14237
14399
14431
14447
14463
14511
14527
14543
16344
16376
16408
16424
17717
17749
17781
17813
19102
19134
19166
19198
20383
20415
20447
20479
20511
21632
21664
21696
21728
21760
21792
22157
22189
22221
22253
12022
30019
30077
12067
12068
12070
30099
30101
12099
12100
12102
30116
30117
12131
12132
12134
28978
30132
30133
13097
13098
13100
30599
30616
13129
13130
13132
29471
30631
30632
14061
14062
14064
31081
31098
14093
14094
14096
29955
31113
31114
14115
14116
14102
14118
31123
31125
14135
14136
14126
14138
31134
31135
14151
14152
14154
31142
31143
14171
14172
14174
31153
14193
14194
14182
14196
31164
14209
14210
14212
31172
14397
14398
14238
14400
31249
31266
14429
14430
14432
30577
31059
31281
31282
14445
14446
14448
31289
31290
14461
14462
14464
31298
14509
14510
14512
31321
31322
14525
14526
14528
31329
31330
14541
14542
14544
31338
16342
16343
16345
32221
32238
16374
16375
16377
32253
32254
16406
16407
16409
28903
32269
32270
16422
16423
16425
32278
17715
17716
17718
32924
17747
17748
17750
32939
32940
17779
17780
17782
32955
32956
17811
17812
17814
28828
32971
32972
19100
19101
19103
33599
33616
19132
19133
19135
33631
33632
19164
19165
19167
33647
33648
19196
19197
19199
32163
33663
33664
20381
20382
20384
34239
34256
20413
20414
20416
34145
34271
34272
20445
20446
20448
34287
34288
20477
20478
20480
34303
34304
20509
20510
20512
32849
34319
34320
21630
21631
21633
34863
34880
21662
21663
28885
21665
34895
34896
21694
21695
28941
21697
34768
34911
34912
21726
21727
21729
34927
34928
21758
21759
21761
34943
34944
21790
21791
21793
33525
34959
34960
22155
22156
28802
22158
35141
35142
22187
22188
29970
22190
35157
35158
22219
22220
30026
22222
35173
35174
22251
22252
30082
22254
34165
34807
35189
35190
12137
12138
12139
13135
14099
14123
14141
14157
14163
14179
14187
14199
14215
14235
14243
14257
14273
14435
14451
14467
14483
14515
14531
14547
14563
14587
16380
16412
16428
16444
17753
17785
17817
17833
19106
19138
19170
19202
20419
20451
20483
20515
21668
21700
21732
21764
21796
22161
22193
22225
22257
12140
30078
30136
13133
13134
13136
30617
30634
14097
14098
14100
31099
31116
14121
14122
14124
31126
31128
14139
14140
14142
31136
31137
14155
14156
14158
31144
31145
14177
14178
14164
14180
31154
31156
14197
14198
14188
14200
31165
31166
14213
14214
14216
31173
31174
14233
14234
14236
31184
14255
14256
14244
14258
31195
14271
14272
14274
31203
14433
14434
14436
31267
31284
14449
14450
14452
31291
31292
14465
14466
14468
31299
31300
14481
14482
14484
31308
14513
14514
14516
31323
31324
14529
14530
14532
31331
31332
14545
14546
14548
31339
31340
14561
14562
14564
31348
16378
16379
14588
16381
32239
32256
16410
16411
16413
28962
32271
32272
16426
16427
16429
32279
32280
16442
16443
16445
32288
17751
17752
17754
32925
32942
17783
17784
17786
32957
32958
17815
17816
17818
28887
32973
32974
17831
17832
17834
32982
19104
19105
19107
33618
19136
19137
19139
33633
33634
19168
19169
19171
33649
33650
19200
19201
19203
32181
33665
33666
20417
20418
20420
34257
34274
20449
20450
20452
34289
34290
20481
20482
20484
34305
34306
20513
20514
20516
32867
34321
34322
21666
21667
21669
34881
34898
21698
21699
28944
21701
34787
34913
34914
21730
21731
21733
34929
34930
21762
21763
21765
34945
34946
21794
21795
21797
33543
34961
34962
22159
22160
28861
22162
35143
35144
22191
22192
29973
22194
35159
35160
22223
22224
30029
22226
35175
35176
22255
22256
30085
22258
34183
34825
35191
35192
14103
14104
14105
14129
14145
14161
14185
14203
14219
14225
14241
14249
14261
14277
14439
14455
14471
14487
14519
14535
14551
14567
14593
14649
14775
16416
16432
16448
16464
17789
17821
17837
17853
19142
19174
19206
19222
20423
20455
20487
20519
21704
21736
21768
21800
22165
22197
22229
22261
14106
31119
14127
14128
14130
31129
31131
14143
14144
14146
31138
31139
14159
14160
14162
31146
31147
14183
14184
14186
31157
31159
14201
14202
14204
31167
31168
14217
14218
14220
31175
31176
14239
14240
14226
14242
31185
31187
14259
14260
14250
14262
31196
31197
14275
14276
14278
31204
31205
14437
14438
14440
31286
14453
14454
14456
31293
31294
14469
14470
14472
31301
31302
14485
14486
14488
31309
31310
14517
14518
14520
31326
14533
14534
14536
31333
31334
14549
14550
14552
31341
31342
14565
14566
14568
31349
31350
14773
14774
14594
14650
14776
31454
16414
16415
16417
32257
32274
16430
16431
16433
32281
32282
16446
16447
16449
32289
32290
16462
16463
16465
32298
17787
17788
17790
32943
32960
17819
17820
17822
28946
32975
32976
17835
17836
17838
32983
32984
17851
17852
17854
32992
19140
19141
19143
33619
33636
19172
19173
19175
33651
33652
19204
19205
19207
32199
33667
33668
19220
19221
19223
33676
20421
20422
20424
34276
20453
20454
20456
34291
34292
20485
20486
20488
34307
34308
20517
20518
20520
32885
34323
34324
21702
21703
21705
34899
34916
21734
21735
21737
34931
34932
21766
21767
21769
34947
34948
21798
21799
21801
33561
34963
34964
22163
22164
28920
22166
35145
35146
22195
22196
29976
22198
35161
35162
22227
22228
30032
22230
35177
35178
22259
22260
30088
22262
34201
34843
35193
35194
14165
14166
14167
14191
14207
14223
14247
14265
14281
14287
14459
14475
14491
14539
14555
14571
14591
14599
14613
14629
14655
14711
14779
14795
16420
16436
16452
16468
17825
17841
17857
17873
19178
19210
19226
19242
20459
20491
20523
20539
21708
21740
21772
21804
22169
22201
22233
22265
14168
31120
31150
14189
14190
14192
31160
31162
14205
14206
14208
31169
31170
14221
14222
14224
31177
31178
14245
14246
14248
31188
31190
14263
14264
14266
31198
31199
14279
14280
14282
31206
31207
14457
14458
14288
14460
31287
31296
14473
14474
14476
31303
31304
14489
14490
14492
31311
31312
14537
14538
14540
31327
31336
14553
14554
14556
31343
31344
14569
14570
14572
31351
31352
14589
14590
14592
31362
14611
14612
14600
14614
31373
14627
14628
14630
31381
14777
14778
14656
14712
14780
31455
31456
14793
14794
14796
31464
16418
16419
16421
32276
16434
16435
16437
32283
32284
16450
16451
16453
32291
32292
16466
16467
16469
32299
32300
17823
17824
17826
32961
32978
17839
17840
17842
32985
32986
17855
17856
17858
32993
32994
17871
17872
17874
33002
19176
19177
19179
33637
33654
19208
19209
19211
32217
33669
33670
19224
19225
19227
33677
33678
19240
19241
19243
33686
20457
20458
20460
34277
34294
20489
20490
20492
34309
34310
20521
20522
20524
32903
34325
34326
20537
20538
20540
34334
21706
21707
21709
34918
21738
21739
21741
34933
34934
21770
21771
21773
34949
34950
21802
21803
21805
33579
34965
34966
22167
22168
28979
22170
35147
35148
22199
22200
29979
22202
35163
35164
22231
22232
30035
22234
35179
35180
22263
22264
30091
22266
34219
34861
35195
35196
14227
14228
14229
14253
14269
14285
14479
14495
14559
14575
14581
14597
14605
14617
14633
14653
14661
14675
14691
14717
14783
14799
14815
16440
16456
16472
16488
17829
17845
17861
17877
19214
19230
19246
19262
20495
20527
20543
20559
21744
21776
21808
21824
22173
22205
22237
22269
14230
31151
31181
14251
14252
14254
31191
31193
14267
14268
14270
31200
31201
14283
14284
14286
31208
31209
14477
14478
14480
31297
31306
14493
14494
14496
31313
31314
14557
14558
14560
31337
31346
14573
14574
14576
31353
31354
14595
14596
14582
14598
31363
31365
14615
14616
14606
14618
31374
31375
14631
14632
14634
31382
31383
14651
14652
14654
31393
14673
14674
14662
14676
31404
14689
14690
14692
31412
14781
14782
14718
14784
31457
31458
14797
14798
14800
31465
31466
14813
14814
14816
31474
16438
16439
16441
32277
32286
16454
16455
16457
32293
32294
16470
16471
16473
32301
32302
16486
16487
16489
32310
17827
17828
17830
32980
17843
17844
17846
32987
32988
17859
17860
17862
32995
32996
17875
17876
17878
33003
33004
19212
19213
19215
33655
33672
19228
19229
19231
33679
33680
19244
19245
19247
33687
33688
19260
19261
19263
33696
20493
20494
20496
34295
34312
20525
20526
20528
32921
34327
34328
20541
20542
20544
34335
34336
20557
20558
20560
34344
21742
21743
21745
34919
34936
21774
21775
21777
34951
34952
21806
21807
21809
33597
34967
34968
21822
21823
21825
34976
22171
22172
22174
35150
22203
22204
29982
22206
35165
35166
22235
22236
30038
22238
35181
35182
22267
22268
30094
22270
34237
34879
35197
35198
14289
14290
14291
14499
14579
14603
14621
14637
14643
14659
14667
14679
14695
14715
14723
14737
14753
14787
14803
14819
14835
14875
16460
16476
16492
16508
17849
17865
17881
17897
19218
19234
19250
19266
20531
20547
20563
20579
21780
21812
21828
21844
22209
22241
22273
22289
22606
14292
29957
31182
31212
14497
14498
14500
30579
31307
31316
14577
14578
14580
31061
31347
31356
14601
14602
14604
31366
31368
14619
14620
14622
31376
31377
14635
14636
14638
31384
31385
14657
14658
14644
14660
31394
31396
14677
14678
14668
14680
31405
31406
14693
14694
14696
31413
31414
14713
14714
14716
31424
14735
14736
14724
14738
31435
14751
14752
14754
31117
31443
14785
14786
14788
31229
31459
31460
14801
14802
14804
31467
31468
14817
14818
14820
31475
31476
14833
14834
14836
31285
31325
31484
16458
16459
14876
16461
32287
32296
16474
16475
16477
32303
32304
16490
16491
16493
32311
32312
16506
16507
16509
32320
17847
17848
17850
32981
32990
17863
17864
17866
32997
32998
17879
17880
17882
33005
33006
17895
17896
17898
33014
19216
19217
19219
33674
19232
19233
19235
33681
33682
19248
19249
19251
33689
33690
19264
19265
19267
33697
33698
20529
20530
20532
34313
34330
20545
20546
20548
34337
34338
20561
20562
20564
34345
34346
20577
20578
20580
34354
21778
21779
21781
34937
34954
21810
21811
21813
33615
34969
34970
21826
21827
21829
34977
34978
21842
21843
21845
34986
22207
22208
22210
35151
35168
22239
22240
30041
22242
35183
35184
22271
22272
30097
22274
34255
34897
35199
35200
22287
22288
22290
35208
22604
22605
29958
22607
35366
14583
14584
14585
14609
14625
14641
14665
14683
14699
14705
14721
14729
14741
14757
14791
14807
14823
14839
14855
14881
14937
16480
16496
16512
16528
17869
17885
17901
17917
19238
19254
19270
19286
20535
20551
20567
20583
21816
21832
21848
21864
22245
22277
22293
22309
22610
22626
14586
31359
14607
14608
14610
30016
31369
31371
14623
14624
14626
30597
31378
31379
14639
14640
14642
31079
31386
31387
14663
14664
14666
31397
31399
14681
14682
14684
31407
31408
14697
14698
14700
31415
31416
14719
14720
14706
14722
31425
31427
14739
14740
14730
14742
31436
31437
14755
14756
14758
31148
31444
31445
14789
14790
14792
31462
14805
14806
14808
31247
31469
31470
14821
14822
14824
31477
31478
14837
14838
14840
31295
31335
31485
31486
14853
14854
14856
31494
16478
16479
14882
14938
16481
29473
32297
32306
16494
16495
16497
32313
32314
16510
16511
16513
32321
32322
16526
16527
16529
30635
32330
17867
17868
17870
32991
33000
17883
17884
17886
33007
33008
17899
17900
17902
33015
33016
17915
17916
17918
33024
19236
19237
19239
33675
33684
19252
19253
19255
33691
33692
19268
19269
19271
33699
33700
19284
19285
19287
33708
20533
20534
20536
34332
20549
20550
20552
34339
34340
20565
20566
20568
34347
34348
20581
20582
20584
34355
34356
21814
21815
21817
34955
34972
21830
21831
21833
34979
34980
21846
21847
21849
34987
34988
21862
21863
21865
34996
22243
22244
22246
35169
35186
22275
22276
30100
22278
34273
34915
35201
35202
22291
22292
22294
35209
35210
22307
22308
22310
35218
22608
22609
30017
22611
35367
35368
22624
22625
31121
22627
35376
14645
14646
14647
14671
14687
14703
14727
14745
14761
14767
14811
14827
14843
14859
14879
14887
14901
14917
14943
14999
16484
16500
16516
16532
17889
17905
17921
17937
19258
19274
19290
19306
20555
20571
20587
20603
21820
21836
21852
21868
22281
22297
22313
22329
22614
22630
22646
14648
31360
31390
14669
14670
14672
30075
31400
31402
14685
14686
14688
30615
31409
31410
14701
14702
14704
31097
31417
31418
14725
14726
14728
31428
31430
14743
14744
14746
31438
31439
14759
14760
14762
31179
31446
31447
14809
14810
14768
14812
31463
31472
14825
14826
14828
31265
31479
31480
14841
14842
14844
31305
31345
31487
31488
14857
14858
14860
31495
31496
14877
14878
14880
31506
14899
14900
14888
14902
31517
14915
14916
14918
31525
16482
16483
14944
15000
16485
32308
16498
16499
16501
30000
32315
32316
16514
16515
16517
32323
32324
16530
16531
16533
31140
32331
32332
17887
17888
17890
28981
33001
33010
17903
17904
17906
33017
33018
17919
17920
17922
33025
33026
17935
17936
17938
30137
33034
19256
19257
19259
33685
33694
19272
19273
19275
33701
33702
19288
19289
19291
33709
33710
19304
19305
19307
33718
20553
20554
20556
34333
34342
20569
20570
20572
34349
34350
20585
20586
20588
34357
34358
20601
20602
20604
34366
21818
21819
21821
34974
21834
21835
21837
34981
34982
21850
21851
21853
34989
34990
21866
21867
21869
34997
34998
22279
22280
22282
35187
35204
22295
22296
22298
35211
35212
22311
22312
22314
35219
35220
22327
22328
22330
35228
22612
22613
30076
22615
35369
35370
22628
22629
31124
22631
35377
35378
22644
22645
31152
22647
35386
14707
14708
14709
14733
14749
14765
14831
14847
14863
14869
14885
14893
14905
14921
14941
14949
14963
14979
15005
16504
16520
16536
16552
17893
17909
17925
17941
19278
19294
19310
19326
20575
20591
20607
20623
21840
21856
21872
21888
22285
22301
22317
22333
22618
22634
22650
22666
14710
31391
31421
14731
14732
14734
30134
31431
31433
14747
14748
14750
30633
31440
31441
14763
14764
14766
31115
31210
31448
31449
14829
14830
14832
31473
31482
14845
14846
14848
31283
31315
31355
31489
31490
14861
14862
14864
31497
31498
14883
14884
14870
14886
31507
31509
14903
14904
14894
14906
31518
31519
14919
14920
14922
31526
31527
14939
14940
14942
31537
14961
14962
14950
14964
31548
14977
14978
14980
31556
16502
16503
15006
16505
32309
32318
16518
16519
16521
30059
32325
32326
16534
16535
16537
31171
32333
32334
16550
16551
16553
32342
17891
17892
17894
33012
17907
17908
17910
29984
33019
33020
17923
17924
17926
33027
33028
17939
17940
17942
31132
33035
33036
19276
19277
19279
32219
33695
33704
19292
19293
19295
33711
33712
19308
19309
19311
33719
33720
19324
19325
19327
32275
33728
20573
20574
20576
34343
34352
20589
20590
20592
34359
34360
20605
20606
20608
34367
34368
20621
20622
20624
34376
21838
21839
21841
34975
34984
21854
21855
21857
34991
34992
21870
21871
21873
34999
35000
21886
21887
21889
35008
22283
22284
22286
35206
22299
22300
22302
35213
35214
22315
22316
22318
35221
35222
22331
22332
22334
35229
35230
22616
22617
30135
22619
35371
35372
22632
22633
31127
22635
35379
35380
22648
22649
31155
22651
35387
35388
22664
22665
31183
22667
35396
14769
14770
14771
14851
14867
14891
14909
14925
14931
14947
14955
14967
14983
15003
15011
15025
15041
15083
16524
16540
16556
16572
17913
17929
17945
17961
19282
19298
19314
19330
20595
20611
20627
20643
21860
21876
21892
21908
22305
22321
22337
22353
22622
22638
22654
22670
14772
31422
31452
14849
14850
14852
31483
31492
14865
14866
14868
31499
31500
14889
14890
14892
31510
31512
14907
14908
14910
31520
31521
14923
14924
14926
31528
31529
14945
14946
14932
14948
31538
31540
14965
14966
14956
14968
31549
31550
14981
14982
14984
31557
31558
15001
15002
15004
31568
15023
15024
15012
15026
31579
15039
15040
15042
31357
31461
31587
16522
16523
15084
16525
32319
32328
16538
16539
16541
30118
31202
32335
32336
16554
16555
16557
32343
32344
16570
16571
16573
32352
17911
17912
17914
33013
33022
17927
17928
17930
30043
33029
33030
17943
17944
17946
31163
33037
33038
17959
17960
17962
33046
19280
19281
19283
33706
19296
19297
19299
32237
33713
33714
19312
19313
19315
33721
33722
19328
19329
19331
32285
33729
33730
20593
20594
20596
32923
34353
34362
20609
20610
20612
34369
34370
20625
20626
20628
34377
34378
20641
20642
20644
32979
34386
21858
21859
21861
34985
34994
21874
21875
21877
35001
35002
21890
21891
21893
35009
35010
21906
21907
21909
35018
22303
22304
22306
35207
35216
22319
22320
22322
35223
35224
22335
22336
22338
35231
35232
22351
22352
22354
35240
22620
22621
22623
35374
22636
22637
31130
22639
35381
35382
22652
22653
31158
22655
35389
35390
22668
22669
31186
22671
35397
35398
14871
14872
14873
14897
14913
14929
14953
14971
14987
14993
15009
15017
15029
15045
15063
15089
15129
16544
16560
16576
16592
17933
17949
17965
17981
19302
19318
19334
19350
20599
20615
20631
20647
21880
21896
21912
21928
22325
22341
22357
22373
22642
22658
22674
22690
22943
14874
31503
14895
14896
14898
31513
31515
14911
14912
14914
31522
31523
14927
14928
14930
31530
31531
14951
14952
14954
31541
31543
14969
14970
14972
31551
31552
14985
14986
14988
31559
31560
15007
15008
14994
15010
31569
31571
15027
15028
15018
15030
31580
31581
15043
15044
15046
31388
31471
31588
31589
15061
15062
15064
31598
16542
16543
15090
15130
16545
32329
32338
16558
16559
16561
32345
32346
16574
16575
16577
32353
32354
16590
16591
16593
31317
32362
17931
17932
17934
33023
33032
17947
17948
17950
30102
31194
33039
33040
17963
17964
17966
33047
33048
17979
17980
17982
33056
19300
19301
19303
33707
33716
19316
19317
19319
32255
33723
33724
19332
19333
19335
32295
33731
33732
19348
19349
19351
33740
20597
20598
20600
34364
20613
20614
20616
32941
34371
34372
20629
20630
20632
34379
34380
20645
20646
20648
32989
34387
34388
21878
21879
21881
33617
34995
35004
21894
21895
21897
35011
35012
21910
21911
21913
35019
35020
21926
21927
21929
33673
35028
22323
22324
22326
35217
35226
22339
22340
22342
35233
35234
22355
22356
22358
35241
35242
22371
22372
22374
35250
22640
22641
22643
35375
35384
22656
22657
31161
22659
35391
35392
22672
22673
31189
22675
35399
35400
22688
22689
22691
35408
22941
22942
31118
22944
35534
14933
14934
14935
14959
14975
14991
15015
15033
15049
15055
15067
15087
15095
15109
15135
15175
16548
16564
16580
16596
17953
17969
17985
18001
19322
19338
19354
19370
20619
20635
20651
20667
21884
21900
21916
21932
22345
22361
22377
22393
22662
22678
22694
22710
22947
22963
14936
31504
31534
14957
14958
14960
31544
31546
14973
14974
14976
31553
31554
14989
14990
14992
31561
31562
15013
15014
15016
31572
31574
15031
15032
15034
31582
31583
15047
15048
15050
31419
31481
31590
31591
15065
15066
15056
15068
31599
31600
15085
15086
15088
31610
15107
15108
15096
15110
31621
16546
16547
15136
15176
16549
32340
16562
16563
16565
32347
32348
16578
16579
16581
32355
32356
16594
16595
16597
31380
32363
32364
17951
17952
17954
33033
33042
17967
17968
17970
33049
33050
17983
17984
17986
33057
33058
17999
18000
18002
31213
33066
19320
19321
19323
33717
33726
19336
19337
19339
32273
32305
33733
33734
19352
19353
19355
33741
33742
19368
19369
19371
33750
20617
20618
20620
34365
34374
20633
20634
20636
32959
34381
34382
20649
20650
20652
32999
34389
34390
20665
20666
20668
34398
21882
21883
21885
35006
21898
21899
21901
33635
35013
35014
21914
21915
21917
35021
35022
21930
21931
21933
33683
35029
35030
22343
22344
22346
34275
35227
35236
22359
22360
22362
35243
35244
22375
22376
22378
35251
35252
22391
22392
22394
34331
35260
22660
22661
22663
35385
35394
22676
22677
31192
22679
35401
35402
22692
22693
22695
35409
35410
22708
22709
22711
35418
22945
22946
31149
22948
35535
35536
22961
22962
31361
22964
35544
14995
14996
14997
15021
15037
15053
15071
15077
15093
15101
15113
15133
15141
15155
15181
16568
16584
16600
16616
17957
17973
17989
18005
19342
19358
19374
19390
20639
20655
20671
20687
21904
21920
21936
21952
22349
22365
22381
22397
22682
22698
22714
22730
22951
22967
22983
14998
31535
31565
15019
15020
15022
31575
31577
15035
15036
15038
31584
31585
15051
15052
15054
31450
31491
31592
31593
15069
15070
15072
31601
31602
15091
15092
15078
15094
31611
31613
15111
15112
15102
15114
31622
31623
15131
15132
15134
31633
15153
15154
15142
15156
31644
16566
16567
15182
16569
32341
32350
16582
16583
16585
32357
32358
16598
16599
16601
31411
32365
32366
16614
16615
16617
32374
17955
17956
17958
33044
17971
17972
17974
33051
33052
17987
17988
17990
33059
33060
18003
18004
18006
31372
33067
33068
19340
19341
19343
33727
33736
19356
19357
19359
33743
33744
19372
19373
19375
33751
33752
19388
19389
19391
32307
33760
20637
20638
20640
34375
34384
20653
20654
20656
32977
33009
34391
34392
20669
20670
20672
34399
34400
20685
20686
20688
34408
21902
21903
21905
35007
35016
21918
21919
21921
33653
35023
35024
21934
21935
21937
33693
35031
35032
21950
21951
21953
35040
22347
22348
22350
35238
22363
22364
22366
34293
35245
35246
22379
22380
22382
35253
35254
22395
22396
22398
34341
35261
35262
22680
22681
22683
34917
35395
35404
22696
22697
22699
35411
35412
22712
22713
22715
35419
35420
22728
22729
22731
34973
35428
22949
22950
31180
22952
35537
35538
22965
22966
31364
22968
35545
35546
22981
22982
31392
22984
35554
15057
15058
15059
15075
15099
15117
15123
15139
15147
15159
15179
15187
15201
15227
16588
16604
16620
16636
17977
17993
18009
18025
19346
19362
19378
19394
20659
20675
20691
20707
21924
21940
21956
21972
22369
22385
22401
22417
22686
22702
22718
22734
22955
22971
22987
23003
15060
31566
31596
15073
15074
15076
31603
31604
15097
15098
15100
31614
31616
15115
15116
15118
31624
31625
15137
15138
15124
15140
31634
31636
15157
15158
15148
15160
31645
31646
15177
15178
15180
31656
15199
15200
15188
15202
31501
31667
16586
16587
15228
16589
32351
32360
16602
16603
16605
31442
32367
32368
16618
16619
16621
32375
32376
16634
16635
16637
32384
17975
17976
17978
33045
33054
17991
17992
17994
33061
33062
18007
18008
18010
31403
33069
33070
18023
18024
18026
33078
19344
19345
19347
33738
19360
19361
19363
33745
33746
19376
19377
19379
33753
33754
19392
19393
19395
32317
33761
33762
20657
20658
20660
34385
34394
20673
20674
20676
34401
34402
20689
20690
20692
34409
34410
20705
20706
20708
33011
34418
21922
21923
21925
35017
35026
21938
21939
21941
33671
33703
35033
35034
21954
21955
21957
35041
35042
21970
21971
21973
35050
22367
22368
22370
35239
35248
22383
22384
22386
34311
35255
35256
22399
22400
22402
34351
35263
35264
22415
22416
22418
35272
22684
22685
22687
35406
22700
22701
22703
34935
35413
35414
22716
22717
22719
35421
35422
22732
22733
22735
34983
35429
35430
22953
22954
31211
22956
35149
35539
35540
22969
22970
31367
22972
35547
35548
22985
22986
31395
22988
35555
35556
23001
23002
31423
23004
35205
35373
35564
15079
15080
15081
15105
15121
15145
15163
15169
15185
15193
15205
15233
15257
16608
16624
16640
16656
17997
18013
18029
18045
19366
19382
19398
19414
20663
20679
20695
20711
21944
21960
21976
21992
22389
22405
22421
22437
22706
22722
22738
22754
22959
22975
22991
23007
15082
31607
15103
15104
15106
31617
31619
15119
15120
15122
31626
31627
15143
15144
15146
31637
31639
15161
15162
15164
31647
31648
15183
15184
15170
15186
31657
31659
15203
15204
15194
15206
31532
31668
31669
16606
16607
15234
15258
16609
32361
32370
16622
16623
16625
32377
32378
16638
16639
16641
32385
32386
16654
16655
16657
31493
32394
17995
17996
17998
33055
33064
18011
18012
18014
31434
33071
33072
18027
18028
18030
33079
33080
18043
18044
18046
33088
19364
19365
19367
33739
33748
19380
19381
19383
33755
33756
19396
19397
19399
32327
33763
33764
19412
19413
19415
33772
20661
20662
20664
34396
20677
20678
20680
34403
34404
20693
20694
20696
34411
34412
20709
20710
20712
33021
34419
34420
21942
21943
21945
35027
35036
21958
21959
21961
35043
35044
21974
21975
21977
35051
35052
21990
21991
21993
33705
35060
22387
22388
22390
35249
35258
22403
22404
22406
34329
34361
35265
35266
22419
22420
22422
35273
35274
22435
22436
22438
35282
22704
22705
22707
35407
35416
22720
22721
22723
34953
35423
35424
22736
22737
22739
34993
35431
35432
22752
22753
22755
35440
22957
22958
22960
35542
22973
22974
31370
22976
35167
35549
35550
22989
22990
31398
22992
35557
35558
23005
23006
31426
23008
35215
35383
35565
35566
15125
15126
15127
15151
15167
15191
15209
15215
15231
15239
15263
15287
16612
16628
16644
16660
18017
18033
18049
18065
19386
19402
19418
19434
20683
20699
20715
20731
21948
21964
21980
21996
22409
22425
22441
22457
22726
22742
22758
22774
22979
22995
23011
23027
23216
15128
31608
31630
15149
15150
15152
31640
31642
15165
15166
15168
31649
31650
15189
15190
15192
31660
31662
15207
15208
15210
31563
31670
31671
15229
15230
15216
15232
31682
16610
16611
15240
15264
15288
16613
32372
16626
16627
16629
32379
32380
16642
16643
16645
32387
32388
16658
16659
16661
31524
32395
32396
18015
18016
18018
33065
33074
18031
18032
18034
33081
33082
18047
18048
18050
33089
33090
18063
18064
18066
31453
33098
19384
19385
19387
33749
33758
19400
19401
19403
32337
33765
33766
19416
19417
19419
33773
33774
19432
19433
19435
33782
20681
20682
20684
34397
34406
20697
20698
20700
34413
34414
20713
20714
20716
33031
34421
34422
20729
20730
20732
34430
21946
21947
21949
35038
21962
21963
21965
35045
35046
21978
21979
21981
35053
35054
21994
21995
21997
33715
35061
35062
22407
22408
22410
35259
35268
22423
22424
22426
35275
35276
22439
22440
22442
35283
35284
22455
22456
22458
34363
35292
22724
22725
22727
35417
35426
22740
22741
22743
34971
35003
35433
35434
22756
22757
22759
35441
35442
22772
22773
22775
35450
22977
22978
22980
35543
35552
22993
22994
31401
22996
35185
35559
35560
23009
23010
31429
23012
35225
35393
35567
35568
23025
23026
23028
35576
23214
23215
31358
23217
35670
15171
15172
15173
15197
15213
15221
15237
15245
15261
15269
15293
16632
16648
16664
16680
18021
18037
18053
18069
19406
19422
19438
19454
20703
20719
20735
20751
21968
21984
22000
22016
22413
22429
22445
22461
22746
22762
22778
22794
22999
23015
23031
23047
23220
23236
15174
31631
31653
15195
15196
15198
31663
31665
15211
15212
15214
31594
31672
31673
15235
15236
15222
15238
31683
31685
15259
15260
15246
15262
31697
16630
16631
15270
15294
16633
32373
32382
16646
16647
16649
32389
32390
16662
16663
16665
31555
32397
32398
16678
16679
16681
32406
18019
18020
18022
33076
18035
18036
18038
33083
33084
18051
18052
18054
33091
33092
18067
18068
18070
31516
33099
33100
19404
19405
19407
33759
33768
19420
19421
19423
33775
33776
19436
19437
19439
33783
33784
19452
19453
19455
32339
33792
20701
20702
20704
34407
34416
20717
20718
20720
33041
34423
34424
20733
20734
20736
34431
34432
20749
20750
20752
34440
21966
21967
21969
35039
35048
21982
21983
21985
35055
35056
21998
21999
22001
33725
35063
35064
22014
22015
22017
35072
22411
22412
22414
35270
22427
22428
22430
35277
35278
22443
22444
22446
35285
35286
22459
22460
22462
34373
35293
35294
22744
22745
22747
35427
35436
22760
22761
22763
35443
35444
22776
22777
22779
35451
35452
22792
22793
22795
35005
35460
22997
22998
23000
35553
35562
23013
23014
31432
23016
35203
35235
35403
35569
35570
23029
23030
23032
35577
35578
23045
23046
23048
35586
23218
23219
31389
23221
35671
35672
23234
23235
31505
23237
35680
15217
15218
15219
15243
15251
15267
15275
15291
15299
16652
16668
16684
16700
18041
18057
18073
18089
19410
19426
19442
19458
20723
20739
20755
20771
21988
22004
22020
22036
22433
22449
22465
22481
22750
22766
22782
22798
23019
23035
23051
23067
23224
23240
23256
15220
31654
31676
15241
15242
15244
31686
31688
15265
15266
15252
15268
31698
31700
15289
15290
15276
15292
31712
16650
16651
15300
16653
32383
32392
16666
16667
16669
31586
32399
32400
16682
16683
16685
32407
32408
16698
16699
16701
32416
18039
18040
18042
33077
33086
18055
18056
18058
33093
33094
18071
18072
18074
31547
33101
33102
18087
18088
18090
33110
19408
19409
19411
33770
19424
19425
19427
33777
33778
19440
19441
19443
33785
33786
19456
19457
19459
32349
33793
33794
20721
20722
20724
34417
34426
20737
20738
20740
34433
34434
20753
20754
20756
34441
34442
20769
20770
20772
33043
34450
21986
21987
21989
35049
35058
22002
22003
22005
33735
35065
35066
22018
22019
22021
35073
35074
22034
22035
22037
35082
22431
22432
22434
35271
35280
22447
22448
22450
35287
35288
22463
22464
22466
34383
35295
35296
22479
22480
22482
35304
22748
22749
22751
35438
22764
22765
22767
35445
35446
22780
22781
22783
35453
35454
22796
22797
22799
35015
35461
35462
23017
23018
23020
35563
35572
23033
23034
23036
35579
35580
23049
23050
23052
35587
35588
23065
23066
23068
35237
35596
23222
23223
31420
23225
35673
35674
23238
23239
31508
23241
35681
35682
23254
23255
31536
23257
35690
15223
15224
15225
15249
15273
15281
15297
15305
16672
16688
16704
16720
18061
18077
18093
18109
19430
19446
19462
19478
20727
20743
20759
20775
22008
22024
22040
22056
22453
22469
22485
22501
22770
22786
22802
22818
23023
23039
23055
23071
23228
23244
23260
23276
15226
31679
15247
15248
15250
31689
31691
15271
15272
15274
31701
31703
15295
15296
15282
15298
31713
31715
16670
16671
15306
16673
32393
32402
16686
16687
16689
32409
32410
16702
16703
16705
32417
32418
16718
16719
16721
31605
32426
18059
18060
18062
33087
33096
18075
18076
18078
31578
33103
33104
18091
18092
18094
33111
33112
18107
18108
18110
33120
19428
19429
19431
33771
33780
19444
19445
19447
33787
33788
19460
19461
19463
32359
33795
33796
19476
19477
19479
33804
20725
20726
20728
34428
20741
20742
20744
34435
34436
20757
20758
20760
34443
34444
20773
20774
20776
33053
34451
34452
22006
22007
22009
35059
35068
22022
22023
22025
35075
35076
22038
22039
22041
35083
35084
22054
22055
22057
33737
35092
22451
22452
22454
35281
35290
22467
22468
22470
34393
35297
35298
22483
22484
22486
35305
35306
22499
22500
22502
35314
22768
22769
22771
35439
35448
22784
22785
22787
35455
35456
22800
22801
22803
35025
35463
35464
22816
22817
22819
35472
23021
23022
23024
35574
23037
23038
23040
35581
35582
23053
23054
23056
35589
35590
23069
23070
23072
35247
35597
35598
23226
23227
31451
23229
35675
35676
23242
23243
31511
23245
35683
35684
23258
23259
31539
23261
35691
35692
23274
23275
31567
23277
35405
35541
35700
15253
15254
15255
15279
15303
15311
16676
16692
16708
16724
18081
18097
18113
18129
19450
19466
19482
19498
20747
20763
20779
20795
22012
22028
22044
22060
22473
22489
22505
22521
22790
22806
22822
22838
23043
23059
23075
23091
23232
23248
23264
23280
15256
31680
31694
15277
15278
15280
31704
31706
15301
15302
15304
31716
31718
16674
16675
15312
16677
32404
16690
16691
16693
32411
32412
16706
16707
16709
32419
32420
16722
16723
16725
31628
32427
32428
18079
18080
18082
33097
33106
18095
18096
18098
33113
33114
18111
18112
18114
33121
33122
18127
18128
18130
31597
33130
19448
19449
19451
33781
33790
19464
19465
19467
32369
33797
33798
19480
19481
19483
33805
33806
19496
19497
19499
33814
20745
20746
20748
34429
34438
20761
20762
20764
34445
34446
20777
20778
20780
33063
34453
34454
20793
20794
20796
34462
22010
22011
22013
35070
22026
22027
22029
35077
35078
22042
22043
22045
35085
35086
22058
22059
22061
33747
35093
35094
22471
22472
22474
35291
35300
22487
22488
22490
35307
35308
22503
22504
22506
35315
35316
22519
22520
22522
34395
35324
22788
22789
22791
35449
35458
22804
22805
22807
35035
35465
35466
22820
22821
22823
35473
35474
22836
22837
22839
35482
23041
23042
23044
35575
35584
23057
23058
23060
35591
35592
23073
23074
23076
35257
35599
35600
23089
23090
23092
35608
23230
23231
23233
35678
23246
23247
31514
23249
35685
35686
23262
23263
31542
23265
35693
35694
23278
23279
31570
23281
35415
35551
35701
35702
15283
15284
15285
15309
16696
16712
16728
18085
18101
18117
18133
19470
19486
19502
19518
20767
20783
20799
20815
22032
22048
22064
22080
22477
22493
22509
22525
22810
22826
22842
22858
23063
23079
23095
23111
23252
23268
23284
23300
23425
15286
31695
31709
15307
15308
15310
31719
31721
16694
16695
16697
32405
32414
16710
16711
16713
32421
32422
16726
16727
16729
31651
32429
32430
18083
18084
18086
33108
18099
18100
18102
33115
33116
18115
18116
18118
33123
33124
18131
18132
18134
31620
33131
33132
19468
19469
19471
33791
33800
19484
19485
19487
33807
33808
19500
19501
19503
33815
33816
19516
19517
19519
32371
33824
20765
20766
20768
34439
34448
20781
20782
20784
33073
34455
34456
20797
20798
20800
34463
34464
20813
20814
20816
34472
22030
22031
22033
35071
35080
22046
22047
22049
35087
35088
22062
22063
22065
33757
35095
35096
22078
22079
22081
35104
22475
22476
22478
35302
22491
22492
22494
35309
35310
22507
22508
22510
35317
35318
22523
22524
22526
34405
35325
35326
22808
22809
22811
35459
35468
22824
22825
22827
35475
35476
22840
22841
22843
35483
35484
22856
22857
22859
35037
35492
23061
23062
23064
35585
35594
23077
23078
23080
35267
35601
35602
23093
23094
23096
35609
35610
23109
23110
23112
35618
23250
23251
23253
35679
35688
23266
23267
31545
23269
35695
35696
23282
23283
31573
23285
35425
35561
35703
35704
23298
23299
23301
35712
23423
23424
31502
23426
35774
15313
15314
15315
16716
16732
18105
18121
18137
19474
19490
19506
19522
20787
20803
20819
20835
22052
22068
22084
22100
22497
22513
22529
22545
22814
22830
22846
22862
23083
23099
23115
23131
23272
23288
23304
23320
23429
23445
15316
31710
31724
16714
16715
16717
32415
32424
16730
16731
16733
31674
32431
32432
18103
18104
18106
33109
33118
18119
18120
18122
33125
33126
18135
18136
18138
31643
33133
33134
19472
19473
19475
33802
19488
19489
19491
33809
33810
19504
19505
19507
33817
33818
19520
19521
19523
32381
33825
33826
20785
20786
20788
34449
34458
20801
20802
20804
34465
34466
20817
20818
20820
34473
34474
20833
20834
20836
33075
34482
22050
22051
22053
35081
35090
22066
22067
22069
33767
35097
35098
22082
22083
22085
35105
35106
22098
22099
22101
35114
22495
22496
22498
35303
35312
22511
22512
22514
35319
35320
22527
22528
22530
34415
35327
35328
22543
22544
22546
35336
22812
22813
22815
35470
22828
22829
22831
35477
35478
22844
22845
22847
35485
35486
22860
22861
22863
35047
35493
35494
23081
23082
23084
35595
35604
23097
23098
23100
35611
35612
23113
23114
23116
35619
35620
23129
23130
23132
35269
35628
23270
23271
23273
35689
35698
23286
23287
31576
23289
35435
35571
35705
35706
23302
23303
23305
35713
35714
23318
23319
23321
35722
23427
23428
31533
23430
35775
35776
23443
23444
31609
23446
35784
16734
16735
16736
18125
18141
19494
19510
19526
20791
20807
20823
20839
22072
22088
22104
22120
22517
22533
22549
22565
22834
22850
22866
22882
23087
23103
23119
23135
23292
23308
23324
23340
23433
23449
23465
15317
31725
16737
32425
32434
18123
18124
18126
33119
33128
18139
18140
18142
31666
33135
33136
19492
19493
19495
33803
33812
19508
19509
19511
33819
33820
19524
19525
19527
32391
33827
33828
20789
20790
20792
34460
20805
20806
20808
34467
34468
20821
20822
20824
34475
34476
20837
20838
20840
33085
34483
34484
22070
22071
22073
35091
35100
22086
22087
22089
35107
35108
22102
22103
22105
35115
35116
22118
22119
22121
33769
35124
22515
22516
22518
35313
35322
22531
22532
22534
34425
35329
35330
22547
22548
22550
35337
35338
22563
22564
22566
35346
22832
22833
22835
35471
35480
22848
22849
22851
35487
35488
22864
22865
22867
35057
35495
35496
22880
22881
22883
35504
23085
23086
23088
35606
23101
23102
23104
35613
35614
23117
23118
23120
35621
35622
23133
23134
23136
35279
35629
35630
23290
23291
23293
35699
35708
23306
23307
23309
35715
35716
23322
23323
23325
35723
35724
23338
23339
23341
35437
35732
23431
23432
31564
23434
35777
35778
23447
23448
31612
23450
35785
35786
23463
23464
31632
23466
35794
18143
18144
18145
19514
19530
20811
20827
20843
22076
22092
22108
22124
22537
22553
22569
22585
22854
22870
22886
22902
23107
23123
23139
23155
23296
23312
23328
23344
23437
23453
23469
23485
16738
32435
18146
33129
33138
19512
19513
19515
33813
33822
19528
19529
19531
32401
33829
33830
20809
20810
20812
34461
34470
20825
20826
20828
34477
34478
20841
20842
20844
33095
34485
34486
22074
22075
22077
35102
22090
22091
22093
35109
35110
22106
22107
22109
35117
35118
22122
22123
22125
33779
35125
35126
22535
22536
22538
35323
35332
22551
22552
22554
35339
35340
22567
22568
22570
35347
35348
22583
22584
22586
34427
35356
22852
22853
22855
35481
35490
22868
22869
22871
35067
35497
35498
22884
22885
22887
35505
35506
22900
22901
22903
35514
23105
23106
23108
35607
35616
23121
23122
23124
35623
35624
23137
23138
23140
35289
35631
35632
23153
23154
23156
35640
23294
23295
23297
35710
23310
23311
23313
35717
35718
23326
23327
23329
35725
35726
23342
23343
23345
35447
35733
35734
23435
23436
31595
23438
35779
35780
23451
23452
31615
23454
35787
35788
23467
23468
31635
23470
35795
35796
23483
23484
31655
23486
35573
35677
35804
19532
19533
19534
20831
20847
22096
22112
22128
22541
22557
22573
22589
22874
22890
22906
22922
23127
23143
23159
23175
23316
23332
23348
23364
23441
23457
23473
23489
18147
33139
19535
33823
33832
20829
20830
20832
34471
34480
20845
20846
20848
33105
34487
34488
22094
22095
22097
35103
35112
22110
22111
22113
35119
35120
22126
22127
22129
33789
35127
35128
22539
22540
22542
35334
22555
22556
22558
35341
35342
22571
22572
22574
35349
35350
22587
22588
22590
34437
35357
35358
22872
22873
22875
35491
35500
22888
22889
22891
35507
35508
22904
22905
22907
35515
35516
22920
22921
22923
35069
35524
23125
23126
23128
35617
35626
23141
23142
23144
35299
35633
35634
23157
23158
23160
35641
35642
23173
23174
23176
35650
23314
23315
23317
35711
35720
23330
23331
23333
35727
35728
23346
23347
23349
35457
35735
35736
23362
23363
23365
35744
23439
23440
23442
35782
23455
23456
31618
23458
35789
35790
23471
23472
31638
23474
35797
35798
23487
23488
31658
23490
35583
35687
35805
35806
20849
20850
20851
22116
22132
22561
22577
22593
22878
22894
22910
22926
23147
23163
23179
23195
23336
23352
23368
23384
23461
23477
23493
23509
23570
19536
33833
20852
34481
34490
22114
22115
22117
35113
35122
22130
22131
22133
33799
35129
35130
22559
22560
22562
35335
35344
22575
22576
22578
35351
35352
22591
22592
22594
34447
35359
35360
22876
22877
22879
35502
22892
22893
22895
35509
35510
22908
22909
22911
35517
35518
22924
22925
22927
35079
35525
35526
23145
23146
23148
35627
35636
23161
23162
23164
35643
35644
23177
23178
23180
35651
35652
23193
23194
23196
35301
35660
23334
23335
23337
35721
35730
23350
23351
23353
35467
35737
35738
23366
23367
23369
35745
35746
23382
23383
23385
35754
23459
23460
23462
35783
35792
23475
23476
31641
23478
35799
35800
23491
23492
31661
23494
35593
35697
35807
35808
23507
23508
23510
35816
23568
23569
31606
23571
35846
22134
22135
22136
22581
22597
22898
22914
22930
23151
23167
23183
23199
23356
23372
23388
23404
23481
23497
23513
23529
23574
23590
20853
34491
22137
35123
35132
22579
22580
22582
35345
35354
22595
22596
22598
34457
35361
35362
22896
22897
22899
35503
35512
22912
22913
22915
35519
35520
22928
22929
22931
35089
35527
35528
23149
23150
23152
35638
23165
23166
23168
35645
35646
23181
23182
23184
35653
35654
23197
23198
23200
35311
35661
35662
23354
23355
23357
35731
35740
23370
23371
23373
35747
35748
23386
23387
23389
35755
35756
23402
23403
23405
35469
35764
23479
23480
23482
35793
35802
23495
23496
31664
23498
35603
35707
35809
35810
23511
23512
23514
35817
35818
23527
23528
23530
35826
23572
23573
31629
23575
35847
35848
23588
23589
31681
23591
35856
22599
22600
22601
22918
22934
23171
23187
23203
23360
23376
23392
23408
23501
23517
23533
23549
23578
23594
23610
22138
35133
22602
35355
35364
22916
22917
22919
35513
35522
22932
22933
22935
35099
35529
35530
23169
23170
23172
35639
35648
23185
23186
23188
35655
35656
23201
23202
23204
35321
35663
35664
23358
23359
23361
35742
23374
23375
23377
35749
35750
23390
23391
23393
35757
35758
23406
23407
23409
35479
35765
35766
23499
23500
23502
35803
35812
23515
23516
23518
35819
35820
23531
23532
23534
35827
35828
23547
23548
23550
35605
35836
23576
23577
31652
23579
35849
35850
23592
23593
31684
23595
35857
35858
23608
23609
31696
23611
35866
22936
22937
22938
23191
23207
23380
23396
23412
23505
23521
23537
23553
23582
23598
23614
23630
23649
22603
35365
22939
35523
35532
23189
23190
23192
35649
35658
23205
23206
23208
35331
35665
35666
23378
23379
23381
35743
35752
23394
23395
23397
35759
35760
23410
23411
23413
35489
35767
35768
23503
23504
23506
35814
23519
23520
23522
35821
35822
23535
23536
23538
35829
35830
23551
23552
23554
35615
35837
35838
23580
23581
31675
23583
35851
35852
23596
23597
31687
23599
35859
35860
23612
23613
31699
23615
35867
35868
23628
23629
31711
23631
35709
35781
35876
23209
23210
23650
23211
23400
23416
23525
23541
23557
23586
23602
23618
23634
23655
22940
35533
23212
35659
35668
23398
23399
23401
35753
35762
23414
23415
23417
35499
35769
35770
23523
23524
23526
35815
35824
23539
23540
23542
35831
35832
23555
23556
23558
35625
35839
35840
23584
23585
31678
23587
35854
23600
23601
31690
23603
35861
35862
23616
23617
31702
23619
35869
35870
23632
23633
31714
23635
35719
35791
35877
35878
23418
23419
23656
23420
23545
23561
23606
23622
23638
23653
23661
23213
35669
23421
35763
35772
23543
23544
23546
35825
35834
23559
23560
23562
35635
35841
35842
23604
23605
31693
23607
35855
35864
23620
23621
31705
23623
35871
35872
23636
23637
31717
23639
35729
35801
35879
35880
23651
23652
23654
35887
23563
23564
23662
23565
23626
23642
23659
23667
23676
23422
35773
23566
35835
35844
23624
23625
31708
23627
35865
35874
23640
23641
31720
23643
35739
35811
35881
35882
23657
23658
23660
35888
35890
23674
23675
23668
23677
35898
23644
23645
31723
23646
23665
23680
23693
23567
35845
23647
35875
35884
23663
23664
23666
35891
35893
23678
23679
23681
35899
35900
23691
23692
23694
35906
23669
23670
23671
23684
23697
23710
23648
35885
23672
35894
35896
23682
23683
23685
35901
35902
23695
23696
23698
35907
35908
23708
23709
23711
35914
23686
23687
23688
23701
23714
23727
23673
35897
23689
35903
35904
23699
23700
23702
35909
35910
23712
23713
23715
35915
35916
23725
23726
23728
35922
23703
23704
23705
23718
23731
23744
23690
35905
23706
35911
35912
23716
23717
23719
35917
35918
23729
23730
23732
35923
35924
23742
23743
23745
35930
23720
23721
23722
23735
23748
23761
23707
35913
23723
35919
35920
23733
23734
23736
35925
35926
23746
23747
23749
35931
35932
23759
23760
23762
35938
23737
23738
23739
23752
23765
23778
23724
35921
23740
35927
35928
23750
23751
23753
35933
35934
23763
23764
23766
35939
35940
23776
23777
23779
35946
23754
23755
23756
23769
23782
23795
23741
35929
23757
35935
35936
23767
23768
23770
35941
35942
23780
23781
23783
35947
35948
23793
23794
23796
35954
23771
23772
23773
23786
23799
23812
23758
35937
23774
35943
35944
23784
23785
23787
35949
35950
23797
23798
23800
35955
35956
23810
23811
23813
35962
23788
23789
23790
23803
23816
23829
23861
23775
35945
23791
35951
35952
23801
23802
23804
35957
35958
23814
23815
23817
35963
35964
23827
23828
23830
35970
23805
23806
23862
23807
23820
23833
23846
23867
23792
35953
23808
35959
35960
23818
23819
23821
35965
35966
23831
23832
23834
35971
35972
23844
23845
35886
23847
35978
23822
23823
23868
23824
23837
23850
23865
23873
23809
35961
23825
35967
35968
23835
23836
23838
35973
35974
23848
23849
35889
23851
35979
35980
23863
23864
23866
31677
35987
23839
23840
23874
3584
23841
23854
23871
23879
23888
3585
23826
35969
23842
35975
35976
23852
23853
35892
23855
35981
35982
23869
23870
23872
31692
35988
35990
23886
23887
23880
23889
32403
35998
23856
23857
35895
3616
3815
23858
23877
23892
23905
3617
3816
23843
35977
23859
35983
35984
23875
23876
23878
31707
35991
35993
23890
23891
23893
32413
35999
36000
23903
23904
23906
33107
36006
3586
3587
25865
3588
3648
3821
3864
23883
23896
23909
23922
3589
25866
23881
23882
3649
3822
3865
23860
35985
23884
31722
35994
35996
23894
23895
23897
32423
36001
36002
23907
23908
23910
33117
36007
36008
23920
23921
23923
33801
36014
3618
3619
25881
3620
3680
3819
3827
3870
3913
4011
23900
23913
23926
23939
3621
25867
25882
3817
3818
25980
3681
3820
25981
23898
23899
3828
3871
3914
4012
23885
35997
23901
32433
36003
36004
23911
23912
23914
33127
36009
36010
23924
23925
23927
33811
36015
36016
23937
23938
23940
34459
36022
3650
3651
25897
3652
3712
3825
3833
3868
3876
3919
3962
4017
4037
23917
23930
23943
23956
3653
25883
25898
3823
3824
25983
3713
3826
25982
25984
3866
3867
26004
3834
3869
26005
23915
23916
3877
3920
3963
4018
4038
23902
36005
23918
33137
36011
36012
23928
23929
23931
33821
36017
36018
23941
23942
23944
34469
36023
36024
23954
23955
23957
35101
36030
3682
3683
25913
3684
3744
3831
3839
3874
3882
3917
3925
3968
4015
4025
4031
4043
23934
23947
23960
23973
3685
25899
25914
3829
3830
25986
3745
3832
25985
25987
3872
3873
26007
3840
3875
26006
26008
3915
3916
26028
3883
3918
26029
4013
4014
3926
3969
4016
26077
4023
4024
4026
26082
23932
23933
4032
4044
23919
36013
23935
33831
36019
36020
23945
23946
23948
34479
36025
36026
23958
23959
23961
35111
36031
36032
23971
23972
23974
35333
36038
3714
3715
25929
3716
3776
3837
3845
3880
3888
3923
3931
3966
3974
4021
4029
4041
4051
4057
4066
23951
23964
23977
23990
3717
25915
25930
3835
3836
25989
3777
3838
25988
25990
3878
3879
26010
3846
3881
26009
26011
3921
3922
26031
3889
3924
26030
26032
3964
3965
26052
3932
3967
25864
26053
4019
4020
3975
4022
26078
26080
4027
4028
4030
26083
26084
4039
4040
4042
26090
4049
4050
4052
25713
26095
4064
4065
26076
4058
4067
26102
23949
23950
23936
36021
23952
34489
36027
36028
23962
23963
23965
35121
36033
36034
23975
23976
23978
35343
36039
36040
23988
23989
23991
35501
36046
3746
3747
25945
3748
3808
3843
3851
3886
3894
3929
3937
3972
3980
4035
4047
4055
4070
4078
23968
23981
23994
24007
3749
25931
25946
3841
3842
25992
3809
3844
25991
25993
3884
3885
26013
3852
3887
26012
26014
3927
3928
26034
3895
3930
26033
26035
3970
3971
26055
3938
3973
25880
26054
26056
4033
4034
3981
4036
26087
4045
4046
4048
26091
26093
4053
4054
4056
25719
26096
26097
4068
4069
26079
4071
26103
26104
4076
4077
26089
4079
25376
25687
26108
23966
23967
23953
36029
23969
35131
36035
36036
23979
23980
23982
35353
36041
36042
23992
23993
23995
35511
36047
36048
24005
24006
24008
35637
36054
3778
3779
25961
3780
3849
3857
3892
3900
3935
3943
3978
3986
4061
4074
4082
4098
23985
23998
24011
24024
3781
25947
25962
3847
3848
25995
3850
25994
25996
3890
3891
26016
3858
3893
26015
26017
3933
3934
26037
3901
3936
26036
26038
3976
3977
26058
3944
3979
25896
26057
26059
4059
4060
3987
4062
26088
26100
4072
4073
4075
26106
4080
4081
26092
4083
25702
25706
26109
26110
23983
23984
4099
23970
36037
23986
35363
36043
36044
23996
23997
23999
35521
36049
36050
24009
24010
24012
35647
36055
36056
24022
24023
24025
35741
36062
3810
3811
25977
3812
3855
3898
3906
3941
3949
3984
3992
4086
4091
4104
24002
24015
24028
24041
3813
25963
25978
3853
3854
25998
3856
25997
25999
3896
3897
26019
3899
26018
26020
3939
3940
26040
3907
3942
26039
26041
3982
3983
26061
3950
3985
25912
26060
26062
4084
4085
3993
4063
26101
4087
26107
26112
4089
4090
26086
4092
26114
24000
24001
4105
23987
36045
24003
35531
36051
36052
24013
24014
24016
35657
36057
36058
24026
24027
24029
35751
36063
36064
24039
24040
24042
35813
36070
3859
3860
26001
3861
3904
3947
3955
3990
3998
4095
4102
24019
24032
24045
24058
3814
25979
3862
26000
26002
3902
3903
26022
3905
26021
26023
3945
3946
26043
3948
26042
26044
3988
3989
26064
3956
3991
25928
26063
26065
4093
4094
26099
3999
4088
26113
4096
26115
26116
4100
4101
4103
26119
24017
24018
24004
36053
24020
35667
36059
36060
24030
24031
24033
35761
36065
36066
24043
24044
24046
35823
36071
36072
24056
24057
35986
24059
35853
36078
3908
3909
26025
3910
3953
3996
4004
4108
4113
24036
24049
24062
3863
26003
3911
26024
26026
3951
3952
26046
3954
26045
26047
3994
3995
26067
3997
25944
26066
26068
4106
4107
4005
4097
26117
4109
26120
26122
4111
4112
4114
26085
26124
24034
24035
24021
36061
24037
35771
36067
36068
24047
24048
24050
35833
36073
36074
24060
24061
35989
24063
35863
36079
36080
3957
3958
26049
3959
4002
4117
4122
24053
24066
3912
26027
3960
26048
26050
4000
4001
26070
4003
25960
26069
26071
4115
4116
4110
26123
4118
26098
26125
26126
4120
4121
26118
4123
26081
26105
26128
24051
24052
24038
36069
24054
35843
36075
36076
24064
24065
35992
24067
35873
36081
36082
4006
4007
26073
4008
4126
24070
3961
26051
4009
25976
26072
26074
4124
4125
26121
4119
26127
4127
26094
26111
26129
26130
24068
24069
35995
24055
36077
24071
35883
36083
36084
4010
26075
4128
26131
24072
36085
